Track URI,Track Name,Album Name,Artist Name(s),Release Date,Duration (ms),Popularity,Explicit,Added By,Added At,Genres,Record Label,Danceability,Energy,Key,Loudness,Mode,Speechiness,Acousticness,Instrumentalness,Liveness,Valence,Tempo,Time Signature
spotify:track:6MBuQATbbJpc8ap9GaBghg,"Perfume De Cebola","World Masters: L'annee Du Bresil, Vol. 2","Filo",2005-11-18,224973,0,false,1130795251,2013-07-13T13:11:51Z,"trance,mahraganat","Carinco AG",0.597,0.704,1,-12.561,0,0.0735,0.595,0,0.145,0.901,108.956,4
spotify:track:1obau7YVq9ocJhG7caEC9w,"Guarapiranga","Outro Lugar","Toco",2007-06-19,311130,43,false,1130795251,2013-07-13T13:13:47Z,"bossa nova,brazilian jazz","Schema Records",0.702,0.815,2,-7.731,0,0.0387,0.684,0.566,0.111,0.818,96.015,4
spotify:track:7E26bY2VRYa0XvkpCyy3np,"Batucada","The Best Of Sergio Mendes","Sergio Mendes & Brasil '66",2009-01-01,140013,2,false,1130795251,2013-07-13T13:13:57Z,"bossa nova,brazilian jazz,latin jazz","Decca (UMO)",0.572,0.607,0,-9.848,0,0.0329,0.182,0,0.113,0.96,106.815,4
spotify:track:0UGys0LIzJsiesDFvvrCTO,"Uncertainty","Howlin","Jagwar Ma",2013-06-10,242493,0,false,1130795251,2013-07-13T13:14:17Z,"","Marathon Artists",0.708,0.563,7,-7.744,1,0.0256,0.0765,0,0.136,0.556,98.011,4
spotify:track:771L440a1283WimX8EzkpG,"Miss You","GRRR! (Deluxe Version)","The Rolling Stones",2012-01-01,214893,0,false,1130795251,2013-07-13T13:14:40Z,"classic rock,rock","Universal Music New Zealand Limited",0.855,0.558,9,-7.427,0,0.0306,0.0889,0.0222,0.0605,0.961,109.988,4
spotify:track:22KsDqTNLAaPP3EH6Sx5do,"Blackbird","Blackbird","Fat Freddy's Drop",2013-06-24,567458,0,false,1130795251,2013-07-13T13:14:53Z,"nz reggae,dub","The Drop",0.72,0.791,7,-6.902,0,0.0361,0.0377,0.73,0.504,0.535,95.01,4
spotify:track:7BglfN5b1n3ItWQ6SX1jlc,"Defeated No More","Settle (Deluxe Version)","Disclosure;Edward MacFarlane",2013-01-01,367768,0,false,1130795251,2013-07-13T13:16:16Z,"house","Universal Music Group",0.764,0.768,2,-5.926,1,0.3,0.00625,0,0.338,0.671,116.007,4
spotify:track:5eXo3ovkMsNoSY0oWPQk1A,"Brazil","Half Of Where You Live","Gold Panda",2013-06-10,346586,0,false,1130795251,2013-07-13T13:16:37Z,"chillwave,idm","Notown",0.682,0.718,1,-9.142,0,0.211,0.00691,0.46,0.105,0.632,129.953,4
spotify:track:66lvmGhRtKwmXTARMqNRl7,"Walcott","Vampire Weekend","Vampire Weekend",2008-01-27,221600,0,true,1130795251,2013-07-13T13:18:01Z,"indie,baroque pop","XL Recordings",0.398,0.56,5,-5.448,1,0.0312,0.512,0.0151,0.224,0.59,160.712,4
spotify:track:1HvC7KoIL7nrNzu8AMRMua,"A Fax from the Beach","Hanging Gardens","Classixx",2013-05-13,339000,0,false,1130795251,2013-07-13T13:18:18Z,"nu disco,indie dance","Innovative Leisure",0.676,0.925,2,-8.194,1,0.0447,0.127,0.844,0.1,0.15,122.996,4
spotify:track:2PgnmyrMz2R35ePgyHjlJy,"Dominoes","Hanging Gardens","Classixx",2013-05-13,253773,0,false,1130795251,2013-07-13T13:18:31Z,"nu disco,indie dance","Innovative Leisure",0.659,0.782,6,-7.231,1,0.0548,0.0558,0.0335,0.0991,0.626,116.003,4
spotify:track:3G9RHExOlulJtarVW2SilB,"Holding On","Hanging Gardens","Classixx",2013-05-13,380240,0,false,1130795251,2013-07-13T13:18:38Z,"nu disco,indie dance","Innovative Leisure",0.716,0.871,10,-6.168,1,0.0729,0.00535,0.289,0.0464,0.894,123.003,4
spotify:track:0dEIca2nhcxDUV8C5QkPYb,"Give Life Back to Music","Random Access Memories","Daft Punk",2013-05-20,275386,65,false,1130795251,2013-07-13T13:18:56Z,"french house,electronic,electro","Columbia",0.788,0.616,9,-10.671,0,0.0337,0.00286,0.549,0.0952,0.696,119.037,4
spotify:track:1LJpg66ukvsbFzW48d3YmT,"Trying To Be Cool","Bankrupt! (Spotify Exclusive)","Phoenix",2013-04-19,229560,0,false,1130795251,2013-07-13T13:19:16Z,"indie","Atlantic Records UK",0.492,0.805,9,-4.186,0,0.0337,0.0133,0.0147,0.332,0.412,113.981,4
spotify:track:2evUCeihA86O01BK4oukx4,"Drakkar Noir","Bankrupt! (Spotify Exclusive)","Phoenix",2013-04-19,202173,0,false,1130795251,2013-07-13T13:19:31Z,"indie","Atlantic Records UK",0.233,0.899,0,-4.315,1,0.0573,0.00116,0.0000188,0.458,0.272,128.826,4
spotify:track:2THkQauDWMvJgXFGPY4iKB,"Too Young","United","Phoenix",2000-03-06,197973,61,false,1130795251,2013-07-13T13:19:46Z,"indie","Parlophone (France)",0.622,0.75,9,-6.367,0,0.0445,0.0625,0.000133,0.127,0.905,141.324,4
spotify:track:6YLqzSTXAMRmLu5NztWV61,"Warm Thoughts","Flume","Flume",2012-11-11,228376,0,false,1130795251,2013-07-13T13:20:38Z,"future bass","Transgressive Records Ltd.",0.609,0.861,5,-7.05,0,0.0867,0.0449,0.0322,0.0783,0.633,83.974,4
spotify:track:7xtGF5bq4Y1UxE3gU8QDcz,"Mulata","Mala in Cuba","Mala",2012-09-10,195581,0,false,1130795251,2013-07-13T13:21:06Z,"dubstep,dub","Brownswood Recordings",0.692,0.792,7,-12.275,0,0.0332,0.00972,0.801,0.125,0.843,140.033,4
spotify:track:72bwlx2SmKNRoBqsNW2ir8,"Lady Day and John Coltrane","Pieces Of A Man","Gil Scott-Heron",1971,214666,0,false,1130795251,2013-07-13T13:21:20Z,"spoken word,jazz funk","RCA Victor",0.749,0.435,0,-16.278,0,0.0362,0.771,0.0000185,0.476,0.965,149.321,4
spotify:track:4VwCSGfydxR5qQ2PYrECJn,"You Should Know - feat. Ruckazoid","By Your Side","Breakbot",2012-09-14,242186,0,false,1130795251,2013-07-13T13:22:29Z,"french house,nu disco","Ed Banger Records",0.822,0.642,0,-6.377,1,0.0377,0.149,0.00000116,0.226,0.324,123.026,4
spotify:track:1BFUiAwF79eP0zsJiwzWA1,"Break Of Dawn","By Your Side","Breakbot",2012-09-14,137802,0,false,1130795251,2013-07-13T13:22:44Z,"french house,nu disco","Ed Banger Records",0.874,0.724,5,-4.526,1,0.0424,0.0716,0.0195,0.229,0.824,117.985,4
spotify:track:6Akq0FPmapHBU26A6r6brT,"What a Fool Believes - 2009 Remaster","The Ultimate Collection","The Doobie Brothers",2005-08-09,226333,44,false,1130795251,2013-07-13T13:23:14Z,"yacht rock,classic rock,soft rock,southern rock","Rhino",0.745,0.607,8,-7.525,0,0.0362,0.422,0,0.0354,0.979,120.98,4
spotify:track:6lOPbNUxDvkUkWpJLebgs7,"Raspberry Beret","The Very Best of Prince","Prince",2001-07-30,215173,41,false,1130795251,2013-07-13T13:23:38Z,"funk rock,funk","Rhino/Warner Records",0.761,0.67,2,-12.759,1,0.0438,0.21,0.000426,0.0684,0.91,120.75,4
spotify:track:4ENP0PJSJWVFKccigqkIHD,"Hey Nineteen","Showbiz Kids: The Steely Dan Story 1972 - 1980 (Remastered)","Steely Dan",2000-01-01,307200,0,false,1130795251,2013-07-13T13:23:55Z,"yacht rock,classic rock","Universal Music Group",0.947,0.297,2,-14.295,1,0.0623,0.0129,0.00105,0.0336,0.739,119.656,4
spotify:track:5yxSDnOKHhRICGxb5WHrA8,"Brazilian Love Affair","A Brazilian Love Affair","George Duke",1979,444200,33,false,1130795251,2013-07-13T13:24:06Z,"jazz funk,jazz fusion,smooth jazz,funk","Epic/Legacy",0.623,0.654,5,-14.037,1,0.0399,0.0778,0.353,0.0823,0.87,128.031,4
spotify:track:11UuubeQtvewoOJjjFxCvU,"A Little Samba","Journey To Anywhere","Ugly Duckling",2000,200840,0,false,1130795251,2013-07-13T13:25:19Z,"jazz rap","XL Recordings",0.773,0.734,10,-5.35,0,0.37,0.066,0,0.266,0.634,205.545,4
spotify:track:558hmBcLhGPGhqwQqcMRMd,"Bonita Applebum - includes 'Can I Kick It' Intro","Collections","A Tribe Called Quest",2009,216546,0,false,1130795251,2013-07-13T13:25:31Z,"jazz rap,east coast hip hop,old school hip hop,hip hop","Sony Music Entertainment",0.87,0.524,8,-9.235,0,0.185,0.0708,0.0248,0.503,0.638,91.884,4
spotify:track:6BpbIRCDezaxgx6l2sy4zm,"Luck of Lucien","Peoples' Instinctive Travels & the Paths of Rhythm","A Tribe Called Quest",1990-04-17,272666,0,false,1130795251,2013-07-13T13:26:08Z,"jazz rap,east coast hip hop,old school hip hop,hip hop","Jive",0.886,0.449,1,-12.158,0,0.178,0.0959,0.000415,0.103,0.721,104.751,4
spotify:track:1pnPrhCzU6GsS46vdwx1ne,"Milk & Honey","Hollie Cook","Hollie Cook",2011-06-06,219866,0,false,1130795251,2013-07-13T13:27:52Z,"reggae,dub,roots reggae,rocksteady","Mr Bongo",0.758,0.679,2,-7.406,1,0.127,0.225,0.00189,0.0898,0.822,77.935,4
spotify:track:0OuWBW2Q299zvZCdLUPlLx,"Jolie Coquine","Caravan Palace","Caravan Palace",2008-10-20,226800,0,false,1130795251,2013-07-13T13:30:22Z,"electro swing,swing music,nu jazz","Wagram Music",0.745,0.935,4,-5.792,0,0.373,0.00734,0.0000021,0.124,0.588,125.035,4
spotify:track:2t42wAZWVmtzX22lK6crPU,"Heads High","Heads High","Mr. Vegas",1998,211440,0,false,1130795251,2013-07-13T13:33:27Z,"dancehall,ragga,reggae,soca,riddim,azonto","Greensleeves Records",0.738,0.658,7,-6.152,1,0.36,0.411,0,0.152,0.804,96.908,4
spotify:track:5F4x6KJPVzjgAfb7l5jWZu,"Blad","Brownswood Electric","letherette",2010-06-28,188800,0,false,1130795251,2013-07-13T13:33:45Z,"lo-fi house","Brownswood Recordings",0.657,0.734,2,-4.604,1,0.11,0.511,0.00127,0.0547,0.701,188.069,4
spotify:track:1ug3vASsHv0QTMWwAgj0BO,"Down The Road","Down The Road","C2C",2012-07-23,205480,0,false,1130795251,2013-07-13T13:35:28Z,"electro swing","On And On Records",0.711,0.568,2,-6.276,0,0.0942,0.0486,0.0000493,0.0621,0.487,111.033,4
spotify:track:5SLAJy6MFgAy56OSx4qPTE,"Nakamarra","Brownswood Bubblers Nine (Gilles Peterson Presents)","Hiatus Kaiyote",2012-12-10,274853,0,false,1130795251,2013-07-13T13:36:17Z,"neo soul,indie soul,alternative r&b","Brownswood Recordings",0.462,0.459,8,-6.702,1,0.257,0.792,0,0.108,0.365,182.497,4
spotify:track:7vDMlAUKZ7Kzp75itbilvQ,"Money","Brownswood Bubblers Nine (Gilles Peterson Presents)","Lady",2012-12-10,225040,0,false,1130795251,2013-07-13T13:36:26Z,"krautrock","Brownswood Recordings",0.701,0.734,0,-5.824,1,0.0472,0.0184,0.00000533,0.0945,0.375,98.489,4
spotify:track:2ouFIPC3O1HNBcVTw1d9AN,"Freddie's Dead","Superfly: Deluxe 25th Anniversary Edition","Curtis Mayfield",1972-07-01,329466,51,false,1130795251,2013-07-13T13:36:33Z,"classic soul,soul,motown,funk","Rhino",0.523,0.803,1,-6.321,0,0.0791,0.107,0.000409,0.154,0.921,91.469,4
spotify:track:3J7f9aKHxXEDRr3n7FNqLJ,"Make It Good","Brownswood Bubblers Nine (Gilles Peterson Presents)","The White Lamp",2012-12-10,391306,0,false,1130795251,2013-07-13T13:36:43Z,"","Brownswood Recordings",0.788,0.714,10,-7.648,1,0.0585,0.122,0.221,0.0625,0.669,124.001,4
spotify:track:0yJedjJYuT3dv8wv8zmSMW,"First Impression","Beach Blast: Shag and Blues Compilation, Vol. 1","The Impressions",2006-11-07,301079,0,false,1130795251,2013-07-13T13:36:52Z,"motown,classic soul,soul,doo-wop","Ichiban Records",0.748,0.635,8,-11.559,1,0.039,0.0892,0,0.0691,0.75,122.18,4
spotify:track:2QTq3HfZdlpHb60XtqCi4q,"El Dia De Suerte","Héctor Lavoe El Cantante - The Originals","Héctor Lavoe",2010-02-01,327360,0,false,1130795251,2013-07-13T13:37:00Z,"salsa,merengue,son cubano,bolero","Fania",0.65,0.847,0,-5.481,0,0.0478,0.669,0,0.0533,0.953,99.454,4
spotify:track:54yHyNH5OKSxCFlPdNPOqh,"Heartbreaker - Original Mix","Heartbreaker (Remixes)","Crazy P",2012-12-10,397350,0,false,1130795251,2013-07-13T13:37:09Z,"nu disco,disco house,funky house","2020Vision",0.905,0.754,3,-6.719,0,0.0387,0.093,0.727,0.0721,0.8,120.004,4
spotify:track:1xz2x28NqMFRSx4IfJkC5p,"For the Love of Money","Discover The O'Jays","The O'Jays",2007-08-21,440920,0,false,1130795251,2013-07-13T13:37:42Z,"philly soul,classic soul,motown,quiet storm,soul","Epic",0.673,0.822,0,-6.679,1,0.0415,0.282,0.00000386,0.126,0.9,97.257,4
spotify:track:50H9JNoKqPMDQazo1BEv0J,"Back Stabbers","The Ultimate O'Jays","The O'Jays",1972,184106,0,false,1130795251,2013-07-13T13:37:47Z,"philly soul,classic soul,motown,quiet storm,soul","Epic/Associated/Legacy",0.742,0.837,0,-7.473,0,0.0389,0.349,0.00000256,0.675,0.932,124.173,4
spotify:track:2YlYHoXimSTWxXKgN3eX2t,"I Wonder","Searching For Sugar Man","Rodríguez",2012,154053,0,false,1130795251,2013-07-13T13:38:42Z,"folk rock,folk","Legacy Recordings",0.506,0.704,9,-6.634,1,0.0799,0.0989,0.000214,0.12,0.709,113.276,4
spotify:track:0MuXZVMXHl01DBU5DdO3EP,"Summer Sun","Waltz for Koop","Koop",2001-01-01,227520,55,false,1130795251,2013-07-13T13:38:50Z,"nu jazz,acid jazz,trip hop","Diesel",0.629,0.621,5,-7.313,0,0.0286,0.468,0.000192,0.131,0.591,114.992,4
spotify:track:5BF6J7ZHbncg8ynxI22ER4,"It's Just Begun","16 Slabs of Funk","The Jimmy Castor Bunch",2002-03-07,210360,44,false,1130795251,2013-07-13T13:39:09Z,"funk,breakbeat","RCA/BMG Heritage",0.639,0.889,7,-9.502,1,0.0576,0.201,0.473,0.589,0.889,117.717,4
spotify:track:62ONV2l3zqEiCSSLh4BKDe,"Climb Up on My Music","Coming From Reality","Rodríguez",1971-10-01,294280,0,false,1130795251,2013-07-13T13:39:25Z,"folk rock,folk","Light In The Attic",0.479,0.798,5,-5.523,1,0.0374,0.00784,0.0203,0.0906,0.868,117.028,4
spotify:track:7IoKA8yRibsK8Ryy4SH2NL,"I Love Music","The Ultimate O'Jays","The O'Jays",1972,409933,0,false,1130795251,2013-07-13T13:40:00Z,"philly soul,classic soul,motown,quiet storm,soul","Epic/Associated/Legacy",0.643,0.862,0,-7.009,0,0.0461,0.0557,0.0000642,0.23,0.928,127.602,4
spotify:track:7bJYzfp7ZGcfLNFPC7w7rU,"Upon the North","Upon the North / The Southern Wild","Eliza and the Bear",2013-02-25,203211,0,false,1130795251,2013-07-13T13:40:17Z,"","Generator",0.453,0.565,4,-10.635,1,0.0338,0.124,0.00076,0.0589,0.428,124.375,4
spotify:track:5a1oQTpqvYEwziAa878C6M,"Green Garden","Green Garden","Laura Mvula",2013-02-22,249533,23,false,1130795251,2013-07-13T13:40:28Z,"neo soul","RCA Records Label",0.708,0.722,1,-6.206,0,0.0269,0.0745,0.0000161,0.101,0.291,106,4
spotify:track:05jbiDxzYlCi5tqBHKlLyb,"Five Day Nights","Exceptionally Remixed 2","Tubbs",2006-03-24,226773,25,false,1130795251,2013-07-13T13:40:52Z,"nz reggae","Exceptional Records",0.901,0.447,1,-8.861,1,0.126,0.0593,0.0000021,0.0488,0.804,145.376,4
spotify:track:1n633WUCp9jOwrgaJBACxO,"Libella Swing","Coco Part 2","Parov Stelar",2009-09-14,243870,0,false,1130795251,2013-07-13T13:41:00Z,"electro swing,swing music,nu jazz","Etage Noir Recordings",0.858,0.737,9,-7.916,1,0.0476,0.0296,0.91,0.21,0.537,124.016,4
spotify:track:6fQaY4QQkcRNzH6qtyJWrn,"At Home","Star of Love (Deluxe Edition)","Crystal Fighters",2011-08-07,306453,0,false,1130795251,2013-07-13T13:42:02Z,"","Zirkulo",0.654,0.883,11,-5.349,1,0.0314,0.106,0.125,0.119,0.355,105.009,4
spotify:track:09PGyODYYlVsL49N7TR914,"Pedro Navaja","Anthology","Rubén Blades;Willie Colon Y Ruben Blades",2012-03-26,443480,0,false,1130795251,2013-07-13T13:42:25Z,"salsa,latin jazz,merengue,son cubano","Fania",0.582,0.61,11,-6.641,0,0.103,0.779,0.00000654,0.267,0.826,93.658,4
spotify:track:6NzOdf2JKluJVXEKjGDAMA,"Sun Goddess (feat. Ramsey Lewis)","Sun Goddess","Earth, Wind & Fire;Ramsey Lewis",1974-10-02,509524,45,false,1130795251,2013-07-13T13:42:29Z,"funk,disco,jazz funk,smooth jazz,soul jazz,northern soul,jazz","Columbia",0.543,0.932,7,-6.764,1,0.0548,0.0305,0.0000479,0.0318,0.596,93.185,4
spotify:track:2RC1O9YcPhkGs1GlwCZ3Yf,"Summer Madness","Sampled! (Jazz Club)","Kool & The Gang",2008-01-01,256786,0,false,1130795251,2013-07-13T13:42:33Z,"disco,funk","Verve",0.323,0.433,6,-12.268,0,0.034,0.00462,0.934,0.067,0.43,172.821,4
spotify:track:3HOa2rytwSAWgqvW0W6LgK,"Sweetness Alive (feat. S L L)","Sweetness Alive (feat. S L L)","Goldroom;S L L",2012-11-04,262250,35,false,1130795251,2013-07-13T13:42:51Z,"nu disco","Goldroom",0.605,0.846,9,-5.177,0,0.029,0.0421,0.00215,0.131,0.483,110.025,4
spotify:track:1qJHwjtHAqrrJSt50Zlkom,"I'll Always Love My Mama","The Best Of The Intruders: Cowboys To Girls","The Intruders",1995-10-31,396866,25,false,1130795251,2013-07-13T13:43:18Z,"philly soul,classic soul","Legacy/Epic Associated",0.621,0.74,1,-11.528,0,0.0664,0.105,0,0.633,0.788,119.576,4
spotify:track:5rOSnlIF9FAsDiMsXdq3io,"Strandbar (disko)","Strandbar","Todd Terje",2013-06-12,527704,0,false,1130795251,2013-07-13T13:43:42Z,"nu disco","Olsen Records",0.81,0.949,2,-8.732,1,0.0428,0.0543,0.957,0.155,0.787,121.971,4
spotify:track:6A6qBFJHid4WutQu6HHEZt,"Walking On A Dream","Walking On A Dream (Special Edition)","Empire Of The Sun",2009-01-01,198440,59,false,1130795251,2013-07-13T13:44:17Z,"","Capitol Records",0.87,0.699,5,-5.541,0,0.0459,0.245,0.00000676,0.0588,0.726,126.967,4
spotify:track:3E0dHzJ1WIkm58RhJAe13n,"Across 110th Street","The Best Of Bobby Womack - The Soul Years","Bobby Womack",2008-01-01,224546,48,false,1130795251,2013-07-13T13:44:29Z,"soul,classic soul","Capitol Records",0.547,0.8,11,-7.397,0,0.0326,0.0765,0,0.0973,0.517,112.248,4
spotify:track:2Rr4ZOnKXUrzjhMPkmkRjK,"Soup for One","Dance, Dance, Dance: The Best of Chic","CHIC",1991,335066,60,false,1130795251,2013-07-13T13:44:40Z,"disco,funk","Atlantic Records",0.824,0.509,0,-11.235,1,0.0352,0.212,0.798,0.11,0.797,114.818,4
spotify:track:7acHFntM5UgPUQ6jC06J9Q,"Sun","Beacon (Deluxe Version)","Two Door Cinema Club",2012-08-31,187720,0,false,1130795251,2013-07-13T13:44:49Z,"indie,indie rock","Digital Distribution Latvia",0.649,0.533,4,-5.426,0,0.0284,0.00982,0.000364,0.111,0.611,96.973,4
spotify:track:69kOkLUCkxIZYexIgSG8rq,"Get Lucky (feat. Pharrell Williams and Nile Rodgers)","Random Access Memories","Daft Punk;Pharrell Williams;Nile Rodgers",2013-05-20,369626,79,false,1130795251,2013-07-13T13:48:10Z,"french house,electronic,electro","Columbia",0.81,0.793,6,-9.404,0,0.0403,0.0378,0.00000177,0.072,0.863,116.05,4
spotify:track:2jgzqQGVOV15oQHglQS0ha,"Can't Stop Moving","Disastro","Sonny J",2008-06-16,183721,0,false,1130795251,2013-07-13T18:22:28Z,"","Parlophone UK",0.581,0.915,7,-3.945,1,0.0643,0.0595,0.0013,0.095,0.543,104.893,4
spotify:local:Avalanches:Since+I+Left+You:Since+I+Left+You:264,"Since I Left You","Since I Left You","Avalanches",,264000,0,false,1130795251,2013-07-13T18:23:38Z,"","undefined",,,,,,,,,,,,
spotify:track:1GKszUi4FqOPCS4v2uGmEw,"Once Around the Block","The Hour of Bewilderbeast","Badly Drawn Boy",2000,224573,0,false,1130795251,2013-07-13T18:24:04Z,"britpop","XL Recordings",0.39,0.708,5,-8.388,1,0.0503,0.69,0.0124,0.123,0.846,123.511,3
spotify:track:5nebyAa53jV0wdhca8W5YJ,"After the Moment","Idle Labor","Craft Spells",2011-03-29,240493,0,false,1130795251,2013-07-13T18:25:02Z,"dream pop,chillwave","Captured Tracks",0.63,0.854,9,-4.328,1,0.0286,0.0273,0.0000524,0.309,0.709,111.979,4
spotify:track:06N5Et2PKqd3trdWXQV6MY,"How Many Times","Best Of Bob Marley 1","Bob Marley & The Wailers",2009-03-01,144253,0,false,1130795251,2013-07-13T18:25:46Z,"reggae,roots reggae","Sergent Major Company Ltd",0.574,0.371,10,-10.715,0,0.067,0.591,0,0.192,0.774,142.809,4
spotify:track:01gDLZsi0j5fWC28FLPNO8,"Move on Up - Extended Version","Curtis (Expanded Edition)","Curtis Mayfield",1970,535333,60,false,1130795251,2013-07-13T18:26:53Z,"classic soul,soul,motown,funk","Rhino",0.584,0.975,11,-6.534,0,0.0651,0.141,0.501,0.101,0.876,138.341,4
spotify:track:7bYtd5o9MevQrO18IjGmJz,"Speak of the Devil","Speak of the Devil","Hermitude",2012-06-15,202988,16,false,1130795251,2013-07-13T18:28:54Z,"future bass","Parlophone UK",0.709,0.882,7,-4.161,0,0.0397,0.0931,0.00377,0.389,0.541,109.991,4
spotify:track:5vleqIhq57W9kUinB2XWuY,"Summer Breeze","Summer Breeze - The Best Of","The Isley Brothers",2009-03-26,371520,0,false,1130795251,2013-07-13T18:29:33Z,"motown,quiet storm,soul,classic soul,funk,northern soul","Sony BMG Music UK",0.31,0.658,9,-8.82,0,0.0488,0.147,0.00098,0.156,0.502,153.341,4
spotify:track:2CeFP3pggzhuzZB9rLMHYW,"Something Goes Right","SBTRKT","SBTRKT;Sampha",2011-06-27,299853,0,false,1130795251,2013-07-13T18:33:14Z,"indie soul","Young Turks Recordings",0.725,0.775,5,-6.694,0,0.102,0.0279,0.588,0.0969,0.329,145.979,4
spotify:track:0TM1lWkTj4J3FXD1wDT3P2,"Carolina","Carolina","Seu Jorge",2002,353866,0,false,1130795251,2013-07-13T18:33:39Z,"mpb,samba,pagode","Mr. Bongo",0.525,0.747,4,-6.43,0,0.0512,0.0394,0.0000137,0.178,0.471,89.944,4
spotify:track:6uzmENYGa4iYOaqwiP6Ww6,"Australia","Australia (7'' #2)","The Shins",2007-04-09,236733,0,false,1130795251,2013-07-13T18:33:58Z,"indie,indie pop","WM UK",0.434,0.842,4,-4.468,1,0.038,0.00442,0.000142,0.308,0.838,169.935,4
spotify:track:0vZx2ZvuPJIwn8FjYNu3S8,"Mornin'","Volume 1","Star Slinger",2010-11-17,132048,0,false,1130795251,2013-07-13T18:34:31Z,"chillwave","Eden Records",0.673,0.764,11,-5.482,1,0.401,0.459,0.000237,0.0955,0.589,182.13,4
spotify:track:5YEyVo0XebEitdEPRVdtGb,"Special","Monster Munch EP","Chesus",2013-01-25,428272,0,false,1130795251,2013-07-14T22:48:18Z,"disco house,funky house","Local Talk",0.813,0.473,11,-8.401,0,0.179,0.00627,0.0139,0.0805,0.533,125.001,4
spotify:track:4Vc93vk2P671wtSwLgyH4O,"An Argument With Myself","An Argument With Myself","Jens Lekman",2011-09-20,227280,0,true,1130795251,2013-07-15T07:55:16Z,"baroque pop,swedish pop","Service",0.664,0.791,6,-7.273,1,0.0846,0.0581,0.0000016,0.0558,0.819,134.385,4
spotify:track:5NM5JuRUbMH5pNf82o6UZ7,"Colours to Life","Colours to Life","Temples",2013-05-13,316112,0,false,1130795251,2013-07-15T07:59:04Z,"neo-psychedelic,psychedelic rock","Heavenly Recordings",0.402,0.701,10,-6.664,0,0.0316,0.0000712,0.642,0.112,0.37,133.896,4
spotify:track:2EwEtZrsBpjLmwhe7GCGhs,"A Message to You Rudy - 2002 Remastered Version","The Best Of The Specials","The Specials",2008-03-28,172600,0,false,1130795251,2013-07-15T21:54:15Z,"ska,rocksteady,ska punk","Parlophone UK",0.906,0.45,0,-8.003,1,0.0627,0.149,0.000232,0.168,0.969,103.476,4
spotify:track:20IDLUh8lvoI6OfpMj7prJ,"54-46 Was My Number","Reggae Legends","Toots & The Maytals",2008-06-20,190693,0,false,1130795251,2013-07-15T21:54:29Z,"rocksteady,reggae,ska,roots reggae,dub","Digital Distribution Latvia",0.682,0.367,7,-7.447,1,0.169,0.184,0.0000304,0.0725,0.635,159.481,4
spotify:track:0GVJcr0YPNUbRkIUm8fcKZ,"Louie Louie","Reggae Legends","Toots & The Maytals",2008-06-20,346160,0,false,1130795251,2013-07-15T21:54:33Z,"rocksteady,reggae,ska,roots reggae,dub","Digital Distribution Latvia",0.759,0.772,7,-8.052,1,0.125,0.169,0.0687,0.0668,0.754,89.245,4
spotify:track:4nZZ0O1Solt989Ahmy6rE7,"Funky Kingston","Reggae Legends","Toots & The Maytals",2008-06-20,294813,0,false,1130795251,2013-07-15T21:54:36Z,"rocksteady,reggae,ska,roots reggae,dub","Digital Distribution Latvia",0.767,0.566,11,-7.761,1,0.11,0.0903,0.00099,0.0481,0.927,98.979,4
spotify:track:6xf7aGIqceArnYwetKUN48,"Pressure Drop","Reggae Legends","Toots & The Maytals",2008-06-20,178920,0,false,1130795251,2013-07-15T21:54:40Z,"rocksteady,reggae,ska,roots reggae,dub","Digital Distribution Latvia",0.618,0.692,8,-6.313,1,0.0334,0.201,0,0.103,0.978,146.612,4
spotify:track:2f6Co9RuEtGc2o6VJF17Ll,"Girl You Need A Change Of Mind","The Eddie Kendricks Collection, Volume 1","Eddie Kendricks",2005-01-01,462826,0,false,1130795251,2013-07-15T22:14:10Z,"motown,classic soul,philly soul,soul","Universal Records",0.456,0.862,2,-8.393,0,0.0386,0.0832,0.00429,0.195,0.859,104.457,4
spotify:track:34zWZOSpU2V1ab0PiZCcv4,"Uptown Top Ranking - Remastered 2001","Uptown Top Ranking","Althea And Donna",1978-01-01,229160,63,false,1130795251,2013-07-20T09:11:03Z,"reggae,roots reggae,rocksteady,dub,ska,lovers rock","Virgin Records",0.886,0.522,7,-7.971,1,0.173,0.0477,0.00108,0.207,0.79,82.439,4
spotify:track:7aegyzkmhZnoO6xvD0BNc5,"El Rey De La Puntualidad","Anthology","Héctor Lavoe;Fania All Stars",2012-03-26,402493,0,false,1130795251,2013-07-28T12:56:32Z,"salsa,merengue,son cubano,bolero,latin jazz,cha cha cha","Fania",0.632,0.761,4,-6.565,0,0.0541,0.383,0,0.105,0.879,105.821,4
spotify:track:5RZ2I97Hhxr6hrpk10y6y3,"Woman Of The Ghetto - Flume's Jackin House Mix","Verve Remixed: The First Ladies","Marlena Shaw;Flume",2013-01-01,225493,0,false,1130795251,2013-08-02T07:12:31Z,"northern soul,soul,future bass","Universal Music Group",0.659,0.786,9,-6.81,0,0.0691,0.00574,0,0.124,0.0539,122.974,4
spotify:track:6rcF6AGg6dhXNOFNXvx1PG,"On A Ragga Tip - Original 12"" Mix","XL Recordings: The First Chapters","SL2",2008-08-04,309360,0,false,1130795251,2013-11-20T00:09:56Z,"acid house,jungle,breakbeat","XL Recordings",0.546,0.948,9,-7.804,1,0.0703,0.00665,0.0993,0.123,0.752,139.954,4
spotify:track:7cKLOenzViwzoHJWciMIrj,"Bam Bam","One Two","Sister Nancy",1982,196506,0,false,1130795251,2013-11-20T00:10:23Z,"reggae,ragga,rocksteady","Techniques",0.722,0.605,5,-6.07,1,0.153,0.825,0.0178,0.248,0.709,165.998,4
spotify:track:3HOa2rytwSAWgqvW0W6LgK,"Sweetness Alive (feat. S L L)","Sweetness Alive (feat. S L L)","Goldroom;S L L",2012-11-04,262250,35,false,1130795251,2013-12-09T21:53:07Z,"nu disco","Goldroom",0.605,0.846,9,-5.177,0,0.029,0.0421,0.00215,0.131,0.483,110.025,4
spotify:track:23TbJzovFSbRm3qqmA7KFY,"Mi Swing Es Tropical","The Best of Quantic","Quantic;Nickodemus;TEMPO;Candela All Stars",2011-09-05,234920,0,false,1130795251,2014-04-25T18:41:52Z,"nu jazz,trip hop,downtempo,electrocumbia,latin alternative,acid jazz,italo dance,eurodance,latin house","Tru Thoughts",0.83,0.89,6,-8.275,1,0.0985,0.0142,0.000099,0.339,0.976,100.006,4
spotify:track:4W8IEREeLldaSQyGXcZQ2I,"Strawberry Letter 23","Freedom Flight","Shuggie Otis",1971,239906,58,false,1130795251,2014-04-27T19:10:33Z,"","Epic/Legacy",0.519,0.483,9,-12.795,0,0.0277,0.139,0.000218,0.365,0.772,171.028,4
spotify:track:2xVtBEcsM6s2RsH8wkirhS,"I Am The Black Gold Of The Sun","Best Of Rotary Connection","Rotary Connection;Minnie Riperton",2006-01-01,349426,0,false,1130795251,2014-05-12T22:53:05Z,"classic soul","UMC (Universal Music Catalogue)",0.474,0.673,6,-13.307,1,0.0656,0.791,0.239,0.0931,0.685,89.787,4
spotify:track:6HQRz6vdY8HWi7nMzgRc2R,"Here I Come","Love & Hate","Dennis Brown",1996-07-18,175386,0,false,1130795251,2014-07-24T13:34:31Z,"lovers rock,reggae,roots reggae,rocksteady,dub,ragga","VP Records",0.83,0.264,7,-19.296,1,0.323,0.0212,0.00000308,0.0602,0.877,129.476,4
spotify:track:6DdTTJuStGbfPF1aES5yAW,"Blame It On Rio","Skeewiff In Brazil","Skeewiff;Bam",2014-05-12,193197,0,false,1130795251,2014-12-22T19:14:58Z,"electro swing,swing music,big beat,nu jazz","Pedigree Cuts",0.705,0.931,5,-4.897,0,0.0437,0.244,0.000463,0.081,0.962,95.986,4
spotify:track:6W5nGlVFyPlo8xR912ccIa,"Everybody Loves the Sunshine","Going Down South - Soulful Jazz","RAMP;Roy Ayers",2013-11-12,223960,0,false,1130795251,2015-01-15T00:18:20Z,"jazz funk,acid jazz,funk","U-5",0.64,0.511,6,-14.169,0,0.0368,0.566,0.00252,0.178,0.44,137.845,4
spotify:track:1o3Oagz5kCSUrHqcUqzsQW,"Let the Sun Shine In","Let the Sun Shine In","Sons And Daughters Of Lite",1995-10-22,505933,0,false,1130795251,2015-01-15T00:18:53Z,"jazz funk","Luv N'Haight",0.363,0.854,8,-5.665,1,0.0555,0.537,0.00188,0.173,0.548,141.537,4
spotify:track:3TJkyziTtYYbjdaKTbOr8D,"Bluebird","Hiphop World - Eastside ? Westside ? Global Hiphop!","One Self feat. DJ Vadim, Yarah Bravo and BluRum 18, One Self",2010-04-05,225693,0,false,1130795251,2015-01-18T23:07:06Z,"","Lola's World",0.714,0.788,5,-5.333,1,0.269,0.083,0,0.112,0.802,172.601,4
spotify:track:7mzIuj3uATZxC2sMrdH7YC,"The Underdog","Ga Ga Ga Ga Ga","Spoon",2008-01-29,222320,0,false,1130795251,2015-04-22T07:22:15Z,"indie rock,indie","Anti/Epitaph",0.693,0.646,7,-6.484,1,0.0313,0.0602,0.00132,0.678,0.89,145.116,4
spotify:track:1spr3ff7dxssldzMZmoITf,"Somebody Else's Guy","Somebody Else's Guy","Jocelyn Brown",2007-10-29,241626,44,false,1130795251,2015-04-22T07:32:14Z,"","Gut Records",0.803,0.778,6,-9.82,1,0.116,0.198,0.000719,0.0513,0.746,103.203,4
spotify:track:7L0jBr4Wevh9AhesjAmuDZ,"Saturday Nite","Greatest Hits","Earth, Wind & Fire",1998-11-03,241706,0,false,1130795251,2015-04-22T07:32:32Z,"funk,disco","Columbia/Legacy",0.664,0.799,4,-8.793,1,0.0703,0.0672,0.0089,0.672,0.964,106.291,4
spotify:track:1ulVKX61ePVrT81RLFqrOj,"Just Friends (Sunny)","Aijuswanaseing","Musiq Soulchild",2000-11-14,251426,52,false,1130795251,2015-04-22T07:33:58Z,"neo soul,r&b,quiet storm","Def Jam Recordings",0.75,0.373,7,-7.577,1,0.162,0.44,0,0.366,0.547,95.033,4
spotify:track:2IHiO2e6YOQJfXGQfVtWhO,"Soul Power 74 - Part II","True Funk [3 CD Set]","Maceo And The Macks",2007-01-01,246720,0,false,1130795251,2015-04-22T07:38:46Z,"funk,jazz funk","Universal Music",0.788,0.705,7,-7.162,1,0.0411,0.234,0.152,0.322,0.942,105.012,4
spotify:track:73HImtcfASMAiHAvegSXuK,"Brand new revolution","Paradise For All","Guts",2012-03-23,293529,0,false,1130795251,2015-04-22T07:39:10Z,"trip hop","Heavenly Sweetness",0.792,0.614,10,-9.363,0,0.0438,0.0395,0.935,0.0961,0.473,107.057,4
spotify:track:1pD8Mpj19xJFFyXwb6TwKg,"Poison","Poison","Bell Biv DeVoe",1990-01-01,261853,0,false,1130795251,2015-04-22T07:44:58Z,"new jack swing","Universal Music LLC",0.836,0.571,6,-10.468,0,0.223,0.00236,0.00523,0.617,0.806,111.81,4
spotify:track:4Eap0FiMiGB2gqjk1D4cXo,"Don't Mess With My Man","Lucy Pearl","Lucy Pearl",2000,217666,0,false,1130795251,2015-04-22T21:47:41Z,"neo soul","Virgin Records",0.906,0.647,6,-5.197,0,0.11,0.104,0.000131,0.0752,0.848,106.031,4
spotify:track:0QvHm8A4wRJMdDQ6KDXUz6,"Born Too Late","Warm Blanket","Dent May",2013-09-02,281186,0,false,1130795251,2015-04-22T21:50:17Z,"","Paw Tracks",0.636,0.778,5,-5.152,1,0.0297,0.111,0.00000153,0.0723,0.953,100.219,4
spotify:track:0nC1qkOgwU7yQZLpUQmUms,"Pictures","Last Smoke Before The Snowstorm","Benjamin Francis Leftwich",2011-07-03,177433,38,false,1130795251,2015-04-22T22:00:54Z,"indie folk","Dirty Hit",0.539,0.323,1,-10.231,1,0.0376,0.934,0.00000639,0.0986,0.261,141.228,4
spotify:track:2MciXM60hrG1cz5DE7ZWzK,"In Love With You","In Love With You - Single","The Paradise",2003-02-14,254066,0,false,1130795251,2015-04-22T22:03:49Z,"french house","Vulture",0.426,0.903,1,-5.822,1,0.0659,0.000135,0.0256,0.699,0.12,121.03,4
spotify:track:4j2Lu4MyYMKxItaEWQHv8y,"Young Trouble","Mean Love","Sinkane",2014-09-01,220546,0,false,1130795251,2015-04-22T22:09:57Z,"","City Slang",0.542,0.75,9,-8.792,1,0.031,0.0243,0.00446,0.122,0.903,170.051,4
spotify:track:2zAk2s1oYP94LpNPnzPJkE,"No Excuses","No Way Down","Air France",2008-06-04,242746,0,false,1130795251,2015-04-22T23:41:33Z,"chillwave,dream pop","Sincerely Yours",0.562,0.731,7,-5.317,1,0.0341,0.378,0.0022,0.623,0.521,134.954,4
spotify:track:3JeT6Xcv6MlEHHylk8SKQ1,"lovers’ carvings","Ambivalence Avenue","Bibio",2009-06-22,238640,0,false,1130795251,2015-04-23T22:51:24Z,"ambient folk,downtempo","Warp Records",0.558,0.47,7,-5.5,1,0.0316,0.68,0.914,0.532,0.427,118.06,4
spotify:track:4AZe2HOisJE3Y3cOcQJfLa,"Knight Moves - Original Version","Ivory Tower","Chilly Gonzales",2010-08-29,311760,0,false,1130795251,2015-04-23T23:08:04Z,"neoclassical","Gentle Threat",0.577,0.802,10,-6.792,1,0.0323,0.025,0.906,0.062,0.287,115.997,4
spotify:track:40lnMoI2VOareLk5CLvneq,"Catgroove","Coco Part 2","Parov Stelar",2009-09-14,236250,0,false,1130795251,2015-04-28T21:37:04Z,"electro swing,swing music,nu jazz","Etage Noir Recordings",0.82,0.894,11,-6.968,0,0.0601,0.034,0.814,0.0437,0.569,128.006,4
spotify:track:03GvcV5WEEqmYIP0RpG5Vx,"Booty Swing","The Princess Part Two","Parov Stelar",2012-10-19,196513,0,false,1130795251,2015-04-28T21:37:39Z,"electro swing,swing music,nu jazz","Etage Noir Recordings",0.859,0.657,0,-5.451,1,0.0496,0.267,0.209,0.0801,0.894,112.935,4
spotify:track:4sz1Eo19ayaSpMhnb865Fb,"Sincere","Sincere (Commercial)","MJ Cole",2000-01-01,338960,0,false,1130795251,2015-05-14T14:22:24Z,"uk garage,uk funky","Talkin' Loud",0.824,0.788,1,-8.281,1,0.142,0.211,0.258,0.133,0.71,132.643,4
spotify:track:6gT8IVpvZcqlMqan1Yu5uR,"Norman's Fire","Favicon","Jacques Renault",2009-12-14,436906,0,false,1130795251,2015-06-23T22:40:59Z,"nu disco,disco house,funky house","Hole In The Sky",0.819,0.756,4,-8.491,0,0.105,0.00107,0.69,0.0499,0.948,113.029,4
spotify:track:2AHTRyYyIWua22TwFcJSjy,"A Thing For Me [Breakbot Remix]","A Thing For Me 2","Metronomy",2008-12-15,234186,0,false,1130795251,2015-06-27T12:46:43Z,"new rave,alternative dance","Because Music",0.754,0.782,7,-5.458,1,0.0371,0.278,0.0148,0.119,0.752,165.993,4
spotify:track:531o4ChE6Uoj3J2VIGArbm,"Paris Nights / New York Mornings","The Sea","Corinne Bailey Rae",2010-01-01,231173,41,false,1130795251,2015-06-27T12:48:45Z,"","Virgin Records",0.556,0.574,2,-9.133,0,0.042,0.17,0.000598,0.11,0.575,161.043,4
spotify:track:2Au2Q1XJnJBts97WuhCmUf,"Clarity","Heavier Things","John Mayer",2003-09-09,271426,0,false,1130795251,2015-06-27T12:51:26Z,"singer-songwriter","Columbia",0.666,0.713,2,-3.551,1,0.0384,0.172,0.032,0.177,0.491,94.71,4
spotify:track:65N5mnAk0WOubXkCryAxEe,"Another Day","Jim","Jamie Lidell",2008-04-27,228906,0,false,1130795251,2015-06-27T12:52:14Z,"pop soul,funk","Warp Records",0.702,0.634,3,-4.996,1,0.0418,0.163,0,0.288,0.897,135.552,4
spotify:track:1EZtB75i7g87yZzJucQKOq,"Multiply","Multiply","Jamie Lidell",2005-06-13,266680,0,false,1130795251,2015-06-27T12:52:20Z,"pop soul,funk","Warp Records",0.832,0.593,5,-6.014,0,0.0916,0.148,0,0.276,0.729,111.075,4
spotify:track:4dyx5SzxPPaD8xQIid5Wjj,"Young Folks","Writer's Block","Peter Bjorn and John",2006-01-01,276693,83,false,1130795251,2015-06-27T12:54:11Z,"indie","Universal Music AB",0.699,0.812,0,-6.005,1,0.0377,0.0164,0.000763,0.105,0.662,138.185,4
spotify:track:1f2vzryk9nzsT22WpIKZwy,"Deli","Ayrton Senna","Delorean",2010,281026,0,false,1130795251,2015-06-27T12:55:30Z,"chillwave","Mushroom Pillow",0.725,0.87,1,-6.148,1,0.043,0.00869,0.00678,0.351,0.618,129.987,4
spotify:track:23RGXfhwPL3JhVdUsyebEu,"Stay Close","Subiza","Delorean",2010-04-19,271893,0,false,1130795251,2015-06-27T12:55:40Z,"chillwave","True Panther Sounds",0.276,0.648,9,-9.465,1,0.0324,0.0000687,0.671,0.106,0.204,131.178,4
spotify:track:4WUVBfMrWhlsljcPNIqbuL,"Ladyflash","Thunder, Lightning, Strike","The Go! Team",2004,256026,0,false,1130795251,2015-06-27T12:55:54Z,"plunderphonics,alternative dance","Memphis Industries",0.554,0.956,3,-5.291,1,0.0581,0.0003,0.544,0.187,0.728,115.469,4
spotify:track:2jJulR1CTEuHsXpS6bGDou,"Just Ain't Gonna Work Out","A Strange Arrangement","Mayer Hawthorne",2009,150933,46,false,1130795251,2015-06-27T13:33:00Z,"retro soul,pop soul","Unknown",0.782,0.544,4,-5.448,1,0.0306,0.212,0.106,0.179,0.753,90.562,4
spotify:track:78tOoitFZubc7cqn5byXjH,"Ever After (feat. Emily McEwan) - Samba Reprise","Ever After (feat. Emily McEwan)","Rasmus Faber;Emily Mcewan",2003-09-16,215000,22,false,1130795251,2015-06-27T13:39:37Z,"","Farplane Records",0.659,0.92,1,-8.064,1,0.0403,0.539,0.395,0.354,0.891,128.029,4
spotify:track:3WKYFRoB0oFox2Y3pzNnCE,"(I Wanna Give You) Devotion - Original Club Mix","(I Wanna Give You) Devotion","Nomad",2009-03-30,409466,0,false,1130795251,2015-06-27T13:55:10Z,"acid house,hip house","Rumour Records",0.705,0.909,10,-10.046,0,0.0483,0.00979,0.0038,0.336,0.881,116.287,4
spotify:track:7aRbP3dQN8zWTZf5d4GKzE,"Liquid Spirit","Liquid Spirit (Deluxe Version)","Gregory Porter",2013-01-01,215733,0,false,1130795251,2015-06-27T14:35:01Z,"vocal jazz,jazz pop,jazz","Universal Music Group",0.739,0.631,11,-7.254,0,0.224,0.0782,0.000531,0.117,0.699,102.943,4
spotify:track:6yjkSwjaehafo1ITJpry8j,"Whenever","Whenever","Hotlane",2014-07-18,223821,0,false,1130795251,2015-06-27T14:43:27Z,"","Gomma",0.683,0.791,11,-7.505,1,0.034,0.000236,0.17,0.331,0.869,114.991,4
spotify:track:4XPjXECuQfpRMlnw6Bq86k,"Sweet Like Nectar - Ennio Styles Remix","Mind the Curb (Remixed & Reworked)","Kerbside Collection",2013-05-24,423506,0,false,1130795251,2015-06-27T14:47:13Z,"jazz funk","Légère Recordings",0.79,0.813,2,-5.123,1,0.0601,0.00906,0.885,0.0852,0.643,121.963,4
spotify:track:4zpnQXLv2AILl8XKURmcHK,"Funky Nassau, Pt. 1 & 2","Atlantic Rhythm & Blues 1947-1974","The Beginning Of The End",2014-09-23,309533,0,false,1130795251,2015-06-27T14:50:01Z,"funk,jazz funk","Rhino Atlantic",0.707,0.53,6,-18.634,0,0.0511,0.543,0.0151,0.252,0.87,120.394,4
spotify:track:0nlqorVbqYB3haNKIAbajE,"Happy","Happy","Speedometer",2014-02-28,220000,23,false,1130795251,2015-06-27T14:59:03Z,"jazz funk,funk,acid jazz,retro soul","Freestyle Records",0.59,0.613,10,-9.547,1,0.0347,0.394,0.277,0.361,0.868,147.171,4
spotify:track:1RXEb6UTxJ05RffnAWfUOE,"Player's Ball","Southernplayalisticadillacmuzik","Outkast",1994-04-26,261266,60,true,1130795251,2015-06-27T14:59:27Z,"southern hip hop,hip hop","Arista/LaFace Records",0.857,0.764,1,-6.304,1,0.246,0.0398,0,0.425,0.578,93.071,4
spotify:track:7BnJoLoOxYrNxzo6Hs0J7k,"Missing Me","Music for Adverts","Lack Of Afro;Jack Tyson-Charles",2014-03-03,222506,0,false,1130795251,2015-06-27T14:59:38Z,"funk,acid jazz,jazz funk","Freestyle Records",0.662,0.865,2,-6.98,0,0.0774,0.212,0,0.0696,0.91,82.083,4
spotify:track:7bRPBnYrtftcYcH8VQLDdX,"Call You Out","Taste The JUCE!","Juce",2014-10-27,256718,0,false,1130795251,2015-06-27T15:03:32Z,"","Universal Music Group",0.836,0.63,5,-7.773,1,0.0566,0.026,0.161,0.0907,0.754,105.034,4
spotify:track:1IFbx5PR6BASAJC8Yd4mch,"Something About You","Teen Idols: A Future Classic Compilation","Hayden James",2014-12-19,223400,0,false,1130795251,2015-06-27T15:04:45Z,"","Future Classic",0.848,0.638,2,-7.776,0,0.0791,0.352,0.0364,0.0856,0.62,115.009,4
spotify:track:6LlHOVyw6T6OXtFclEjDSg,"Clanky Love","Clanky love","Royce Wood Junior",2015-04-30,256426,0,false,1130795251,2015-06-27T15:23:59Z,"","37 adventures",0.762,0.55,7,-6.67,1,0.0318,0.0987,0,0.143,0.692,110.023,4
spotify:track:0W0BDGgVnwWwMEaWwEZntk,"The Seed (2.0)","Phrenology","The Roots;Cody Chesnutt",2002-11-26,267933,0,true,1130795251,2015-06-30T07:24:33Z,"east coast hip hop,jazz rap,hip hop,neo soul,retro pop","Universal Music Group",0.758,0.957,7,-2.282,1,0.0357,0.039,0,0.133,0.966,111.119,4
spotify:track:1fIZzCIwKKGBRDkLA8VukW,"LK","In Rotation","DJ Marky;XRS;Stamina MC",2004-03-22,329746,0,false,1130795251,2015-06-30T07:24:46Z,"liquid funk,drum and bass,jungle","Innerground",0.655,0.936,8,-6.455,0,0.0628,0.0116,0.293,0.209,0.965,174.006,4
spotify:track:5noQJkpVfHt2D4df2GXieV,"The Reeling","Manners","Passion Pit",2009,287906,57,false,1130795251,2015-07-02T22:55:15Z,"indie","Columbia",0.597,0.777,8,-5.638,1,0.0668,0.000356,0.00113,0.169,0.776,111.999,4
spotify:track:4prEPl61C8qZpeo3IkYSMl,"Sleepyhead","Manners","Passion Pit",2009,174760,77,false,1130795251,2015-07-02T22:55:26Z,"indie","Columbia",0.568,0.719,8,-5.406,1,0.0354,0.0892,0.00000184,0.233,0.539,106.036,4
spotify:track:6quP6vqX7b056Z1ZrAxoW5,"Daylight","The Golden Age of Apocalypse","Thundercat",2011-08-29,176824,30,false,1130795251,2015-07-23T22:43:41Z,"","Brainfeeder",0.516,0.747,8,-5.707,1,0.0398,0.734,0.874,0.105,0.327,154.909,4
spotify:track:6c7HX81hHRklXuGCIWSH5K,"Stand On The Word - Larry Levan Radio Edit","Unabombers: Electric Chair Saved My Life","The Joubert Singers",2008-10-06,215327,0,false,1130795251,2015-08-26T22:42:23Z,"","Tirk",0.764,0.792,3,-8.055,0,0.0515,0.467,0.00199,0.0964,0.596,106.981,4
spotify:track:18K4QBiPysYhk6TLDSgoV7,"Need Me Some U","Brownswood Bubblers Ten (Gilles Peterson Presents)","Paul Hill;K. Dixon P/k/a Moodymann",2013-08-05,311380,0,false,1130795251,2016-02-10T14:59:50Z,"choral","Brownswood Recordings",0.699,0.655,9,-7.865,1,0.0303,0.022,0.00656,0.35,0.383,107.994,4
spotify:track:1O7hDH3rrF8eyLxrpeoOfb,"Casanova","The Best of Gerald Levert","Levert",2010-08-29,262373,59,false,1130795251,2016-02-14T11:04:52Z,"new jack swing,quiet storm","Rhino Atlantic",0.711,0.844,4,-3.927,0,0.0891,0.0447,0.0000118,0.0672,0.802,92.956,4
spotify:track:0YHBvFhfCJHyP5qfgtiX1o,"Just in Case","Ghetto Love","Jaheim",2001-03-13,263866,62,false,1130795251,2016-02-14T11:22:05Z,"r&b,neo soul,quiet storm","Warner Records",0.78,0.572,0,-6.797,1,0.0951,0.0618,0,0.0495,0.695,100.999,4
spotify:track:7hGidl99Umesys0O0CzXTS,"Kudaushe","Kolaba","Afriquoi;Kudaushe Matimba",2015-09-11,238420,46,false,1130795251,2016-03-09T10:15:35Z,"uk funky","Wormfood",0.702,0.861,7,-6.227,1,0.0464,0.274,0.453,0.125,0.438,127.009,4
spotify:track:1VrHx9HWrRNz0CJVUyQwz2,"Cerca de Mi - Shelter Ritual Mix","Cerca de Mi","Louie Vega;Raul Midón",2003-04-16,535626,9,false,1130795251,2016-03-09T10:23:09Z,"chicago house,deep house,latin house,house,disco house,vocal jazz","Vega Records",0.666,0.656,9,-12.793,0,0.049,0.00985,0.776,0.0552,0.549,127.056,4
spotify:track:0qZctuvYFQHOjtKSTlJpbE,"I Am The Black Gold Of The Sun - 4 Hero Remix","Clubbed To Death","Nuyorican Soul",2015-10-09,507760,32,false,1130795251,2016-03-09T10:34:26Z,"acid jazz","UMOD (Universal Music On Demand)",0.423,0.638,8,-7.211,0,0.0387,0.168,0.664,0.141,0.314,114.045,5
spotify:track:19btpIB3SA6XqDpWlBWTNu,"Reach for the Truth","Reach For The Truth: Best Of The Reprise Years 1971-1974","Linda Lewis",2007-06-12,289893,7,false,1130795251,2016-03-09T10:42:49Z,"","Rhino/Warner Records",0.367,0.393,0,-8.965,1,0.0376,0.185,0.0000245,0.0732,0.274,154.49,4
spotify:track:0aGKhJOFjlhrejv8XzB749,"Talking Bout My Baby","Halfway Between the Gutter and the Stars","Fatboy Slim",2000-02-01,223520,0,false,1130795251,2016-03-09T23:25:55Z,"big beat","Skint Records",0.498,0.771,6,-6.337,1,0.0363,0.595,0.609,0.279,0.288,100.003,4
spotify:track:14skvOVpLSrfj4dSi0lVuD,"Born Too Late","Warm Blanket","Dent May",2013-09-02,281186,0,false,1130795251,2016-03-10T00:10:42Z,"","Paw Tracks",0.636,0.778,5,-5.152,1,0.0297,0.111,0.00000153,0.0723,0.953,100.219,4
spotify:track:7tUEDtHchueeUJTfEFEhii,"Right Here - Human Nature Radio Mix","It's About Time","SWV",1992-10-27,226946,67,false,1130795251,2016-03-17T13:17:01Z,"new jack swing,r&b","RCA Records Label",0.615,0.72,9,-5.16,0,0.0658,0.068,0.0105,0.0889,0.696,94.002,4
spotify:track:39WZyJqsRYVPPm1STMLwMJ,"Just Can't Win (Bacao Rhythm & Steel Band Remix)","Just Can't Win (Bacao Rhythm & Steel Band Remix)","Lee Fields & The Expressions",2014-09-11,232910,8,false,1130795251,2016-03-31T20:58:13Z,"retro soul,soul,funk","Truth & Soul Records",0.719,0.83,0,-3.818,1,0.0389,0.026,0.0065,0.0627,0.962,103,4
spotify:track:668le5VopGNPKtL8GDV0ua,"Too Late","Joe Bataan's Latin Soul Party: Black Sugar, Coco Lagos Y Sus Orates, Lu Logia Sarabanda & Joe Bataan","Black Sugar",2014-04-29,185160,0,false,1130795251,2016-03-31T20:59:31Z,"","Chick-a-Boom",0.59,0.716,6,-6.077,0,0.0651,0.631,0.00339,0.315,0.794,143.398,4
spotify:track:5ooI5TXEIhGe15R8TOxUZ3,"Higher in Love","Take Off - EP","FKJ;Damon Trueitt",2014-07-21,242045,0,false,1130795251,2016-04-01T16:35:16Z,"","Roche Musique",0.566,0.661,4,-6.704,0,0.169,0.226,0,0.112,0.532,87.802,4
spotify:track:0h4r3AE752IOrp8cdpAImC,"Running Away","Evolution: The Polydor Anthology","Roy Ayers",1995-01-01,415773,0,false,1130795251,2016-04-01T16:38:18Z,"jazz funk,acid jazz,funk","Universal Special Markets",0.833,0.561,10,-12.093,0,0.0372,0.186,0.00207,0.031,0.962,116.029,4
spotify:track:1yVd4gsCgOf1JvfACB3QH8,"Gafiera","Of All The Things","Jazzanova;Pedro Martins",2008-01-01,158480,0,false,1130795251,2016-04-14T13:00:16Z,"nu jazz,acid jazz,trip hop,jazz funk,downtempo,brazilian jazz","Boutique",0.647,0.671,5,-8.22,0,0.0396,0.0564,0.000477,0.22,0.93,118.072,4
spotify:track:1MvH3FdvO17S2eQ4IeNRCo,"Bluebird","Children of Possibility","One Self;DJ Vadim;Yarah Bravo;Blu Rum 13",2005,220412,58,false,1130795251,2016-04-25T14:49:39Z,"trip hop,downtempo","Ninja Tune",0.78,0.797,9,-5.964,0,0.307,0.129,0,0.0929,0.648,86.235,4
spotify:track:07cioXk8gedsOzebu3sQnS,"Sunny","Soul Legends - Marvin Gaye","Marvin Gaye",2006-01-01,169320,0,false,1130795251,2016-05-03T07:35:10Z,"motown,classic soul,soul,northern soul,quiet storm","Universal Music Group",0.586,0.723,6,-4.963,1,0.049,0.665,0,0.194,0.648,129.502,4
spotify:track:6f50CP9XbgkbqeLfJ91Wiq,"Vamos Al Mar","Gilles Peterson Presents Havana Cultura: The Search Continues","Gilles Peterson's Havana Cultura Band;Melvis Santa;Francis del Río",2011-11-14,208133,0,false,1130795251,2016-05-09T10:46:06Z,"afro-cuban jazz,latin jazz,latin alternative,timba","Brownswood Recordings",0.779,0.642,0,-8.236,1,0.0627,0.209,0,0.159,0.639,126.107,4
spotify:track:4y2Va0sLjrmSb0iAovAkmP,"Vidigal","Gafieira Universal","Banda Black Rio",2002,217733,44,false,1130795251,2016-05-16T22:25:46Z,"brazilian jazz,jazz funk","RCA Records Label",0.76,0.868,4,-6.293,0,0.0498,0.175,0.00142,0.222,0.888,100.377,4
spotify:track:7eTYcpjEwXTphautuv9Hj7,"Summer Jam","When Fish Ride Bicycles (Clean)","The Cool Kids;Maxine Ashley",2011-08-16,220053,0,false,1130795251,2016-05-24T17:08:45Z,"afro tech,afro house","Green Label Sound",0.644,0.729,8,-7.158,1,0.184,0.0707,0.0000264,0.195,0.573,171.875,4
spotify:track:6xomNYlBieUbdROHWFeeMk,"Steal My Sunshine - Single Version","100 Hits of the '90s","LEN",2010-02-26,265533,0,false,1130795251,2016-05-25T10:09:52Z,"","Sony Music Entertainment",0.389,0.812,4,-11.499,1,0.485,0.407,0,0.107,0.679,192.145,4
spotify:track:3OIKgKNUt87GHz8OmmHZop,"Is This How You Feel?","Blue Planet Eyes","The Preatures",2014-01-01,214093,56,false,1130795251,2016-05-26T13:51:55Z,"","Universal Music Australia Pty. Ltd.",0.536,0.807,9,-7.696,1,0.129,0.00014,0.128,0.069,0.638,184.894,4
spotify:track:5XiLyRyqmp2CcBZJoVPPnh,"Move","The Product","Jazz Spastiks;Apani B Fly",2014-04-14,197508,42,false,1130795251,2016-06-02T14:22:34Z,"jazz rap","Jazz Plastik",0.736,0.572,11,-6.56,0,0.284,0.0161,0,0.652,0.782,84.007,4
spotify:track:35NnZKuihyCPcBwE79y2BJ,"Nothing","Nothing","HNNY",2015-01-02,312000,0,false,1130795251,2016-06-05T16:03:22Z,"jazz house","Local Talk",0.79,0.427,11,-11.361,0,0.0541,0.000885,0.446,0.0514,0.961,116.986,4
spotify:track:17TiN7x492dTA2VCnyDGih,"Feel Like Making Love","Beach Diggin', Vol. 3","Gene Lawrence",2015-07-10,210034,0,false,1130795251,2016-06-08T10:09:46Z,"","Heavenly Sweetness",0.736,0.663,2,-9.707,0,0.0892,0.816,0.22,0.108,0.562,102.172,4
spotify:track:19uZpCvv7D2xcz2KwXFgiO,"Blush","Rojus (Designed To Dance)","Leon Vynehall",2016-04-01,510812,0,false,1130795251,2016-06-08T10:10:04Z,"lo-fi house,deep house","Running Back",0.631,0.868,5,-6.856,0,0.347,0.000521,0.0507,0.347,0.412,121.996,4
spotify:track:6Im3dfDKQ0r5LwxFu7t4po,"Wires","Owiny Sigoma Band","Owiny Sigoma Band",2011-05-02,273853,0,false,1130795251,2016-06-13T15:36:00Z,"","Brownswood Recordings",0.761,0.624,7,-11.263,0,0.0426,0.0424,0.36,0.223,0.761,129.216,4
spotify:track:7DlsWHBMPjHqQ9VNj9Eqe7,"Caypio","Good","HNNY",2015-07-13,528698,0,false,1130795251,2016-06-08T21:14:23Z,"jazz house","Studio Barnhus",0.787,0.655,10,-11.271,1,0.0957,0.0000416,0.84,0.109,0.692,121.994,4
spotify:track:16QpA8kLmMtXuOQdYC2PRO,"Cheer Up, My Brother","Sunday","HNNY",2015-07-03,305776,0,false,1130795251,2016-06-08T21:14:29Z,"jazz house","Omena",0.761,0.264,0,-14.762,0,0.047,0.12,0.233,0.0996,0.314,107.993,4
spotify:track:5ZtosJyNsMWcWrDnA1cqiC,"Treasure","Therapy","The New Mastersounds",2014-03-10,307193,9,false,1130795251,2016-06-08T21:18:02Z,"jazz funk,acid jazz,funk,retro soul,jam band","ONE NOTE RECORDS",0.534,0.73,5,-6.064,0,0.038,0.132,0.0607,0.0673,0.942,124.407,4
spotify:track:5l2PMgMfAZpA9pQXL7GRJ1,"You, Me, Here, Now","Boxed Out","Dam Swindle",2014-03-24,293836,0,false,1130795251,2016-06-08T21:21:56Z,"deep house,disco house,lo-fi house,funky house","Dirt Crew Recordings",0.666,0.648,2,-9.227,1,0.0582,0.0496,0.215,0.261,0.53,98.996,4
spotify:track:6t5syYlCH51Gje6CV4IZZp,"Sunshine","Sunshine","Tom Misch",2015-06-16,218000,0,false,1130795251,2016-06-08T21:22:59Z,"indie soul","Beyond The Groove 3",0.897,0.666,11,-7.324,0,0.0644,0.146,0.00508,0.0953,0.537,113.014,4
spotify:track:0zlWkojH75QzyR6aTGs3Hs,"A Place to Start","Corsicana Lemonade","White Denim",2013-10-29,277693,0,false,1130795251,2016-06-08T21:24:34Z,"neo-psychedelic","Downtown Records",0.616,0.614,7,-9.724,1,0.0242,0.0537,0.0874,0.107,0.442,99.06,4
spotify:track:5zJeBd3k9vOpbvJ9EkL2Lm,"Am I Wrong","Am I Wrong","Anderson .Paak;ScHoolboy Q",2015-11-09,256720,0,false,1130795251,2016-06-08T21:25:41Z,"","Steel Wool Entertainment",0.747,0.731,2,-8.653,1,0.0797,0.0701,0.00221,0.0819,0.62,115.01,4
spotify:track:5dnAki4SIAcedhAPdF5l2h,"Heart Don't Stand a Chance","Malibu","Anderson .Paak",2016-01-15,312360,0,true,1130795251,2016-06-08T21:31:15Z,"","Steel Wool Entertainment",0.685,0.545,7,-6.189,1,0.061,0.173,0.0000144,0.237,0.506,94.061,4
spotify:track:0IFbyuvJUXroM8UkZ2Pnsk,"Evil","Head To The Sky","Earth, Wind & Fire",1973-05,300017,44,false,1130795251,2016-06-08T21:32:45Z,"funk,disco","Columbia",0.738,0.666,7,-10.918,1,0.0418,0.449,0.00615,0.063,0.889,120.207,4
spotify:track:4o66nwtDvRFsker4XEVBuY,"Hot Shot","Look Closer","Saun & Starr",2015-05-19,211413,0,false,1130795251,2016-06-08T21:34:23Z,"retro soul","Daptone Records",0.745,0.911,5,-5.247,0,0.0475,0.323,0.00000141,0.619,0.9,95.675,4
spotify:track:1beMK7jYcYluquccCQkaCK,"Ain’t That Funkin’ Kinda Hard on You? - We Ain’t Neva Gonna Stop Remix","Ain’t That Funkin’ Kinda Hard on You? (We Ain’t Neva Gonna Stop Remix)","Funkadelic;Kendrick Lamar;Ice Cube",2016-02-15,308351,0,true,1130795251,2016-06-08T21:38:28Z,"funk,funk rock,psychedelic rock,hip hop,west coast hip hop,old school hip hop,gangster rap,g-funk","C Kunspyruhzy Records Inc",0.577,0.891,4,-5.3,0,0.226,0.124,0,0.259,0.624,90.006,3
spotify:track:2WNSDa9fycsYHqH9g0EKqq,"Disco Hi-Life - Original Version","Disco Hi-Life","Orlando Julius",2009-04-03,540986,0,false,1130795251,2016-06-08T21:41:32Z,"afrobeat,highlife,afropop","Hot Casa Records",0.678,0.718,7,-7.189,0,0.111,0.52,0.0842,0.0699,0.899,121.637,4
spotify:track:5gIiRhcpVh4TdkDW2wiNdN,"Yeh-Yeh - 2002 Remastered","Flying Groove","Lambert, Hendricks & Bavan;Yolande Bavan;Jon Hendricks;Dave Lambert",2003-01-31,352000,6,false,1130795251,2016-06-08T21:49:02Z,"vocal jazz,bossa nova,jazz","RCA Bluebird",0.645,0.563,8,-9.72,1,0.098,0.332,0,0.672,0.812,88.735,4
spotify:track:02qb58ShSdI4Y7W51pHyM2,"Nação - Instrumental","Flies to Rio (feat. Josué Ferreira)","Sunlightsquare;Josue Ferreira",2016-05-13,300000,1,false,1130795251,2016-06-12T11:48:08Z,"latin house","Sunlightsquare Records",0.638,0.602,7,-12.679,1,0.0407,0.26,0.791,0.127,0.801,130.668,4
spotify:track:3kqyX5L77COMmbSn2Wx4gJ,"Taj Mahal - Original Mix","Flies to Rio (feat. Josué Ferreira)","Sunlightsquare;Josue Ferreira",2016-05-13,217001,8,false,1130795251,2016-06-12T11:49:46Z,"latin house","Sunlightsquare Records",0.75,0.703,6,-7.053,0,0.0457,0.0402,0.00000371,0.0284,0.973,131.008,4
spotify:track:32ThzXPiQKs4CYqvlE7CFq,"MmmHmm","Cosmogramma","Flying Lotus;Thundercat",2010-05-03,254840,0,false,1130795251,2016-07-20T22:48:22Z,"idm,experimental hip hop,nu jazz,glitch","Warp Records",0.466,0.698,9,-6.463,0,0.0891,0.361,0.0063,0.149,0.274,78.054,4
spotify:track:6psC59ooTxage8npmtg74G,"Do The Astral Plane","Cosmogramma","Flying Lotus",2010-05-03,237920,0,false,1130795251,2016-07-20T22:48:43Z,"idm,experimental hip hop,nu jazz,glitch","Warp Records",0.722,0.828,8,-3.227,0,0.19,0.0505,0,0.114,0.275,117.693,4
spotify:track:6lsumzVFKP9SnfKcuGwqVp,"Rome Wasn't Built in a Day","Fragments of Freedom","Morcheeba",2000-07-10,214719,61,false,1130795251,2016-07-21T21:41:22Z,"trip hop,downtempo","EastWest U.K.",0.61,0.807,5,-4.997,1,0.0305,0.0769,0.00000264,0.376,0.689,112.031,4
spotify:track:4R8rtLIPQcrjnYvKOlqUON,"Feel Like Jumping","Reggae Anthology: Melody Life","Marcia Griffiths",2007-04-23,213506,44,false,1130795251,2016-10-23T21:14:23Z,"lovers rock,rocksteady,reggae,roots reggae,ragga","VP Records",0.784,0.43,0,-9.284,1,0.0582,0.0566,0.167,0.0689,0.643,81.863,4
spotify:track:2Bh2lDeuQfRTOsmvKRfgyQ,"I'm Still In Love With You","Reggae Impact","Marcia Aitken",2014-06-06,228360,53,false,1130795251,2016-12-27T17:23:16Z,"lovers rock,rocksteady,reggae,roots reggae","VP Records",0.886,0.517,7,-7.178,1,0.0904,0.0432,0.0707,0.0506,0.598,80.525,4
spotify:track:7e4FBeBBfOOQsZosZVA7Af,"Adorn","Kaleidoscope Dream: The Water Preview","Miguel",2012-07-30,194093,40,false,1130795251,2017-01-05T15:51:57Z,"r&b","ByStorm Entertainment/RCA Records",0.618,0.576,11,-5.68,0,0.172,0.054,0.0000218,0.17,0.217,179.056,4
spotify:track:0VHXRtkcmo9nr6Wj454WU5,"Nao Aguento Voce","Brazilian Beats Brooklyn (Mr Bongo presents)","Trio Esperança",2006-08-07,125706,0,false,1130795251,2017-01-06T23:02:45Z,"brega","Mr Bongo",0.627,0.59,7,-7.309,1,0.033,0.222,0.0588,0.0769,0.588,108.456,4
spotify:track:5jSz894ljfWE0IcHBSM39i,"Raspberry Beret","Around the World in a Day","Prince",1985-04-22,215173,70,false,1130795251,2017-02-12T21:56:25Z,"funk rock,funk","Rhino/Warner Records",0.761,0.67,2,-12.759,1,0.0438,0.21,0.000426,0.0685,0.91,120.752,4
spotify:track:46u45Dhe0ArF7CuPEi2Jxl,"Baby I'm Yours (feat. Irfane)","Baby I'm Yours","Breakbot;Irfane",2010-02-25,215786,0,false,1130795251,2017-03-07T16:55:51Z,"french house,nu disco","Because Music",0.831,0.794,2,-3.701,0,0.0752,0.705,0.000034,0.0978,0.735,118.075,4
spotify:track:51ScxzHJH3By1Ygjy9Ew3S,"The Way We Get By","Kill the Moonlight","Spoon",2002-08-20,160173,0,false,1130795251,2017-03-08T15:58:06Z,"indie rock,indie","Headz",0.693,0.651,9,-6.189,0,0.0312,0.364,0.00000594,0.16,0.61,149.898,4
spotify:track:6uF3aECB81ZUgo9FpjGNUm,"Our Lives Are Shaped By What We Love","Our Lives Are Shaped By What We Love: Motown's Mowest Story 1971-73","Odyssey",2011-06-14,216333,17,false,1130795251,2017-03-08T16:51:27Z,"","UNI/MOTOWN",0.585,0.701,4,-10.704,0,0.0401,0.259,0.000102,0.101,0.841,96.504,4
spotify:track:60bwEPH4k7eY72xH7NKVcN,"Ice Cream","Fantastic Playroom","New Young Pony Club",2007-01-01,192120,0,false,1130795251,2017-05-16T17:17:25Z,"new rave,electroclash,alternative dance,indie dance","Universal Music AS",0.831,0.444,9,-5.787,0,0.0433,0.000351,0.000216,0.0724,0.924,121.995,4
spotify:track:2RaN7kGPxuT3wvpdw9dyND,"Beijo (Interlude)","All 'N All","Earth, Wind & Fire",1977-11-21,80760,53,false,1130795251,2017-03-12T21:05:31Z,"funk,disco","Columbia",0.841,0.752,11,-11.165,0,0.0898,0.248,0.0068,0.105,0.549,112.362,4
spotify:track:2R6UCilbfp3Cd1kiPK1OkX,"Mar Afunda - Bonobo Remix","Bottletop Presents Sound Affects: Brazil","Os Novos Crioulos",2003,284040,13,false,1130795251,2017-03-12T21:07:55Z,"","Mr Bongo",0.838,0.916,6,-10.662,0,0.044,0.0163,0.441,0.0698,0.934,94.994,4
spotify:track:5rjSKhSHGsKP2RJtbRWQkl,"Take It Easy My Brother Charles","Jorge Ben (1969)","Jorge Ben Jor",1969,155666,0,false,1130795251,2017-03-12T21:08:29Z,"mpb,bossa nova,samba,brazilian jazz","Universal Music Group",0.507,0.746,4,-5.696,1,0.162,0.464,0,0.0804,0.749,84.919,4
spotify:track:3EoeLDQ0UFIJi4cb8piW4M,"Do You Believe","Pacific Standard Time","Poolside",2012-07-09,254716,0,false,1130795251,2017-03-12T21:25:21Z,"nu disco","Day & Night Recordings",0.756,0.855,9,-5.057,0,0.0441,0.00537,0.749,0.0698,0.872,103.997,4
spotify:track:4QqrDluEDwmuxnH4Y3H346,"Sexual Healing","Rock With the Hot 8","Hot 8 Brass Band",2007-10-15,533000,1,false,1130795251,2017-03-31T09:19:30Z,"brass band","Tru Thoughts",0.564,0.597,8,-3.415,1,0.0523,0.102,0.0744,0.0671,0.369,102.788,4
spotify:track:6ZR0QRtdtzjvbBm62Cz4E2,"Spring - Air France Remix","Only Love Can Break Your Heart","Saint Etienne",2010-01-01,303360,0,false,1130795251,2017-04-12T07:54:39Z,"madchester,britpop,alternative dance","UMC (Universal Music Catalogue)",0.616,0.94,10,-4.882,0,0.0451,0.00000646,0.288,0.0622,0.762,98.952,4
spotify:track:1KFtR58Hn1nQ9fR0DRnC9n,"It'll All Be Over","It'll All Be Over","Supreme Jubilees",2015-01-20,185480,0,false,1130795251,2017-04-26T11:01:10Z,"funk gospel,classic soul","Light In The Attic Records",0.684,0.209,4,-15.314,0,0.0326,0.896,0.0145,0.114,0.413,82.274,4
spotify:track:6A9sBAev20XP6wkmTnNtR7,"Imagine - Asylum Mix","Rewind Old Skool Classics","Shola Ama",2010-01-01,340493,0,false,1130795251,2017-05-17T12:40:04Z,"uk garage,uk funky,uk r&b","Universal Music TV Campaign Division",0.791,0.849,6,-6.445,1,0.108,0.0417,0.0397,0.0957,0.962,128.569,4
spotify:track:7ncTtnHuRHExZGp18vnimz,"Mr. E's Beautiful Blues","Daisies Of The Galaxy","Eels",2000-02-28,258266,0,true,1130795251,2017-06-22T09:20:05Z,"","Universal Music Group",0.663,0.726,2,-6.626,1,0.0268,0.0528,0.00058,0.35,0.454,114.099,4
spotify:track:2FgAvIPnk7PEx8IGSpe3NF,"Soon Come","Soon Come","SHY FX;Liam Bailey",2013-07-29,185359,8,false,1130795251,2017-06-22T09:20:21Z,"jungle,drum and bass,bassline,liquid funk,retro soul,retro pop","Digital Soundboy",0.812,0.666,0,-6.878,1,0.131,0.419,0.103,0.236,0.795,79.968,4
spotify:track:6JQ5lxEH8pUut8xPV2j4Gq,"Money In My Pocket","Reflections","Dennis Brown",2011-01-14,153800,46,false,1130795251,2017-06-22T09:20:27Z,"lovers rock,reggae,roots reggae,rocksteady,dub,ragga","VP",0.768,0.487,2,-7.026,0,0.161,0.412,0.0000112,0.122,0.848,73.449,4
spotify:track:3mXjQTPztvXVRuL6tt6jY3,"Burguesinha","América Brasil O Disco","Seu Jorge",2007-01-01,258186,0,false,1130795251,2017-06-28T22:06:43Z,"mpb,samba,pagode","EMI",0.682,0.949,2,-5.401,1,0.0421,0.563,0.00403,0.337,0.96,101.976,4
spotify:track:0ybOxkJJuFyiWknxRAvxeI,"Brisa Mar","New Morning","Sabrina Malheiros",2008-08-10,196600,22,false,1130795251,2017-07-05T21:15:12Z,"bossa nova,brazilian jazz,latin jazz,nu jazz","Far Out Recordings",0.555,0.841,0,-5.96,0,0.0735,0.363,0.000414,0.289,0.833,96.918,4
spotify:track:16aVOG9YBesM18yE4ReEHo,"Sexual Healing - Studio Rio Version","Studio Rio Presents: The Brazil Connection","Marvin Gaye;Studio Rio",2014-05-12,249333,51,false,1130795251,2017-07-24T20:29:46Z,"motown,classic soul,soul,northern soul,quiet storm,bossa nova","Legacy Recordings",0.454,0.88,8,-3.878,1,0.0914,0.296,0,0.13,0.815,189.029,4
spotify:track:6sIoRDYpIO0V1Cctgx5XmA,"Back Again - Hot Toddy Remix","Chrome Waves Remixed","Kraak & Smaak;Hot Toddy;John Turrell",2014-11-03,450857,41,false,1130795251,2017-08-01T18:23:10Z,"nu disco,funky house,disco house","Jalapeno Records",0.846,0.841,10,-7.858,0,0.0496,0.431,0.406,0.0796,0.895,116.019,4
spotify:track:3c2kMiSB86tVq1J4oULmvL,"Groovin'","Groovin' (Mono)","The Young Rascals",1967,151289,66,false,1130795251,2017-09-03T10:01:01Z,"","Rhino Atlantic",0.605,0.455,5,-8.903,0,0.0301,0.595,0,0.0816,0.678,106.825,4
spotify:track:4MZmnMM6oOhcizGCVXNY6d,"Oogum Boogum Song","Oogum Boogum","Brenton Wood",1967-01-01,186567,0,false,1130795251,2017-09-03T10:01:24Z,"","Universal Music Group",0.836,0.696,7,-6.37,1,0.0401,0.8,0,0.0949,0.954,112.692,4
spotify:track:39qTXRJZd7omJi2KZCd0nJ,"The Force","Cold Water Music","Aim;QNC",1999,245946,49,false,1130795251,2017-09-19T12:22:23Z,"trip hop,downtempo,acid jazz","ATIC Records",0.922,0.701,4,-6.679,0,0.0868,0.0128,0.000822,0.0941,0.54,101.996,4
spotify:track:468C9SvUsVc5o0rFvWJiVD,"Super People","Super People / Papa Was a Rolling Stone","Sunlightsquare",2015-07-31,266980,45,false,1130795251,2017-10-19T10:37:44Z,"latin house","Sunlightsquare Records",0.763,0.774,9,-6.801,0,0.0674,0.204,0.671,0.0734,0.907,126.029,4
spotify:track:1LO5z5jechg4vHZ5wzatv2,"Always There - David Morales Remix","Best Of Incognito","Incognito",2000-01-01,216533,0,false,1130795251,2017-10-22T09:30:15Z,"acid jazz,jazz funk,smooth jazz","Verve",0.721,0.726,1,-8.675,1,0.0345,0.0115,0.00176,0.343,0.402,115.065,4
spotify:track:2vhLsN2p6FHPPm4LfEBB3N,"Pasilda - Knee Deep Club Mix","Pasilda (Extended Versions)","Afro Medusa;Knee Deep",1999,426000,52,false,1130795251,2017-12-20T16:49:42Z,"latin house,afro house,house,funky house,deep house","Armada Music",0.711,0.604,5,-8.675,0,0.0532,0.000882,0.818,0.0859,0.526,127.001,4
spotify:track:1lvqGtlv8phVnUkrqFFwwt,"Bala Berries","Brown Lounge, Vol. 1","letherette",2017-10-27,176000,5,false,1130795251,2018-02-06T23:35:53Z,"lo-fi house","Wulf",0.602,0.896,1,-4.716,1,0.344,0.0146,0.00628,0.159,0.897,109.908,4
spotify:track:2kXW9JriUNpNJfpBpYzqMM,"Because I'm Me","Wildflower","The Avalanches",2016-07-08,252800,0,false,1130795251,2018-03-08T13:06:42Z,"plunderphonics","XL Recordings",0.472,0.805,8,-5.793,1,0.086,0.0491,0.0162,0.337,0.512,94.922,4
spotify:track:4s1qTOw20p4SmQbERstuen,"Clareia","Clareia","Sabrina Malheiros",2017-07-28,339360,23,false,1130795251,2018-03-18T13:13:20Z,"bossa nova,brazilian jazz,latin jazz,nu jazz","Far Out Recordings",0.648,0.911,10,-8.899,0,0.0399,0.151,0.489,0.0618,0.665,123.045,4
spotify:track:6axzp2TsFaw9DJgElLLGk8,"Conexão","New Morning (Deluxe Edition)","Sabrina Malheiros",2009-10-12,317120,44,false,1130795251,2018-03-18T13:13:33Z,"bossa nova,brazilian jazz,latin jazz,nu jazz","Far Out Recordings",0.737,0.908,4,-10.014,0,0.0587,0.166,0.733,0.135,0.733,120.002,4
spotify:track:3rv2u0rfXCZrUoeposkCML,"Take Me I'm Yours","Take Me I'm Yours","Mary Clark",1980-03-15,417666,41,false,1130795251,2018-03-18T17:54:44Z,"disco","P&P Records",0.673,0.739,5,-9.935,0,0.0415,0.0126,0.000839,0.0527,0.85,105.132,4
spotify:track:4hykfJB06bqr7xVTAsgZV3,"Soleil de volt","Soleil de volt","Baloji",2018-01-22,290696,0,false,1130795251,2018-03-23T10:06:09Z,"","Bella Union",0.853,0.558,1,-8.18,1,0.245,0.0544,0,0.215,0.881,119.917,4
spotify:track:4anehmsEuhkXRjm6HAocaj,"Jump In The Pool","Friendly Fires","Friendly Fires",2009-08-30,217040,0,false,1130795251,2018-04-06T12:48:07Z,"new rave,indie dance","XL",0.419,0.924,9,-4.404,1,0.116,0.00883,0.0229,0.313,0.362,139.977,4
spotify:track:62i1Ny5AIjBm59QDligwzt,"Money","Lady","Lady Wray",2014-12-31,223671,31,false,1130795251,2018-04-09T21:07:38Z,"retro soul","Truth & Soul Records",0.686,0.732,0,-5.672,1,0.0513,0.0211,0.00000825,0.08,0.359,98.412,4
spotify:track:1iMOlA78LDd12ZHhuBNDh6,"Thinking of You","Melodies","Lord Echo",2010-12-06,420720,1,false,1130795251,2018-04-11T11:04:59Z,"indie soul,nz reggae","Soundway Records",0.723,0.754,10,-9.376,1,0.0576,0.0491,0.00112,0.393,0.592,97.201,4
spotify:track:4KOQk1FhOOIfuHMZahP5Wa,"Guarde Minha Voz","Vale Tudo","Sandra De Sá",1983-01-01,191186,40,false,1130795251,2018-04-24T12:18:56Z,"mpb,samba","Som Livre",0.871,0.505,7,-12.594,1,0.0326,0.401,0.000221,0.214,0.891,107.405,4
spotify:track:1962ZwEY7WNQLcmYFn3eR9,"Where I'm From","Reachin' (A New Refutation Of Time And Space)","Digable Planets",1993-01-01,275342,58,false,1130795251,2018-05-13T11:26:57Z,"jazz rap,east coast hip hop,hip hop,acid jazz,old school hip hop","Pendulum Records",0.876,0.42,0,-18.246,0,0.279,0.188,0.00186,0.0668,0.706,98.303,4
spotify:track:7g8KBX70q8F0y3DqkReyAL,"California Love - Edit","California Love","Sly5thAve;Cory Henry",2018-02-23,208771,0,false,1130795251,2018-05-23T18:50:49Z,"indie jazz,nu jazz,retro soul,Christian jazz,jazz fusion","Tru Thoughts",0.646,0.674,7,-8.126,0,0.0341,0.071,0.33,0.151,0.633,91.991,4
spotify:track:2ytqms9uZWXbZfXC0r2yKF,"Beautiful People - Original Club Mix","The Masquerade (Mixed by Claptone)","Barbara Tucker",2016-10-28,568293,0,false,1130795251,2018-05-25T14:18:53Z,"chicago house,house,funky house,rally house","Defected Records",0.798,0.768,7,-6.722,1,0.127,0.0302,0.00000819,0.214,0.595,123.864,4
spotify:track:6gB3NJQ9dF5xoqUBKGX6Uz,"Nomalizo","Greatest Hits","Letta Mbulu",2017-08-01,308440,0,false,1130795251,2018-06-20T20:51:55Z,"afro soul","Columbia",0.848,0.507,5,-10.094,1,0.0397,0.487,0.00464,0.0611,0.689,98.262,4
spotify:track:1np1H7mh6iUZhdBhkh3QIo,"Disco Dancer","24 Hours in a Disco 1978-82","Kiki Gyan",2012-11-26,416800,0,false,1130795251,2018-06-27T21:57:32Z,"disco","Soundway Records",0.699,0.869,9,-10.199,1,0.0456,0.0317,0.411,0.0368,0.963,115.273,4
spotify:track:2WxpRGIG5Ljro8m3BYLnGv,"My Way","fabric 99: Sasha","Joe Dukie;Close",2018-06-22,231453,0,false,1130795251,2018-07-03T09:26:57Z,"nz reggae","Fabric Worldwide",0.868,0.371,0,-9.942,1,0.125,0.0364,0.000567,0.227,0.63,107.924,4
spotify:track:4YU7kjwU5ebyKS9QzkcAFK,"Roy Keane","Club Orange EP","Brame & Hamo",2018-02-19,403480,0,false,1130795251,2018-07-20T12:39:04Z,"lo-fi house","Brame & Hamo",0.812,0.881,10,-6.47,0,0.0757,0.000559,0.937,0.0453,0.579,124.003,4
spotify:track:7cGfrVoC7G03XeXn7yflx5,"Move Your Feet","D-D-Don't Don't Stop the Beat","Junior Senior",2002-04-03,181826,1,false,1130795251,2018-10-12T17:47:10Z,"","Crunchy Frog",0.747,0.904,9,-2.623,1,0.0803,0.046,0.106,0.203,0.846,118.877,4
spotify:track:2IzIQZcZYvQNIhWq4pCuH6,"Sweetsmoke","Trouser Jazz","Mr. Scruff",2002,245506,28,false,1130795251,2018-11-02T11:39:50Z,"electro swing,trip hop,nu jazz,downtempo,acid jazz","Ninja Tune",0.799,0.729,0,-5.445,1,0.0394,0.00154,0.895,0.252,0.655,126.624,4
spotify:track:4P8OkE3ktQXiG1aKUWNax3,"Daqui Pro Méier","Manual Prático Para Festas, Bailes E Afins","Ed Motta",1997-01-01,291506,37,false,1130795251,2018-11-13T15:33:14Z,"mpb,brazilian jazz,brazilian rock,brazilian pop","Universal Music Ltda.",0.782,0.822,9,-8.655,1,0.039,0.165,0.0000455,0.0729,0.751,121.072,4
spotify:track:7KEwk8kBiMw9DTB7E2yAhU,"Comin' Back (feat. Rachel Foster)","Ariels","Bent;Rachel Foster",2004-10-21,281200,21,false,1130795251,2018-11-20T13:51:37Z,"trip hop,downtempo","Ministry of Sound Recordings",0.641,0.692,4,-5.015,1,0.0321,0.00115,0.000603,0.138,0.519,125.123,4
spotify:track:5HnhHus61B0E2haW0y2jR3,"Hours","Teal","Julien Dyne;Ladi6",2018-10-19,235357,0,false,1130795251,2018-11-26T11:04:47Z,"nz reggae","Soundway Records",0.763,0.798,0,-7.851,1,0.184,0.0796,0.00723,0.119,0.615,124.391,4
spotify:track:6r0Ryr7Retl1BpvBDmgAGD,"Ready 2 Wear","Devin Dazzle & The Neon Fever","Felix Da Housecat",2017-09-29,221666,0,false,1130795251,2018-12-18T16:45:21Z,"electroclash,chicago house,acid house","Founders of Filth",0.645,0.706,0,-8.042,0,0.0277,0.101,0.000769,0.125,0.797,125.924,4
spotify:track:6aP17Z7Bb8nvj6Tv9CcIn6,"Akoko Ba","Gyedu-Blay Ambolley (Analog Africa Dance Edition No. 9)","Gyedu-Blay Ambolley",2018-08-01,310265,30,false,1130795251,2019-01-13T21:30:18Z,"highlife,champeta,hiplife,afrobeat","Analog Africa",0.75,0.654,0,-12.525,1,0.0815,0.0982,0.00565,0.0688,0.724,118.306,4
spotify:track:03Cu1d9U6Xrs27qPlk1ULx,"Roady","Based on a True Story","Fat Freddy's Drop",2005,429960,0,false,1130795251,2019-01-22T14:28:35Z,"nz reggae,dub","The Drop",0.825,0.432,5,-9.56,0,0.285,0.0723,0.00109,0.164,0.842,173.023,4
spotify:track:2RPmmV3tm2249l0NxXfgsZ,"The Next Time Around","Little Joy","Little Joy",2008-11-03,156946,0,false,1130795251,2019-02-28T15:27:43Z,"","Rough Trade",0.748,0.605,10,-7.987,1,0.0316,0.844,0.0711,0.128,0.964,120.019,4
spotify:track:7DmExRy2zWKkM9QX8Wy7oM,"Ain't No Sunshine","Loose & Juicy","Sivuca",2007-01-01,289000,36,false,1130795251,2019-03-04T17:42:26Z,"forró tradicional,forró,brazilian jazz","Vanguard Records",0.623,0.567,5,-14.682,0,0.0299,0.305,0.246,0.0639,0.905,95.462,4
spotify:track:33yAEqzKXexYM3WlOYtTfQ,"D.A.N.C.E.","Justice","Justice",2007-06-11,242266,68,false,1130795251,2019-03-19T10:46:09Z,"french house,new rave","Ed Banger Records",0.613,0.962,6,-5.07,0,0.278,0.034,0,0.824,0.496,113.015,4
spotify:track:0cBr3OsWXW3g8VrRRsHi80,"Parabéns","Contrasts","Marcos Valle",2004-10-01,513919,42,false,1130795251,2019-03-26T10:37:07Z,"bossa nova,brazilian jazz","Far Out Recordings",0.739,0.759,7,-8.825,1,0.0442,0.0185,0.317,0.0987,0.464,109.82,4
spotify:track:3BCm6lPjhIbNypWwFP8qDs,"Brasil Pandeiro","Brasil Bam Bam Bam (Gilles Peterson Presents Sonzeira) [Deluxe Version]","Sonzeira;Emanuelle Araújo;Arlindo Cruz;Chico Chagas",2014-01-01,249493,1,false,1130795251,2019-03-26T10:37:17Z,"new mpb,axé,samba,pagode,mpb,forró,forró tradicional,brazilian jazz","EMI",0.718,0.909,7,-4.923,1,0.0663,0.244,0.0000128,0.631,0.549,107.897,4
spotify:track:2Lh7YrkANGELhT8pOUlht1,"Give Me The Sunshine","We Need Each Other","Leo's Sunshipp",1978,382733,43,false,1130795251,2019-04-20T16:40:28Z,"jazz funk","Expansion Records",0.589,0.616,5,-9.475,0,0.0312,0.11,0.204,0.0721,0.87,96.616,4
spotify:track:7zTuOiXobFIcMdwJQ6rtW7,"Can't Seem to Hide","Can't Seem to Hide - Single","Bosq;Megan Doherty",2018-03-30,346466,0,false,1130795251,2019-04-25T15:19:59Z,"disco house,nu disco","Ubiquity Recordings, Inc.",0.855,0.536,6,-10.386,0,0.0504,0.00813,0.172,0.0595,0.79,121.011,4
spotify:track:7hJcQ9AapuqYAE2nPZTc1D,"Celebrar","Clareia","Sabrina Malheiros",2017-07-28,328560,27,false,1130795251,2019-04-29T14:33:39Z,"bossa nova,brazilian jazz,latin jazz,nu jazz","Far Out Recordings",0.733,0.629,2,-8.188,0,0.0377,0.0818,0.000311,0.338,0.791,103.017,4
spotify:track:2koS4fD3kzizdnzWzyrxyT,"Estrelar","Marcos Valle","Marcos Valle",1983-01-01,313493,63,false,1130795251,2019-05-19T21:47:56Z,"bossa nova,brazilian jazz","Som Livre",0.879,0.495,7,-10.584,0,0.0765,0.538,0.000333,0.0827,0.802,102.652,4
spotify:track:7oPAhwuLEVVzT53jXffG7B,"Come On Home","Horizon Unlimited","The Lijadu Sisters",2012-08-14,318785,0,false,1130795251,2019-05-25T08:43:55Z,"highlife","Knitting Factory Records",0.537,0.5,7,-11.22,1,0.0939,0.0688,0.00377,0.076,0.909,93.849,4
spotify:track:0eCZ7EzNqOz4WU3gcqqNlG,"Ooh Wee (feat. Ghostface)","A Tribute to The King of G-Funk (Deluxe Version)","Nate Dogg;J.PERIOD;Ghostface",2015-04-14,122906,0,true,1130795251,2019-06-01T10:04:14Z,"g-funk,west coast hip hop,old school hip hop","RBC Records",0.736,0.926,4,-5.499,0,0.103,0.0162,0.00000417,0.063,0.805,105.044,4
spotify:track:30k5zkCa5yfU5iOVpbEPi1,"Trinkets & Things","Cosmic Rhythm","Ryo Kawasaki",1998-12-05,278693,0,false,1130795251,2019-06-01T14:14:50Z,"jazz fusion,jazz funk","Video Arts Music",0.63,0.644,7,-10.466,1,0.122,0.765,0.000164,0.19,0.873,96.421,4
spotify:track:4eGlINyeRYE1gr1VrLr8VH,"Keep It Movin'","Keep It Movin'","Jungle Brown",2019-05-03,245856,0,true,1130795251,2019-06-03T21:35:00Z,"jazz rap","Mr Bongo",0.773,0.459,10,-9.879,0,0.222,0.0826,0.0001,0.11,0.789,98.263,4
spotify:track:0vaI1KPCp8ryF7CSk0KVfU,"Água de Coco","Contrasts","Marcos Valle",2004-10-01,287560,52,false,1130795251,2019-06-13T22:02:51Z,"bossa nova,brazilian jazz","Far Out Recordings",0.755,0.737,10,-9.611,0,0.0653,0.466,0.000653,0.504,0.836,87.997,4
spotify:track:6Blq98y6ufdpWqd7AFVkp3,"Angel - DJ Spen & Gary Hudgins Long Version","Quantize Summer Sampler 2017","Liquideep;Gary Hudgins;DJ Spen",2017-08-18,550243,16,false,1130795251,2019-06-26T09:05:27Z,"house,nu disco,disco house,funky house,chicago house,deep house","Quantize Recordings",0.812,0.539,4,-7.846,0,0.0705,0.00133,0.000171,0.042,0.712,123.018,4
spotify:track:3hl5B6GYsN4K5sjfQvx8JD,"Outro lugar","Brasil","Salomé de Bahia",2007-01-01,418280,0,false,1130795251,2019-06-26T15:57:54Z,"latin house","Yellow productions",0.743,0.941,4,-5.23,0,0.0419,0.0172,0.0155,0.0394,0.723,128.002,4
spotify:track:2bwxqGKS5GPXfNanAIRe2p,"Seven Days in Sunny June","Dynamite","Jamiroquai",2005-06-15,237866,71,false,1130795251,2019-06-29T13:05:23Z,"acid jazz","Sony Music UK",0.707,0.797,7,-7.143,1,0.0435,0.2,0,0.302,0.633,105.397,4
spotify:track:2A0BjaeCtJHKpYDoOJtfSN,"Projections","Projections EP","Henry Wu;Earl Jeffers",2018-03-23,439342,0,false,1130795251,2019-07-03T16:08:59Z,"nu jazz","MCDE Recordings",0.896,0.964,1,-6.461,1,0.0807,0.0121,0.109,0.191,0.847,121.961,4
spotify:track:0QO9k2PhZc7BQVsVbQ4rnU,"Conexão","New Morning","Sabrina Malheiros",2008-08-10,340493,19,false,1130795251,2019-07-03T16:43:09Z,"bossa nova,brazilian jazz,latin jazz,nu jazz","Far Out Recordings",0.749,0.945,4,-6.519,0,0.0593,0.0495,0.528,0.27,0.573,119.984,4
spotify:track:6yjgNGxr29EFcKEnC2qNWw,"Samba De Flora","Samba De Flora","Airto",1988,376573,0,false,1130795251,2019-07-12T11:40:43Z,"brazilian jazz,latin jazz,jazz fusion","Montuno Records",0.597,0.721,8,-14.078,1,0.0693,0.285,0.0855,0.165,0.806,134.554,4
spotify:track:575jFHHZ4nwnbagu8wx58e,"Free As The Morning Sun - Haji & Emanuel Remix","Free As The Morning Sun","Mr Hermano",2005-06-01,485826,5,false,1130795251,2019-07-12T12:14:20Z,"brazilian jazz,nu jazz","Soul Love",0.614,0.914,2,-6.868,1,0.0472,0.00104,0.202,0.154,0.621,126.002,4
spotify:track:7eivxjw6BUxwkgTcQqyYVW,"Don't Let Me Down","Play Me Sweet and Nice","Marcia Griffiths",2006-01-01,204533,0,false,1130795251,2019-07-15T13:35:07Z,"lovers rock,rocksteady,reggae,roots reggae,ragga","Trojan Records",0.692,0.662,4,-10.045,1,0.0531,0.404,0.00509,0.465,0.948,157.372,4
spotify:track:0vCoFBsmYBlVKteplak8Yo,"Number One - 12"" Version","Remind Me (The Classic Elektra Recordings 1978-1984)","Patrice Rushen",2019-07-19,403464,0,false,1130795251,2019-07-19T08:49:30Z,"post-disco,jazz funk,disco,funk","Strut",0.829,0.728,5,-10.984,0,0.0385,0.0385,0.779,0.0399,0.906,114.956,4
spotify:track:6iMeiLpoD5YomwLbAXqYe2,"We Are On The Move (feat. Eric Roberson)","ManMade","Zo!",2013-05-21,344750,38,false,1130795251,2019-08-12T12:54:42Z,"neo soul","The Foreign Exchange Music",0.865,0.522,7,-7.057,1,0.1,0.069,0.393,0.122,0.526,118.175,4
spotify:track:36jSIOSE72neBbKntCthqw,"Addictive","Truthfully Speaking","Truth Hurts;Rakim",2002-01-01,226440,63,true,1130795251,2019-08-14T15:41:37Z,"east coast hip hop,old school hip hop,hip hop","Aftermath",0.701,0.677,11,-6.591,0,0.147,0.0737,0.000162,0.187,0.367,99.271,4
spotify:track:2xOWwAGm4kDqxCVketiDjk,"Go","Go","Ahu",2019-05-24,146086,4,false,1130795251,2019-08-19T16:42:49Z,"","Epic Istanbul",0.696,0.677,11,-8.975,1,0.059,0.455,0.00354,0.0959,0.744,87.437,4
spotify:track:37D9O4De2WL1hA6gyResgl,"Cheer Up, My Brother","Sunday","HNNY",2015-07-03,305776,57,false,1130795251,2019-09-21T21:10:24Z,"jazz house","HNNY",0.761,0.263,0,-14.762,0,0.0473,0.12,0.239,0.0996,0.315,107.991,4
spotify:track:6UTSeHhAQ8J2uQ7h2dqHP7,"Paradise Island - Original","Paradise Island","Azwon",2019-07-26,321796,0,false,1130795251,2019-10-08T12:43:40Z,"","Pressure Makes Diamonds",0.365,0.894,9,-4.848,0,0.0639,0.0891,0.0033,0.701,0.707,114.228,4
spotify:track:0OhxFAG6VqiOiG8kV8CSB0,"You've Got to Have Freedom","The Empire Strikes Back","Uptown Funk Empire;Janice;Ange",2009-05-22,350773,0,false,1130795251,2019-10-21T13:31:22Z,"acid jazz,jazz funk,funk","Soulab",0.851,0.779,11,-6.541,0,0.0523,0.0888,0.55,0.0917,0.748,122.024,4
spotify:track:0QMrR7L9dHvUnE1zYZhWNE,"Diamond Life (feat. Julie McKnight) - Richard Earnshaw Remix","Diamond Life (feat. Julie McKnight)","Louie Vega;Jay Sinister Sealee;Julie McKnight;Richard Earnshaw",2002-10-01,463426,0,false,1130795251,2019-12-01T09:15:42Z,"chicago house,deep house,latin house,house,disco house,funky house,jazz house","4 To The Floor Records",0.811,0.63,1,-7.378,0,0.0747,0.015,0.00765,0.0186,0.729,127,4
spotify:track:5n9wJAsxBIv25iA8hcSBvs,"Me Vuelves Loco","Me Vuelves Loco","Juan Di Lago;Alberto Gabilan",2016-07-29,421935,0,false,1130795251,2019-12-01T09:20:32Z,"","Purple Music",0.765,0.838,4,-8.924,0,0.0496,0.0718,0.738,0.0619,0.205,123.988,4
spotify:track:0bPETkh1amnP7sMklHV2IT,"Beyond the Stars","New Chapter","Cody Currie;Joel Holmes",2019-10-18,368619,0,false,1130795251,2019-12-01T09:23:14Z,"jazz house,lo-fi house,disco house,funky house,jazz funk,nu jazz","Toy Tonics",0.797,0.609,5,-11.831,0,0.0574,0.0331,0.0566,0.0885,0.772,116.005,4
spotify:track:6HDM2OxgzJ28iEhNWq0KQ8,"Summer Maddness S.A.","Alone Together","Karriem Riggins",2012-10-22,125026,0,false,1130795251,2019-12-02T08:38:30Z,"","Stones Throw Records",0.677,0.649,7,-9.735,1,0.345,0.196,0,0.163,0.779,89.661,4
spotify:track:1cRYUgztsBj28Crkm0viDq,"Jazz Carnival","Light As A Feather","Azymuth",1979,573693,34,false,1130795251,2019-12-09T15:53:17Z,"brazilian jazz,jazz funk,jazz fusion,acid jazz","Black Sun Music",0.55,0.861,2,-13.183,0,0.0414,0.0258,0.793,0.0852,0.775,133.944,4
spotify:track:3a1ecfq5IFiQWu2dQz3axk,"Cherry on Top","Cherry on Top","Lou Hayter",2018-10-18,202421,0,false,1130795251,2019-12-09T16:21:14Z,"","New Sins",0.459,0.824,1,-5.323,1,0.0658,0.00824,0,0.0518,0.474,104.962,4
spotify:track:18hGor554Wb0c3QbmRSywR,"Oyelo","Oyelo","Sunlightsquare",2017-07-07,387096,8,false,1130795251,2020-01-10T16:59:53Z,"latin house","Sunlightsquare Records",0.852,0.705,5,-9.261,0,0.116,0.0512,0.232,0.0527,0.665,124.017,4
spotify:track:0ZEcI78PzxOXJ7mY3cRQDV,"Reach 4 Freedom - DF's Vocal Mix","Abstract Jazz Journey EP 2","Dennis Ferrer",2005-05-16,507744,0,false,1130795251,2020-01-12T21:58:17Z,"uk funky,deep house,funky house,house,afro house","Nite Grooves",0.662,0.88,1,-7.504,0,0.0669,0.0521,0.000243,0.0341,0.916,125.977,4
spotify:track:1lDWv1dqGIMhNpgU9nVPuY,"Holding You, Loving You","Late Night Tales: Another Late Night - Zero 7","Don Blackman",2012-03-23,249084,21,false,1130795251,2020-02-24T13:26:49Z,"post-disco,jazz funk","Late Night Tales",0.531,0.71,1,-6.49,1,0.0741,0.376,0.0000492,0.148,0.516,79.031,4
spotify:track:2IQE9PaIpiKmw2Xln7ghB1,"Bird Of Beauty","Fulfillingness' First Finale","Stevie Wonder",1974-07-22,228466,38,false,1130795251,2020-02-24T16:09:59Z,"motown,classic soul,soul","Motown",0.628,0.817,11,-10.611,0,0.0884,0.55,0.0000605,0.487,0.413,96.682,4
spotify:track:7IUVMKogmVeSM5dLPi0OON,"Disco Funk","Disco Funk","Galaxy",2020-01-17,295760,0,false,1130795251,2020-02-24T16:12:08Z,"krautrock","Strut",0.537,0.714,5,-8.742,0,0.0599,0.0801,0.472,0.182,0.962,104.755,4
spotify:track:0hL8sBBOvup2rbzNwou5FX,"Quicksand","Beauty: A Journey Through Jeremy Underground's Collection","Starcrost",2016-09-09,304746,27,false,1130795251,2020-02-26T21:18:41Z,"","Spacetalk",0.552,0.529,0,-6.671,0,0.0308,0.827,0.00326,0.103,0.346,120.254,4
spotify:track:3urCYnjCkNbA78BnRm4Sxu,"Sunny","Sunny","Yambu",2012,272933,15,false,1130795251,2020-03-01T11:56:06Z,"","Vampisoul",0.645,0.761,0,-6.887,1,0.035,0.272,0.00159,0.0603,0.808,124.054,4
spotify:track:1tO5IV6beNuuSTAVVZuI0N,"The Blessing Song","Pneuma","Michael White",1972-01-01,374786,37,false,1130795251,2020-03-02T14:48:29Z,"free jazz,experimental jazz","Verve Reissues",0.479,0.351,8,-14.815,1,0.0856,0.797,0.457,0.0681,0.654,73.221,4
spotify:track:54HkThpmxOmKBZ3xoELvT5,"Soulshine","Onda Nova","Lucas Arruda",2019-02-15,255700,3,false,1130795251,2020-03-02T15:55:11Z,"indie jazz,aor,brazilian jazz","Favorite Recordings",0.639,0.763,2,-8.495,0,0.034,0.0131,0.438,0.318,0.511,106.953,4
spotify:track:17hKeC8BqsVBcTUjrNGqTY,"Sol, Céu e Mar","Clareia","Sabrina Malheiros",2017-07-28,403440,20,false,1130795251,2020-03-02T15:57:10Z,"bossa nova,brazilian jazz,latin jazz,nu jazz","Far Out Recordings",0.732,0.689,10,-8.639,1,0.038,0.168,0.0146,0.0756,0.778,97.982,4
spotify:track:4CfkxZ4w0qCNuSA0hMJPeH,"Rare Happiness","Hunch Music","Hunee",2015-07-06,351207,0,false,1130795251,2020-03-18T12:48:33Z,"lo-fi house","Rush Hour",0.81,0.686,7,-10.329,1,0.0601,0.112,0.893,0.0765,0.721,120.01,4
spotify:track:0OYKPDicsx5rFpScHnWIoH,"Dancing in Outer Space","Dancing in Outer Space","Atmosfear",2000-01-01,577093,25,false,1130795251,2020-03-22T15:21:18Z,"jazz funk,post-disco","Disorient",0.706,0.528,7,-14.511,1,0.0664,0.00158,0.074,0.222,0.658,126.485,4
spotify:track:2hFjxLPeeBZrvLb302MKLj,"Like It Is","Disco Volante EP","Coeo",2016,355968,0,false,1130795251,2020-03-24T21:03:15Z,"jazz house,disco house,funky house,nu disco,lo-fi house","Razor-N-Tape Digital",0.899,0.677,3,-10.042,0,0.0394,0.0497,0.776,0.0603,0.657,119.007,4
spotify:track:43oR1QoxlwLH8JyTOToN42,"It's Alright, I Feel It","Nuyorican Soul","Nuyorican Soul;Jocelyn Brown",1997,202360,16,false,1130795251,2020-03-27T09:47:29Z,"acid jazz","UMC (Universal Music Catalogue)",0.714,0.907,6,-7.574,1,0.0661,0.0185,0.141,0.122,0.435,121.877,4
spotify:track:17I5HiscSrsUwXAYyXF5K1,"Ain't Nobody (12"" Mix)","Ain't Nobody","Yvonne Archer",2020-01-24,438629,0,false,1130795251,2020-03-30T10:39:45Z,"","Isle of Jura Records",0.792,0.524,3,-8.246,0,0.0809,0.0262,0.118,0.0703,0.716,95.848,4
spotify:track:4S09ONmBJyA7yNlDMbGC9s,"Someday","Under the Munka Moon","Alice Russell",2004-04-10,177640,0,false,1130795251,2020-03-31T15:28:31Z,"nu jazz,retro soul","Tru Thoughts",0.752,0.424,4,-7.687,0,0.051,0.165,0.0000131,0.132,0.494,77.434,4
spotify:track:0GJ07sZTPG0q1D8ATaPLpo,"Smile","Mt Glorious","Sampology",2018-08-10,279986,0,false,1130795251,2020-04-01T14:06:54Z,"","Middle Name Records",0.727,0.686,7,-10.475,1,0.0397,0.193,0.826,0.102,0.602,111.036,4
spotify:track:6At2vIAYwZql5HZ2gSlcAG,"Give A Little Love","Give A Little Love","Johnny Osbourne",2014-08-15,302360,10,false,1130795251,2020-04-04T13:24:28Z,"roots reggae,reggae,rocksteady,dub,lovers rock,ragga","Greensleeves",0.616,0.436,7,-13.906,1,0.0468,0.0267,0.000678,0.115,0.481,144.841,4
spotify:track:0QU6YJHvx31NWsoLaLKFWM,"Não Sabia Nem Começar","Não Sabia Nem Começar","Natalie Greffel",2020-03-05,272006,0,false,1130795251,2020-04-08T15:50:31Z,"","Agogo Records",0.539,0.684,8,-9.677,1,0.0653,0.606,0.0657,0.141,0.879,108.699,4
spotify:track:4WLr1YIujv5mBPQZ3sHSYG,"Apparently Nothin' - 12"" Mix","Road To Freedom","Young Disciples",2006-01-01,278786,0,false,1130795251,2020-04-15T13:45:22Z,"acid jazz,jazz funk","UMC (Universal Music Catalogue)",0.866,0.668,1,-6.393,1,0.0795,0.0111,0,0.09,0.733,102.947,4
spotify:track:30KHPJLS8Xpq6DpGZxfpwN,"London Town","The Best of the Light of the World","Light Of The World",1992-10-19,271373,0,false,1130795251,2020-04-16T07:54:07Z,"jazz funk,post-disco,acid jazz","Chrysalis Records",0.668,0.487,7,-13.216,0,0.0877,0.371,0.0315,0.108,0.723,101.82,4
spotify:track:2DepZXq4pL2z0HPM2YG5JS,"The Weather Report","The Weather Report","Incognito;Take 6",2019-09-27,245586,2,false,1130795251,2020-04-23T17:09:09Z,"acid jazz,jazz funk,smooth jazz,vocal jazz,gospel,Christian jazz","Bluey Music Limited",0.576,0.915,1,-6.91,1,0.0491,0.0399,0,0.374,0.702,95.025,4
spotify:track:618Jj4kfAJBIm1iS69F8mc,"It's Alright, I Feel It! - M.A.W. 12"" Mix","Nuyorican Soul","Nuyorican Soul",1997,588040,8,false,1130795251,2020-04-24T16:38:02Z,"acid jazz","UMC (Universal Music Catalogue)",0.707,0.844,6,-9.751,1,0.0611,0.00841,0.313,0.0834,0.514,121.915,4
spotify:track:7wTslfRFepnLp9wrJt7bZr,"Day Pulse - Original Mix","Begin","BEGIN",2018-05-04,317342,0,false,1130795251,2020-04-26T13:45:26Z,"kayokyoku,j-pop,enka","Love International Recordings",0.717,0.651,7,-11.607,1,0.0415,0.0161,0.821,0.0942,0.827,93.009,4
spotify:track:7qh2WCyil4i5Dqlv1Tos4a,"Desdenha","Farewell EP","Graveola",2012-10-08,328906,0,false,1130795251,2020-04-29T14:35:27Z,"new mpb","Mais Um Discos",0.744,0.837,7,-5.443,1,0.047,0.511,0.0125,0.11,0.949,102.51,4
spotify:track:7k11Ii2cGblg42H4iUZFEv,"Elevator (Going Up) - Album Mix","Louie Vega Starring...XXVIII","Louie Vega;Monique Bingham",2016-02-26,305813,28,false,1130795251,2020-04-29T16:03:29Z,"chicago house,deep house,latin house,house,disco house,afro house,afro tech","Vega Records",0.797,0.673,0,-7.691,1,0.0745,0.175,0.00617,0.132,0.429,122.991,4
spotify:track:4ThTJBOvrEXeOQ1CvET73g,"You Can Do It (Baby) - Full Version","Nuyorican Soul","Nuyorican Soul;George Benson",1997-01-01,523133,0,false,1130795251,2020-04-29T16:06:32Z,"acid jazz,smooth jazz,yacht rock,jazz funk,soul jazz","Talkin' Loud",0.535,0.556,4,-9.749,0,0.0693,0.368,0.106,0.0904,0.351,119.39,4
spotify:track:27lqvywx3wruW3Xh93AGYs,"Finally - Nuyorican Soul Remix","Finally","Kings Of Tomorrow;Julie Mc Knight",2001,494826,4,false,1130795251,2020-05-17T10:32:20Z,"deep house,funky house","Distance",0.883,0.486,0,-12.461,1,0.0726,0.00229,0.00421,0.101,0.455,124.993,4
spotify:track:2XQY54Im8VrO4sd2tAmiv4,"Welcome Back","Welcome Back","Mase",2005-10-04,262213,61,false,1130795251,2020-05-18T20:07:04Z,"old school hip hop","Bad Boy Records",0.764,0.744,1,-2.34,1,0.181,0.0109,0.000122,0.318,0.511,88.426,4
spotify:track:3L1kD0jgSfbdSyciyWc27i,"Uno Esta","Fancy Dancer (Reissue)","Bobbi Humphrey",1975-01-01,403306,37,false,1130795251,2020-05-18T13:58:55Z,"jazz funk,jazz fusion,soul jazz","Blue Note Records",0.62,0.705,10,-11.012,0,0.0729,0.11,0.0161,0.118,0.686,95.792,4
spotify:track:4lxigqjxkuTHbidhDldXF8,"Jazz Carnival - Full","Light as a Feather","Azymuth",2012-11-26,638613,15,false,1130795251,2020-05-20T12:53:39Z,"brazilian jazz,jazz funk,jazz fusion,acid jazz","Far Out Recordings",0.548,0.903,9,-10.843,0,0.0425,0.0571,0.806,0.077,0.759,131.283,4
spotify:track:7zoaxmDEONxkI2lMOhxJYN,"French Waltz","Musical Massage (Expanded Edition)","Leon Ware",1976-09-01,111506,44,false,1130795251,2020-05-27T14:55:14Z,"jazz funk,post-disco","UNI/MOTOWN",0.367,0.671,7,-10.24,1,0.0506,0.346,0.954,0.496,0.703,159.278,3
spotify:track:6k1U425ojAAE4QDfcIzEKA,"It's a Feeling","Tropical funk Holy Grail 45","St. Maarten’s The Rolling Tones",2013-03-25,274986,0,false,1130795251,2020-05-27T14:55:58Z,"","Record Kicks",0.534,0.873,7,-9.159,0,0.225,0.0594,0.000824,0.36,0.855,126.903,4
spotify:track:0zJpHf2lMhpLk5RA3Fnevd,"Music of Life","Cerrone IV, VII","Cerrone",2015-05-04,391146,0,false,1130795251,2020-05-27T15:07:44Z,"italo disco,disco,hi-nrg,disco house,nu disco,post-disco,french house","Malligator Préférence",0.709,0.927,4,-6.751,0,0.0575,0.103,0.00434,0.0922,0.773,90.847,4
spotify:track:6W0PqAtbW7fkTRBtmwOwfM,"Okay Okay","Italian Classics: Pino D'Angiò Collection, Vol. 1","Pino D'Angiò",2011-03-15,258399,64,false,1130795251,2020-05-28T13:29:41Z,"italo disco","Peer Southern Productions",0.765,0.91,6,-8.115,0,0.0827,0.569,0.00231,0.337,0.804,112.922,4
spotify:track:70lHpE2jGA5AgmsHJYbn5c,"Shining of Life - 2017 Full Moon Mix","Shining of Life","Calm presents K.F.",2017-12-01,922750,11,false,1130795251,2020-05-31T14:59:15Z,"","Music Conception",0.67,0.744,4,-8.712,0,0.0355,0.195,0.35,0.0793,0.789,119.998,4
spotify:track:0jWXPJlBZtwvRGZOsm3zZ9,"Trouble Maker","Trouble Maker / Run My People","Wailing Souls",2020-05-01,238066,28,false,1130795251,2020-05-31T15:01:03Z,"roots reggae,reggae,rocksteady,dub","Soul Jazz Records",0.628,0.505,6,-10.648,0,0.041,0.132,0,0.302,0.781,115.695,4
spotify:track:2YpZXCsdgslPIYvfhVNOd9,"Te Caliente","Patsy!","Patsy Gallant",1978-01-01,219266,13,false,1130795251,2020-05-31T16:39:16Z,"chanson québécoise","UNIDISC MUSIC INC.",0.491,0.667,4,-8.081,1,0.0409,0.378,0,0.177,0.752,136.429,5
spotify:track:1Qqw37IqvMBt2CfGwVLgp3,"Sunny - Original Mix","Sunny","Conclave",2020-03-24,594546,0,false,1130795251,2020-05-31T16:41:34Z,"","Most Excellent Unlimited Recordings",0.837,0.525,11,-10.198,0,0.252,0.0932,0.0682,0.0737,0.623,118.03,4
spotify:track:3LIy6dd3MYDjtS2AuIWB9h,"Move on Up","Darker Than Blue","Devon Russell",2019-07-14,235706,36,false,1130795251,2020-06-02T15:42:35Z,"rocksteady,roots reggae,lovers rock,reggae,soul jazz","P.E.R Music",0.72,0.638,11,-12.875,0,0.0627,0.698,0.000159,0.312,0.966,147.836,4
spotify:track:06EAcZPde8Ngp81ovI1P6o,"Sintonia","New Morning","Sabrina Malheiros",2008-08-10,206693,21,false,1130795251,2020-06-05T10:44:49Z,"bossa nova,brazilian jazz,latin jazz,nu jazz","Far Out Recordings",0.686,0.944,4,-4.853,0,0.045,0.214,0.0778,0.25,0.944,112.823,4
spotify:track:1aWV3uY3SIEZVbmv45oFWS,"Creep","Crazysexycool","TLC",1994-11-15,268533,70,false,1130795251,2020-06-10T12:32:41Z,"","Arista/LaFace Records",0.811,0.458,5,-9.688,0,0.0402,0.0193,0.00000141,0.0526,0.797,92.94,4
spotify:track:2SE11vmjbi7j5QKJ885ib6,"World A Music","Ini Kamoze","iNi Kamoze",1984,345493,65,false,1130795251,2020-06-11T09:14:06Z,"reggae,roots reggae","Taxi",0.874,0.491,6,-7.737,0,0.121,0.00954,0.00629,0.0484,0.364,74.099,4
spotify:track:1F0k6Lfr9jp9g6H43YFYIc,"Dalkavuk - Baris K Edit","Istanbul 70: Psych, Disco, Folk Edits by Baris K - Vol. II","Senay;Barış K",2011-08-02,327893,0,false,1130795251,2020-06-12T15:06:22Z,"downtempo","Nublu Records",0.731,0.668,5,-9.406,0,0.0664,0.129,0.002,0.0497,0.977,108.125,4
spotify:track:1T4Uo4mth8nqdTDhnDOCP0,"Juicy Fruit","For The Love Of You","Christine Lewin",2020-03-27,238148,39,false,1130795251,2020-06-12T21:19:07Z,"lovers rock","Athens Of The North",0.733,0.592,4,-11.859,1,0.0816,0.161,0.0106,0.164,0.835,91.713,4
spotify:track:2FJsgWoYM0szQWAUWYHiaZ,"The Blessing Song","The Blessing Song Bw Fire Eater","Shirley Eubanks Ensemble;Sexteto Excellencio",2007-05-28,409173,8,false,1130795251,2020-06-16T13:09:39Z,"nu jazz,acid jazz,jazz funk","Freestyle Records",0.559,0.941,5,-4.882,0,0.0621,0.297,0.734,0.102,0.921,125.382,4
spotify:track:0w3WN8QcdTR5byBIH8BLzq,"Golden Lady","DJ Spinna Presents the Wonder of Stevie - Volume 3","Reel People Feat. Tony Momrelle",2016-06-24,297234,0,false,1130795251,2020-06-16T13:16:21Z,"","BBE Music",0.597,0.673,0,-8.443,0,0.0459,0.364,0.00000131,0.0848,0.844,107.903,4
spotify:track:1uPXCYx1ucrJBDgywMjPCp,"I Heard It Through The Grapevine","Motorcity Roots","Jazz Jamaica",2006-05-23,330866,29,false,1130795251,2020-06-22T13:35:01Z,"ska,rocksteady","Dune Records",0.638,0.463,10,-6.415,0,0.0722,0.599,0.412,0.127,0.605,131.211,4
spotify:track:7s5coxk2oqJFIxtie2UFEu,"For the Love of You","1000 Volts of Holt (Bonus Tracks Edition)","John Holt",1973-01-01,219173,0,false,1130795251,2020-06-22T22:04:08Z,"rocksteady,reggae,lovers rock,roots reggae,ska,dub,ragga","Trojan Records",0.618,0.292,1,-18.676,1,0.0417,0.00967,0.000544,0.165,0.555,83.955,4
spotify:track:4Bjwyj8KM85xblkSt5A24j,"Run To The Sun","In Search Of...","N.E.R.D",2002-03-12,291066,63,false,1130795251,2020-06-25T08:51:23Z,"","Virgin Records",0.771,0.769,10,-6.021,1,0.0977,0.144,0.0000263,0.0544,0.877,96.952,4
spotify:track:3q0nMGCPsNjr1bd13LEKau,"Sunshine (I Can Fly)","State Of Mind","Raul Midón",2005,273693,35,false,1130795251,2020-06-25T08:59:11Z,"vocal jazz","Manhattan Records",0.647,0.504,6,-9.397,1,0.0604,0.308,0,0.214,0.715,117.016,4
spotify:track:3Yuemm5Os1yfYDM5DWjfZ1,"Sunny","Gettin' Down To It","James Brown;Dee Felice Trio",1969-05-01,197960,45,false,1130795251,2020-06-25T09:40:35Z,"funk,soul,motown,classic soul","Verve",0.482,0.505,3,-9.421,1,0.0594,0.759,0.0000508,0.329,0.396,142.387,4
spotify:track:3QkSePHR7u8QYbK7xM5TkT,"Free as the Morning Sun","Free as the Morning Sun","Mr Hermano",2001-01-01,450200,13,false,1130795251,2020-06-25T09:42:42Z,"brazilian jazz,nu jazz","Disorient",0.648,0.846,2,-8.05,1,0.0457,0.607,0.779,0.289,0.707,110.01,4
spotify:track:5le4sn0iMcnKU56bdmNzso,"Everybody Loves The Sunshine","Everybody Loves The Sunshine (Reissue)","Roy Ayers Ubiquity",1976-05-12,239666,70,false,1130795251,2020-06-25T10:00:59Z,"jazz funk","Universal Records",0.52,0.571,11,-10.326,0,0.036,0.168,0.00000514,0.17,0.701,161.051,3
spotify:track:03GrfABjDm6WiSaJZ9jVAV,"Hanging Tough","Hanging Tough / The Groove","Sunlightsquare;Hanlei",2019-04-26,232188,27,false,1130795251,2020-06-25T13:26:55Z,"latin house","ALIM",0.702,0.665,4,-13.23,0,0.0468,0.027,0.906,0.118,0.891,120.998,4
spotify:track:2tWBZI1WvBNaUzA7e8jzHW,"So Nice (Summer Samba)","Samba '68","Marcos Valle",1968-03-01,151093,54,false,1130795251,2020-06-26T12:35:09Z,"bossa nova,brazilian jazz","Verve Reissues",0.776,0.504,1,-11.25,0,0.0372,0.55,0,0.0743,0.821,122.09,4
spotify:track:62nrYgJL1LJpjIHeBMNcy6,"Dem Say Ah (feat. Akoya Afrobeat)","Dem Say Ah - Single","DJ Center;Akoya Afrobeat Ensemble",2014-04-15,415034,0,false,1130795251,2020-06-27T22:56:16Z,"afrobeat","Push the Fader",0.602,0.676,10,-13.155,0,0.0582,0.0000732,0.398,0.0301,0.274,118.05,4
spotify:track:2jltD12U9i6bL4vC7noz3E,"Be Thankful for What You've Got","Soul Jazz Records Presents Hustle! Reggae Disco: Kingston, London, New York","One Blood",2017-03-03,477666,20,false,1130795251,2020-07-02T10:28:30Z,"lovers rock","Soul Jazz Records",0.78,0.609,5,-8.596,0,0.0464,0.0273,0.00195,0.146,0.739,92.095,4
spotify:track:6CbcdeTQKj0qTaZTt0xkdk,"Happy","Ashanti","Ashanti",2002-01-01,262226,67,true,1130795251,2020-07-03T10:22:22Z,"r&b","I.G. Records, Inc./Universal Records",0.727,0.515,2,-6.553,0,0.0289,0.241,0.00000374,0.124,0.695,89.488,4
spotify:track:6y7JGli1CNRmvERJitUern,"Just Friends (Sunny)","Aijuswanaseing","Musiq Soulchild",2000-11-14,251426,43,false,1130795251,2020-07-14T13:21:27Z,"neo soul,r&b,quiet storm","Def Soul",0.754,0.376,0,-7.561,1,0.204,0.404,0,0.358,0.554,95.018,4
spotify:track:5g7PCls5DNa0CpGchht17L,"Only Woman D.J. With Degree","One Two","Sister Nancy",1982,209293,0,false,1130795251,2020-07-24T13:20:41Z,"reggae,ragga,rocksteady","Techniques",0.746,0.553,5,-8.597,0,0.363,0.123,0,0.218,0.662,76.451,4
spotify:track:7EnCSpM77JF6Kt2zHuUf3U,"Rude Movements","Raw Movements | Rude Movements","SunPalace",2016-11-25,471146,30,false,1130795251,2020-07-27T12:40:16Z,"","BBE Music",0.64,0.766,8,-10.205,1,0.0413,0.433,0.811,0.0558,0.663,107.949,4
spotify:track:0FJTSBLyvpV63qZzaiQoMf,"Not The Way","Night Nurse (Expanded Edition)","Gregory Isaacs",1982-01-01,231533,47,false,1130795251,2020-08-03T22:05:43Z,"reggae,roots reggae,lovers rock,rocksteady,ragga,dub","Island Records",0.869,0.454,1,-11.34,1,0.168,0.177,0.0155,0.0443,0.963,78.194,4
spotify:track:3NOMj9mEU0E1mlC4JMhAkh,"The Look in Your Eyes","For The Love Of You","Trevor Hartley",2020-03-27,290101,16,false,1130795251,2020-08-06T13:42:45Z,"lovers rock,reggae","Athens Of The North",0.532,0.611,11,-10.661,0,0.0592,0.026,0,0.0942,0.599,177.183,4
spotify:track:4Tv5pXJk79yULMd7gOfxTL,"Sob a Luz Do Sol","A Bossa Elétrica Do Norte","A Bossa Elétrica",2010-09-30,306853,20,false,1130795251,2020-08-21T12:20:03Z,"","Connective Records",0.77,0.763,6,-9.863,0,0.0685,0.25,0.176,0.0676,0.616,101.973,4
spotify:track:1oG6g5xhuCMIdI0iMTFJky,"Get Yourself Together Pt 1 & Pt 2","Road To Freedom","Young Disciples",2006-01-01,373280,0,false,1130795251,2020-09-02T12:14:45Z,"acid jazz,jazz funk","UMC (Universal Music Catalogue)",0.744,0.64,9,-8.301,1,0.0508,0.103,0.00605,0.202,0.587,99.906,4
spotify:track:2dtmRzFn53dbEuVSD7eEs1,"Silly Games","Island Reggae","Janet Kay",2018-05-18,237053,48,false,1130795251,2020-09-02T14:02:09Z,"lovers rock,reggae,rocksteady","UMOD (Universal Music On Demand)",0.874,0.536,5,-7.854,1,0.06,0.322,0.00422,0.0714,0.706,119.77,4
spotify:track:3KCeOO17eG1oXi3bHh5M8d,"Bons momentos","Beach Diggin', Vol. 4","Serginho Meriti",2016-08-05,147478,0,false,1130795251,2020-09-15T16:11:27Z,"samba","Heavenly Sweetness",0.704,0.445,2,-14.922,0,0.224,0.462,0.0000207,0.222,0.839,94.929,4
spotify:track:2gupGvtvyfxTGVx7xAb6o8,"Outstanding","Outstanding","Al Charles",2019-12-06,352978,30,false,1130795251,2020-09-15T16:12:08Z,"lovers rock","Athens Of The North",0.759,0.344,6,-16.829,1,0.0824,0.00491,0.0229,0.182,0.725,92.973,4
spotify:track:66NYInctoXYFVHIOxJSQqj,"Can We Pretend","In the Red","Trus'me;Amp Fiddler;Kenny 'Mac' Martin",2009-12-01,267860,0,false,1130795251,2020-09-22T21:11:49Z,"neo soul,acid jazz","Prime Numbers Records",0.797,0.635,11,-8.95,0,0.0712,0.00251,0.0694,0.299,0.684,107.047,4
spotify:track:5rR6CisrN8oecew14vD4Fd,"No Nos Pararán","I Believe in Miracles","Banda Achilifunk;Original Jazz Orquestra Taller De Músics",2011-01-01,408813,0,false,1130795251,2020-10-22T10:35:25Z,"","Lovemonk",0.721,0.912,0,-7.697,0,0.0368,0.309,0.0032,0.128,0.969,113.974,4
spotify:track:4Wm7um6Da9cDCoG66eAubX,"Still Standing","The Story so Far...","Children of Zeus",2017-10-06,232828,0,false,1130795251,2020-10-25T22:24:34Z,"uk r&b,neo soul,liquid funk","First Word Records",0.574,0.229,4,-10.683,0,0.3,0.408,0.000874,0.332,0.497,184.104,4
spotify:track:6vLDslvs9LH1CrS16RhAnW,"Back Together","Back Together","Jean & Trevor",2019-12-06,405682,29,false,1130795251,2020-10-27T21:59:40Z,"lovers rock","Athens Of The North",0.75,0.6,7,-11.729,0,0.0372,0.0465,0.000465,0.309,0.922,88.864,4
spotify:track:7zS9yATKh7LOCyxSVmYKgN,"Date with the Rain","Groove Merchant Turns 20","Frankie Gee",2010-11-09,165906,0,false,1130795251,2020-10-29T15:04:21Z,"","Luv N' Haight",0.664,0.747,11,-8.247,0,0.186,0.678,0.000195,0.239,0.587,124.497,4
spotify:track:65S33FV9zzoHzcoVUXN9XV,"Easier to Love","Easier to Love","Sonia Ferguson",2019-12-06,352386,0,false,1130795251,2020-11-08T22:16:38Z,"lovers rock,rocksteady","Athens Of The North",0.763,0.31,1,-17.834,1,0.192,0.174,0.0385,0.0813,0.505,85.267,4
spotify:track:0u7PJNDonENtoVZm7MetQi,"Reach Out (feat. Linda Lewis)","Generalisation","Midfield General;Linda Lewis",1999-11-20,326800,0,false,1130795251,2020-11-24T14:41:46Z,"big beat","Skint Records",0.487,0.468,0,-6.557,1,0.0337,0.018,0.238,0.145,0.27,155.983,4
spotify:track:0K1Li0P7jJZFuopxyMSZrO,"Talk About My Baby - Midfield General's Disco Reshuffle","Halfway Between the Gutter and the Stars (15th Anniversary)","Fatboy Slim",2015-05-25,415600,0,false,1130795251,2020-11-24T14:41:51Z,"big beat","Skint Records",0.645,0.77,1,-6.885,1,0.0323,0.00671,0.0352,0.733,0.417,110.045,4
spotify:track:3AQVlrtgauHHSFUSKtBKX0,"יום האינדיאנים","בוא לריו","Yehudit Ravitz",1983-08-01,285440,0,false,1130795251,2020-12-01T13:28:39Z,"mizrahi","NMC United Entertainment Ltd.",0.696,0.608,1,-11.357,0,0.0422,0.355,0.0821,0.271,0.66,97.676,4
spotify:track:4kUFXFH0iRs1FIjITZ62c1,"Summer Body","Summer Body / Breakfast in Space","Aldorande",2020-06-19,407332,19,false,1130795251,2020-12-10T15:24:21Z,"jazz funk,nu jazz","Favorite Recordings",0.699,0.668,9,-9.313,0,0.0379,0.0856,0.719,0.281,0.889,102.008,4
spotify:track:6Ayxf9pY5HqtZKTIswqzc2,"As","Tone Tantrum","Gene Harris",1977-12-13,457866,38,false,1130795251,2020-12-18T11:56:34Z,"jazz funk,soul jazz,hard bop,jazz fusion","EMI MUSIC JAPAN INC.",0.559,0.666,4,-12.343,1,0.0701,0.575,0.00304,0.0817,0.829,104.964,4
spotify:track:1cotJPbhAMOdrGqwi4BBEL,"Storm","American Eyes","Rare Silk",1985,324336,40,false,1130795251,2021-01-07T13:23:53Z,"","Groove Time Records",0.761,0.176,11,-16.804,1,0.0478,0.923,0.215,0.073,0.581,91.627,4
spotify:track:0bHVuFAyjRlFrE6pRwXogn,"Be Thankful","Be Thankful","One Blood",2020-10-01,476246,0,false,1130795251,2021-01-28T16:03:19Z,"lovers rock,rocksteady","Emotional Rescue",0.776,0.648,5,-7.164,0,0.0417,0.0354,0.00106,0.14,0.745,92.115,4
spotify:track:6lAqPfBRrP48V7pnihGyPy,"I'm In Love","New York Is For Lovers","The Far East",2021-01-15,255117,18,false,1130795251,2021-01-30T12:21:43Z,"rocksteady,lovers rock,roots reggae","Names You Can Trust",0.815,0.475,10,-8.897,0,0.0477,0.0274,0.216,0.0599,0.784,89.058,4
spotify:track:0QVi0ysdAFX4UwVvjAkmCi,"Tudo Em Cima","Beauty: A Journey Through Jeremy Underground's Collection","Leila Pinheiro",2016-09-09,182453,16,false,1130795251,2021-02-10T12:47:04Z,"bossa nova,mpb,brazilian jazz","Spacetalk",0.565,0.853,5,-7.274,1,0.0514,0.409,0.00678,0.086,0.82,116.528,4
spotify:track:7egAxxDZTzwWUbLeTOY50e,"I Want to Make It with You","Beach Diggin', Vol. 3","Bobbie Houston",2015-07-10,186617,0,false,1130795251,2021-02-10T15:31:25Z,"","Heavenly Sweetness",0.669,0.669,2,-6.836,1,0.106,0.717,0.0000289,0.194,0.671,144.025,4
spotify:track:3EJMUgd7QUI61nuCGWWtVL,"Pulando Corda","Azymuth JID004","Azymuth;Ali Shaheed Muhammad;Adrian Younge",2020-10-23,228906,0,false,1130795251,2021-02-12T13:52:40Z,"brazilian jazz,jazz funk,jazz fusion,acid jazz,jazz","Jazz Is Dead",0.56,0.892,2,-10.049,1,0.0376,0.059,0.925,0.216,0.846,115.64,4
spotify:track:1K1jGWmsf80JfH85gUrCj1,"Love Is in Town","Chocolate & Chili","Brenda Boykin",2008-11-13,321466,0,false,1130795251,2021-02-23T08:17:23Z,"electro swing,nu jazz,acid jazz,swing music","ChinChin Records",0.735,0.647,9,-7.061,0,0.0315,0.0146,0.000682,0.0988,0.488,120.057,4
spotify:track:6D3gYkbcviZoO5O77Q4o1Y,"Summer Body - Charles Maurice Dub Version","Summer Body / Breakfast in Space","Aldorande;Charles Maurice",2020-06-19,379994,15,false,1130795251,2021-02-23T14:44:17Z,"jazz funk,nu jazz","Favorite Recordings",0.726,0.609,9,-8.454,0,0.0495,0.0446,0.757,0.0709,0.933,101.989,4
spotify:track:78Liq9m8u6xjuamJIeznTd,"Million Dollar Bill","I Look To You","Whitney Houston",2009-08-28,203553,58,false,1130795251,2021-02-23T16:50:28Z,"","Arista",0.714,0.747,11,-4.134,0,0.111,0.054,0,0.0845,0.765,119.899,4
spotify:track:7IbnerzXF0Ywr2zDHpzsqs,"Never Too Much","Never Too Much","Derrick Cross",2021-02-26,334092,40,false,1130795251,2021-03-01T13:14:33Z,"lovers rock","Athens Of The North",0.635,0.453,11,-11.198,0,0.18,0.607,0.000672,0.103,0.76,166.707,4
spotify:track:4l1xHyOwkiW5uKIhYGPOxZ,"The Sound Table","Knights Of The Sound Table","Cameo",1981-12-14,221266,26,false,1130795251,2021-03-05T11:44:46Z,"funk","Mercury Records",0.79,0.816,9,-6.225,0,0.0527,0.278,0.645,0.0921,0.935,131.662,4
spotify:track:2e4UaOFHS76zWHu6hIJWDT,"Bittersweet","Lewis Taylor","Lewis Taylor",1996-01-01,336266,32,false,1130795251,2021-03-05T13:54:45Z,"electro r&b,uk r&b,neo soul,acid jazz","UMC (Universal Music Catalogue)",0.583,0.668,4,-9.887,0,0.158,0.611,0.002,0.149,0.66,168.133,4
spotify:track:6ikobz37HSj8vspHvQRt23,"Come With Me","The Concord Jazz Heritage Series","Tania Maria",1983,341840,48,false,1130795251,2021-03-11T10:02:18Z,"brazilian jazz,latin jazz,bossa nova,jazz funk","Concord Jazz",0.677,0.81,11,-7.937,0,0.0488,0.444,0.0828,0.0816,0.901,95.184,4
spotify:track:5O24GKIdtT8LmUkx5WqU2u,"Summer Maddness S.A.","Alone Together","Karriem Riggins",2012-10-23,125026,0,false,1130795251,2021-03-16T21:28:19Z,"","Stones Throw",0.677,0.649,7,-9.735,1,0.345,0.196,0,0.163,0.779,89.661,4
spotify:track:1GmqbthsQEpnLiU1hnlFVn,"Mary Jane (All Night Long)","My Life","Mary J. Blige",1994,279200,58,false,1130795251,2021-03-22T08:55:49Z,"r&b","Geffen*",0.788,0.294,5,-9.563,0,0.0517,0.136,0.0000285,0.0529,0.882,87.222,4
spotify:track:4w1GeWu95C7VPGhndOQ0Ck,"Nassau's Discos - Long Version","Nassau's Discos","Muchos Plus",2021-02-05,417250,0,false,1130795251,2021-03-29T19:39:33Z,"","Kalita Records",0.762,0.791,6,-7.56,1,0.038,0.00403,0.0583,0.242,0.827,124.829,4
spotify:track:4W3401QV9EDeHVLKVVipEN,"Falling Up","Falling Up","KiLLOWEN;p-rallel",2021-02-26,244528,25,false,1130795251,2021-03-29T19:47:05Z,"uk garage,jazz house","Trakk Records",0.828,0.622,9,-8.614,0,0.0632,0.0882,0.0102,0.104,0.528,120.004,4
spotify:track:1zV9ALQpUZ90O32iQJG86o,"Synchronize Vibration","Roy Ayers JID002","Adrian Younge;Ali Shaheed Muhammad;Roy Ayers",2020-06-19,211973,0,false,1130795251,2021-04-07T13:24:45Z,"jazz funk,jazz,acid jazz,funk","Jazz is Dead",0.486,0.657,2,-7.475,1,0.0288,0.0125,0.592,0.11,0.54,153.953,4
spotify:track:67Ycl7hoe3zsasxJPVa5co,"Pulando Corda","Azymuth JID004","Azymuth;Ali Shaheed Muhammad;Adrian Younge",2020-10-23,228906,0,false,1130795251,2021-04-07T13:25:17Z,"brazilian jazz,jazz funk,jazz fusion,acid jazz,jazz","Jazz is Dead",0.56,0.892,2,-10.049,1,0.0376,0.059,0.925,0.216,0.846,115.64,4
spotify:track:0jQAtWOwJqg2suF2Nekp4h,"Inner Flight","Nu Balance","Jazztronik",2005-02-23,743840,0,false,1130795251,2021-04-08T11:23:59Z,"nu jazz,j-r&b,acid jazz,shibuya-kei,jazz funk","Flower Records",0.635,0.74,10,-8.931,0,0.0441,0.0895,0.9,0.155,0.336,122.602,4
spotify:track:18lBBSU3QxLHLecKXtmzMo,"Out Here on My Own (feat. Children of Zeus)","It's a World Before You","Kaidi Tatham;Children of Zeus",2018-06-29,254444,22,false,1130795251,2021-04-12T08:38:21Z,"nu jazz,indie jazz,jazz funk,uk r&b,neo soul,liquid funk","First Word Records",0.662,0.648,0,-5.188,0,0.241,0.241,0.00000678,0.102,0.503,86.972,4
spotify:track:32QTkysuubJuk0I59MQ339,"Rico Suave Bossa Nova","Welcome 2 Detroit - the 20th Anniversary Edition","Azymuth",2021-02-05,353526,31,false,1130795251,2021-04-14T10:47:31Z,"brazilian jazz,jazz funk,jazz fusion,acid jazz","BBE Music",0.698,0.878,5,-8.848,1,0.0399,0.817,0.775,0.526,0.69,102.03,4
spotify:track:5Gq9ETVVk3pUezxyfH6yOj,"This Time (I'm Gonna Try It My Way)","The Outsider","DJ Shadow",2006-01-01,185146,0,false,1130795251,2021-04-14T12:44:35Z,"trip hop,plunderphonics,downtempo","Universal-Island Records Ltd.",0.592,0.912,5,-5.976,1,0.0433,0.00242,0.103,0.0775,0.757,96.491,4
spotify:track:1HeJEdlBii9gm6G36kBaA2,"Have A Little Faith","Code Noir","Carmen Lundy;Patrice Rushen;Ben Williams;Kendrick Scott;Jeff Parker",2017-02-17,176373,5,false,1130795251,2021-04-19T10:59:55Z,"vocal jazz,post-disco,jazz funk,disco,funk,nu jazz,jazz,ambient jazz,experimental jazz,free jazz","Afrasia Productions",0.516,0.697,5,-9.533,1,0.0477,0.928,0.499,0.134,0.743,196.111,4
spotify:track:4pTee3Vzs9h52LC3z0KJpG,"Tamba Part 1","Sambadi","Lucas Arruda",2013-04-12,428222,9,false,1130795251,2021-04-25T11:19:07Z,"indie jazz,aor,brazilian jazz","Favorite",0.693,0.71,5,-7.055,1,0.032,0.208,0.0253,0.0608,0.841,110.035,4
spotify:track:1J7uPqs46vgRZZ5ZhiPG3Y,"Lovesong","Idol Eyes","Common Saints",2020-10-09,557573,0,false,1130795251,2021-04-27T13:12:15Z,"retro soul","Starsonics",0.653,0.514,11,-8.939,1,0.0724,0.252,0.824,0.0713,0.516,83.025,4
spotify:track:4IKd2GGerTejEl6OEOfN7E,"Touch Me 2","Panty Soakers 4","Budgie",2018-02-14,187223,0,false,1130795251,2021-04-27T15:41:24Z,"","Pure Cane",0.836,0.528,5,-10.807,0,0.183,0.0683,0.274,0.0665,0.701,82.018,4
spotify:track:55uPfuDoSlmmjmXqTTQA6w,"Nassau's Discos - Long Version","Nassau's Discos","Muchos Plus",2021-02-05,417250,17,false,1130795251,2021-06-15T13:15:04Z,"","Kalita Records",0.762,0.791,6,-7.56,1,0.038,0.00403,0.0583,0.242,0.827,124.829,4
spotify:track:2P9049oR2UeAP71sdA2ZQk,"Navegar","Navegar","João Selva",2021-04-02,249677,41,false,1130795251,2021-06-29T14:14:22Z,"","Underdog records",0.917,0.683,9,-13.213,0,0.0697,0.275,0.0325,0.151,0.928,117.984,4
spotify:track:5wsONAVrWBKJWa0vaFqB48,"Make A Difference","Down to the Lowest Terms: The Soul Sessions","Steve Arrington",2020-09-18,201979,0,false,1130795251,2021-06-29T14:16:54Z,"post-disco","Stones Throw Records",0.741,0.491,1,-7.732,0,0.142,0.552,0,0.104,0.722,91.695,4
spotify:track:1nL8n57JmjDocce1pVKPaq,"Smooth Criminal (Main Mix)","Amapiano Selections","Teno Afrika",2020-10-23,385429,0,false,1130795251,2021-07-04T14:12:45Z,"amapiano,singeli,gqom,uk funky","Awesome Tapes From Africa",0.575,0.784,11,-8.352,0,0.0612,0.0358,0.935,0.0678,0.396,114.01,4
spotify:track:74FQcR8t5N1DRDAwJPdsOH,"Elevate Our Minds","Soul Culture: 03 Elevate Our Minds Metro Radical Beats","Linda Williams",2005-09-24,273800,22,false,1130795251,2021-07-13T09:29:18Z,"","Sony BMG Music Entertainment",0.7,0.866,7,-8.573,0,0.127,0.471,0.00000379,0.167,0.924,89.526,4
spotify:track:6EbZaIdq0pjVzyOFEhbjH9,"How Could I Leave","Classic Gold","Dennis Brown",2016-11-25,289573,0,false,1130795251,2021-07-19T09:43:10Z,"lovers rock,reggae,roots reggae,rocksteady,dub,ragga","Observer Music",0.739,0.322,10,-12.301,0,0.157,0.327,0.000403,0.286,0.843,152.057,4
spotify:track:1BUWbJwPCBcTLiQBE5gBdI,"Feminina","Feminina","Joyce Moreno",1980,228466,32,false,1130795251,2021-07-19T08:21:01Z,"bossa nova,brazilian jazz","EMI",0.602,0.966,4,-5.835,0,0.0681,0.14,0.00000345,0.108,0.845,119.561,4
spotify:track:6OymZ7ZOficHvs1GTJXsGg,"Funky Nassau, Pt. 1","Funky Nassau","The Beginning Of The End",1971,186301,49,false,1130795251,2021-07-20T20:27:47Z,"funk,jazz funk","Strut",0.695,0.854,6,-7.659,0,0.0351,0.226,0.000408,0.337,0.958,121.271,4
spotify:track:6IgqbHrfBAomJMmDUpwoYm,"Samba De Flora","Samba De Flora","Airto",1988,376573,34,false,1130795251,2021-07-20T20:46:25Z,"brazilian jazz,latin jazz,jazz fusion","Montuno Records",0.59,0.721,0,-14.078,0,0.0693,0.286,0.0861,0.165,0.804,134.745,4
spotify:track:1vGGeHhZODH378rSvrsl6i,"Asking Eyes","Paz E Futebol 2 (Compiled by Jazzanova)","Raffaela Renzulli",2016-09-02,359693,7,false,1130795251,2021-07-21T11:23:17Z,"brazilian jazz","Sonar Kollektiv",0.352,0.76,3,-7.307,1,0.0948,0.469,0.00794,0.0928,0.0853,70.737,4
spotify:track:6gJQBvYqhufVzkn1QAKyl4,"Calomnie","Princess Erika","Princess Erika",1992-01-01,279093,1,false,1130795251,2021-08-01T21:29:39Z,"french pop,variété française,french r&b","Universal Music Division Label Panthéon",0.789,0.617,9,-11.1,0,0.0785,0.0522,0.00000103,0.0562,0.52,101.512,4
spotify:track:67WC3ZMEQDCvIEVIC0u2Gv,"Love Has Found Its Way","Love Has Found Its Way","Dennis Brown",1982-03-17,270840,53,false,1130795251,2021-08-24T09:32:46Z,"lovers rock,reggae,roots reggae,rocksteady,dub,ragga","A&M",0.773,0.617,8,-8.966,1,0.065,0.076,0.0000457,0.0636,0.843,100.615,4
spotify:track:6zAqmi9YkgnMxbqLcf7hDv,"Last Night in Sant Celoni - 12"" Mix","Last Night in Sant Celoni","Payfone;Jaz James",2019-09-27,427150,41,false,1130795251,2021-08-24T11:09:11Z,"","Leng Records",0.823,0.436,9,-10.439,0,0.105,0.682,0.0519,0.343,0.452,105.096,4
spotify:track:05l6zOIkxe2CxWPhgqAGZT,"Skindo Le Le","City Life","ALIVE!",2020-12-02,245653,5,false,1130795251,2021-08-26T08:33:04Z,"","P-VINE RECORDS",0.451,0.783,7,-13.142,0,0.0566,0.435,0.000236,0.0867,0.599,131.949,4
spotify:track:66WiwHUSW6GPVtImDYx0cc,"Vibrations (Divine Signature)","Travel Light","Children of Zeus",2018-07-13,484842,33,false,1130795251,2021-08-26T09:34:25Z,"uk r&b,neo soul,liquid funk","First Word Records",0.601,0.49,8,-11.601,0,0.0524,0.271,0.35,0.0806,0.194,115.899,4
spotify:track:47uSDINq6LvvNdMPvs82WV,"No Nos Pararan","No Nos Pararan","Charanga 76",1980-01-31,574505,0,false,1130795251,2021-08-26T10:23:57Z,"","Sonotec",0.753,0.891,7,-7.19,0,0.0782,0.00852,0.000293,0.0919,0.968,114.953,4
spotify:track:487GVYirmLocFp5DFcyrkq,"Nancy Wilson","Brian Jackson JID008","Adrian Younge;Ali Shaheed Muhammad;Brian Jackson",2021-08-06,162613,0,false,1130795251,2021-09-02T17:58:58Z,"jazz funk,jazz,soul jazz","Jazz Is Dead",0.595,0.543,4,-7.908,0,0.0645,0.714,0.94,0.244,0.697,88.946,4
spotify:track:627l871ObPAQoMIIJb4bLz,"Yatra-Tá","Viva Maria","Tania Maria",2001-10-23,265173,31,false,1130795251,2021-09-04T19:34:18Z,"brazilian jazz,latin jazz,bossa nova,jazz funk","Concord Picante",0.53,0.872,5,-7.002,1,0.0401,0.643,0.888,0.113,0.723,116.72,4
spotify:track:6jKUFRBHmH8eeP8txrgIRh,"Good Life","Worldwide Family, Vol. 1","Brassroots",2011-01-03,235440,35,false,1130795251,2021-09-05T20:36:27Z,"brass band","Brownswood Recordings",0.885,0.657,9,-8.331,1,0.202,0.0244,0.00864,0.141,0.91,123.848,4
spotify:track:2pt3cir3NSYVFSN29NAPLa,"Só Tem Lugar Pra Você","Aquarius","Brasil Aquarius",2017-12-15,169598,9,false,1130795251,2021-09-08T10:08:09Z,"","BonfaStudio",0.668,0.736,11,-9.894,0,0.108,0.44,0.00533,0.324,0.912,123.682,4
spotify:track:2s1XwyzHctZ1hZQz61AkRm,"Good Times (Como Vamos A Gozar)","Joey Negro's 2015 Essentials","Charanga 76",2015-12-11,505518,0,false,1130795251,2021-10-04T14:09:38Z,"","Z Records",0.827,0.809,11,-10.147,0,0.0618,0.102,0.266,0.0308,0.803,110.114,4
spotify:track:1gAAXVYMkqxgCIRzkg1fpS,"Ta Tudo Ai","Black Rio Vol. 2 - Original Samba Soul 1968-1981","Rubinho;Mauro Assumpçao",2009-06-22,151186,0,false,1130795251,2021-10-04T19:40:25Z,"chamamé","Strut",0.748,0.84,4,-9.567,0,0.116,0.292,0.000176,0.147,0.881,104.48,4
spotify:track:2Mc64HZYqMOh8C2JRQzfOn,"Faz Tanto Tempo","Black Rio Vol. 2 - Original Samba Soul 1968-1981","Renata Lu",2009-06-22,144266,0,false,1130795251,2021-10-04T19:40:50Z,"samba","Strut",0.627,0.708,9,-6.703,1,0.0935,0.19,0,0.122,0.858,125.399,4
spotify:track:63KB4UbsFJxoYo1AECl3HS,"Bossa 31","Garota Moderna","Nicola Conte;Rosalia De Souza",2007-06-19,345756,48,false,1130795251,2021-10-22T08:40:34Z,"nu jazz,acid jazz,bossa nova,brazilian jazz,latin jazz","Schema Records",0.667,0.872,2,-10.059,1,0.0316,0.264,0.833,0.0924,0.964,96.008,4
spotify:track:4WlAmAhu9F6vql3Yvw1Y7b,"À Mon Ami Lucien Jolibois","Disques Debs International Vol. 1","Raymond Cicault Et Son Orchestre Volcan",2018-06-29,225026,22,false,1130795251,2021-10-24T13:59:26Z,"latin jazz","Strut",0.687,0.66,5,-5.546,0,0.0396,0.842,0.177,0.127,0.898,141.554,4
spotify:track:2CSxJocVPTMuQhAMxcV81U,"Initiation","En voyages","Pierre Vassiliu",2019-12-06,229228,0,false,1130795251,2021-11-01T12:22:28Z,"chanson","Born Bad Records",0.463,0.614,9,-12.712,1,0.101,0.777,0.00000124,0.135,0.662,147.294,4
spotify:track:7BLlidbvQbPNkA2QBhodhE,"Boat Cruise","The Golden Age of Apocalypse","Thundercat",2011-08-29,225129,25,false,1130795251,2021-11-08T10:35:48Z,"","Brainfeeder",0.551,0.85,6,-6.548,0,0.0735,0.371,0.055,0.142,0.495,92.999,4
spotify:track:0syiyhzP6SIzNU6F3JYfJK,"New Morning","Feel It","Kitty Winter-Gipsy Nova",1978-01-01,185893,18,false,1130795251,2021-11-09T08:35:26Z,"jazz funk","Intercord",0.597,0.57,1,-9.58,1,0.143,0.417,0.00101,0.155,0.562,108.072,3
spotify:track:0pZAuPIu1Lk3XVPYUXhmKj,"Just Say Goodbye","Mr. Watermelon Man","Mongo Santamaria",1965,194786,13,false,1130795251,2021-11-16T09:37:55Z,"latin jazz,afro-cuban jazz,cha cha cha,son cubano,mambo,salsa","Columbia/Legacy",0.826,0.625,2,-8.226,0,0.0312,0.655,0.583,0.046,0.933,102.194,4
spotify:track:6fdnHjCvPJXbRFO9pWf8FY,"Mysterious Maiden (Yin & Yang Club)","The Alternate Dimensions of El Chico EP","Chico Hamilton",2008-04-29,766546,0,false,1130795251,2021-11-16T10:35:15Z,"cool jazz,jazz,hard bop,jazz funk","Joyous Shout!",0.708,0.936,10,-4.586,0,0.0753,0.174,0.448,0.13,0.856,91.993,4
spotify:track:1c5CllrZr45UBhWpIqM332,"Funny Thing","It Is What It Is","Thundercat",2020-04-03,116630,77,false,1130795251,2021-11-16T13:12:50Z,"","Brainfeeder",0.586,0.893,7,-8.772,1,0.439,0.827,0.642,0.212,0.65,140.023,3
spotify:track:7xSeOWU5ppf7FnsnzlS2sk,"Coffee & Clouds","Coffee & Clouds","fika;Bambie",2021-11-04,168510,0,false,1130795251,2021-11-16T13:23:31Z,"uk r&b,dream pop","Tru Thoughts",0.715,0.523,11,-8.01,1,0.0373,0.226,0.000025,0.137,0.709,94.009,4
spotify:track:6HOLZtVDh5EgvPnW4z23n2,"The Chocolate Conquistadors (From Grand Theft Auto Online: The Cayo Perico Heist)","The Chocolate Conquistadors (From Grand Theft Auto Online: The Cayo Perico Heist)","BADBADNOTGOOD;MF DOOM",2020-12-18,420718,0,false,1130795251,2021-11-22T12:25:14Z,"experimental hip hop,east coast hip hop,jazz rap,alternative hip hop","Rockstar Games",0.454,0.667,9,-12.648,0,0.0485,0.0567,0.768,0.109,0.452,128.931,4
spotify:track:53rtFb6bTf5edYjpEOXvkk,"Don't Joke With a Hungry Man","Mishaps Happening","Quantic;Spanky Wilson",2004-06-29,317413,0,false,1130795251,2021-12-02T10:20:22Z,"nu jazz,trip hop,downtempo,electrocumbia,latin alternative,acid jazz,jazz funk","Tru Thoughts",0.795,0.829,1,-6.757,1,0.033,0.0442,0.0886,0.0527,0.855,110.004,4
spotify:track:6Rp2ITgHdhG4seQGupeyxO,"Mishaps Happening","Mishaps Happening","Quantic",2004-06-29,451386,0,false,1130795251,2021-12-02T10:29:04Z,"nu jazz,trip hop,downtempo,electrocumbia,latin alternative,acid jazz","Tru Thoughts",0.831,0.879,6,-7.221,0,0.0621,0.0322,0.834,0.0981,0.937,122.448,4
spotify:track:2CYiQ3q2G4HftvucNszh7R,"Dear Limmertz","Outubro","Azymuth",1980,271800,44,false,1130795251,2021-12-02T14:38:26Z,"brazilian jazz,jazz funk,jazz fusion,acid jazz","Far Out Recordings",0.652,0.726,5,-12.571,1,0.0486,0.0173,0.0101,0.159,0.706,104.63,4
spotify:track:4gxcis5gZMqbSMOwrNfVnN,"Carly & Carole","Banda Veneno Internacional (Vol. 2)","Erlon Chaves",1973-01-08,170677,25,false,1130795251,2021-12-06T13:39:50Z,"brazilian jazz","Universal Music Ltda.",0.697,0.871,9,-8.036,0,0.0742,0.118,0.154,0.0505,0.971,84.796,4
spotify:track:2DzJLJPjvUMoJZazNTzF43,"L'Arc En Ciel De Miles","Always There: 1981-2021 (40 Years & Still Groovin’)","Incognito",2021-11-19,240280,0,false,1130795251,2021-12-09T11:55:16Z,"acid jazz,jazz funk,smooth jazz","UMC (Universal Music Catalogue)",0.728,0.664,8,-9.214,1,0.0413,0.106,0.928,0.11,0.911,97.926,4
spotify:track:6R1XpsAYIx3eN40nXeoINr,"Recipe for Love","Music for Adverts","Lack Of Afro;Jack Tyson-Charles",2014-03-03,231746,0,false,1130795251,2021-12-15T19:54:08Z,"funk,acid jazz,jazz funk","Freestyle Records",0.623,0.731,11,-7.526,0,0.033,0.0937,0,0.216,0.766,121.953,4
spotify:track:4jRgC9hCrlU9VqTJlpNvoK,"Costa Verde","Costa Verde","Cuélebre",2021-11-12,280933,0,false,1130795251,2021-12-19T20:49:13Z,"","Soundway Records",0.67,0.789,0,-9.52,1,0.0364,0.324,0.716,0.115,0.785,118.195,4
spotify:track:61EZgiH5OHOv8QkGLjiFec,"Life Is Like A Samba","The Artist's Choice","David Benoit",1998-01-01,236693,39,false,1130795251,2021-12-31T13:36:26Z,"smooth jazz,jazz,cool jazz,jazz fusion","Hip-O (UC)",0.605,0.797,9,-10.76,0,0.0337,0.0852,0.841,0.0467,0.88,127.659,4
spotify:track:3DQ680HBe0O2tsccTMfj8l,"Synchronize Vibration","Roy Ayers JID002","Roy Ayers;Ali Shaheed Muhammad;Adrian Younge",2020-06-19,211973,0,false,1130795251,2021-12-30T14:11:38Z,"jazz funk,acid jazz,funk,jazz","Jazz Is Dead",0.486,0.657,2,-7.475,1,0.0288,0.0125,0.592,0.11,0.54,153.953,4
spotify:track:58LtDMwWRMF7hML24Jc1ie,"Always There","Hell Of An Act To Follow","Willie Bobo",1978-03-18,309933,23,false,1130795251,2021-12-31T17:24:07Z,"latin jazz,afro-cuban jazz,jazz funk,cha cha cha","Legacy Recordings",0.639,0.84,1,-10.244,1,0.047,0.0268,0.769,0.044,0.953,126.186,4
spotify:track:41vPRBmz25acWgmab8Cb3J,"Rising To The Top","Soul Jazz Records Presents Fashion Records: Style & Fashion","Dee Sharp",2019-04-05,286400,23,false,1130795251,2022-01-03T08:44:03Z,"lovers rock,soul jazz","Soul Jazz Records",0.808,0.543,0,-10.36,1,0.106,0.212,0.00000878,0.0953,0.826,88.51,4
spotify:track:2S5n5t7lzwmFiK25FnJzcf,"Just an Illusion","Reggae Max: Barry Biggs","Barry Biggs",2007-01-01,262533,13,false,1130795251,2022-01-03T10:00:14Z,"lovers rock,reggae,roots reggae,rocksteady","Jet Star Music",0.695,0.824,8,-6.468,0,0.0627,0.399,0.000556,0.339,0.654,89.528,4
spotify:track:08x9uCXJKYZciqCBSClulN,"Juanito Caminante (Little Johnny Walker)","Gods in Brasil","Gary Corben",2019-11-21,263205,15,false,1130795251,2022-01-04T08:28:46Z,"","Avolta Discos",0.847,0.465,3,-12.329,0,0.043,0.384,0.0762,0.0681,0.962,134.489,4
spotify:track:03n7Jbv5MYzD91lr54VtTz,"Hai capito o no? - Live","Un'ora con...","Ron",2013-07-23,222653,22,false,1130795251,2022-01-04T09:49:03Z,"italian singer-songwriter,singer-songwriter","RCA Records Label",0.73,0.492,2,-7.37,1,0.0437,0.0977,0,0.0632,0.922,112.664,4
spotify:track:5u496fy6Ru5GLZgOnloFTd,"Carolina, Carol Bela","Os Brazões","Os Brazoes",1969-01-01,126600,42,false,1130795251,2022-01-05T09:02:49Z,"brazilian jazz,bossa nova","Som Livre",0.65,0.942,10,-6.887,0,0.0533,0.374,0,0.335,0.927,90.851,4
spotify:track:6e91BA0ePTlM5OAtw1GwBM,"Brazilica","Salongo","Ramsey Lewis",1976-07-19,434106,23,false,1130795251,2022-01-08T11:41:37Z,"jazz funk,smooth jazz,soul jazz,northern soul,jazz","Legacy Recordings",0.707,0.738,9,-9.045,0,0.0499,0.0664,0.445,0.0718,0.965,152.914,4
spotify:track:0UuoMK1ZXkyXJcmHS2AFQD,"Nao Force","Brazilian Compilation Series, Vol. 2","Joutro Mundo",2017-02-27,304144,43,false,1130795251,2022-01-11T14:43:41Z,"nu disco","Chit Chat Records®",0.915,0.37,8,-15.388,0,0.0646,0.0425,0.000442,0.212,0.743,115.978,4
spotify:track:5f5LH9ceYGcF5dF7zuqgqS,"You Will Always Be","Move It - Single","Bliss",2007-06-21,222973,0,false,1130795251,2022-01-27T21:40:26Z,"psytrance","Kay-Dee Records",0.476,0.609,5,-6.603,0,0.11,0.489,0.000696,0.553,0.746,91.648,4
spotify:track:02FeRJzO0ooFd5RfuGCRsQ,"I'm Still in Love","The Definitive Hits Collection (1977-1985)","Janet Kay",2011-06-11,258943,0,false,1130795251,2022-01-27T12:39:14Z,"lovers rock,reggae,rocksteady","Janet Kay",0.739,0.625,7,-7.886,1,0.0403,0.0419,0.00008,0.0931,0.675,81.904,4
spotify:track:19KMuB4WZCBLBzOURY8dgA,"Everything That Shines Ain't Gold - Floating Points Edit","Everything That Shines Ain't Gold","Maurice Moore",2017-07-28,277740,0,false,1130795251,2022-02-02T08:59:43Z,"","Melodies International",0.598,0.788,11,-5.835,0,0.0298,0.214,0.0315,0.0517,0.655,105.191,4
spotify:track:5OLNcsiy87F0aMv7NTkDlg,"Ela Vai pro Mar","Meu Samba Torto","Clara Moreno;Celso Fonseca",2007-08-10,191586,43,false,1130795251,2022-02-07T13:37:25Z,"bossa nova,brazilian jazz,samba","Far Out Recordings",0.764,0.205,0,-14.354,0,0.0361,0.936,0.0771,0.0948,0.369,120.393,4
spotify:track:31LVewNvertxa0SKs4TKQc,"Watching Windows - Roni Size Meets Nu Yorican Soul","New Forms (20th Anniversary Edition)","Roni Size;Reprazent;Nuyorican Soul",1997-05-23,835253,0,false,1130795251,2022-02-07T17:00:24Z,"jungle,drum and bass,breakbeat,trip hop,big beat,acid jazz","UMC (Universal Music Catalogue)",0.517,0.869,4,-5.881,0,0.0838,0.0504,0.807,0.38,0.697,119.06,4
spotify:track:7zw6S5XMQ4TK0lornVKRmr,"Boogie On The Dancefloor","Boogie On The Dancefloor / Smooth Like This","MAW Unreleased",1999-09-28,417600,2,false,1130795251,2022-02-07T17:49:50Z,"","MAW Records",0.791,0.411,11,-11.407,0,0.0892,0.00221,0.873,0.469,0.395,127.208,4
spotify:track:6FJ1zxjPp2GYNPN05Ir3DS,"Meet in the Middle","Face the Facts","Linkwood;Other Lands",2020-11-20,356473,5,false,1130795251,2022-02-13T19:36:16Z,"dub techno","Athens Of The North",0.605,0.459,9,-12.034,0,0.037,0.118,0.807,0.0426,0.965,139.98,4
spotify:track:2TNS7b4hxgjtQy8Twi1Ml4,"Bocón - Orestes Gomez Remix","Bocón (Orestes Gomez Remix)","Raúl Monsalve y los Forajidos;Luzmira Zerpa;Orestes Gomez",2021-07-21,202042,35,false,1130795251,2022-02-14T20:33:47Z,"latin r&b,latin jazz","Olindo Records",0.643,0.473,10,-13.549,0,0.102,0.459,0.464,0.117,0.285,82.61,4
spotify:track:5gLnP39loLs3rCku2SQAqB,"Use My Body","Beach Diggin', Vol. 2","Mavis John",2014-07-07,268093,0,false,1130795251,2022-02-21T12:47:29Z,"","Heavenly Sweetness",0.7,0.875,7,-9.092,1,0.0679,0.43,0.673,0.371,0.801,97.514,4
spotify:track:6UWTgZLxmgJ54MsQHGiUah,"Stay This Way","Brand New Heavies","The Brand New Heavies",1990-01-01,249840,35,false,1130795251,2022-02-21T12:53:06Z,"acid jazz,jazz funk,funk","London Music Stream/Because Music",0.744,0.589,0,-15.685,0,0.0326,0.0365,0.0269,0.0448,0.806,110.048,4
spotify:track:1eXDbErZNLsXL9b9Yvt7fZ,"Rising To The Top","Soul Jazz Records presents LIFE BETWEEN ISLANDS - Soundsystem Culture: Black Musical Expression in the UK 1973-2006","Dee Sharp",2022-01-28,285093,11,false,1130795251,2022-02-22T14:47:05Z,"lovers rock","Soul Jazz Records",0.807,0.514,0,-11.54,1,0.103,0.159,0.00000299,0.0603,0.806,88.417,4
spotify:track:2wL88cvKXUOfHuYVd62hji,"Palco","Luar","Gilberto Gil",1981,266173,64,false,1130795251,2022-02-23T09:14:19Z,"mpb,bossa nova,forró tradicional,samba","WM Brazil",0.734,0.787,1,-7.358,0,0.0461,0.489,0.0461,0.329,0.757,108.329,4
spotify:track:31LgD5zBUp2rTXmeEbKGb3,"The Angels","Colin Curtis presents Jazz Dance Fusion","Dom Um Romao",2018-03-23,241874,2,false,1130795251,2022-03-02T21:01:32Z,"brazilian jazz,bossa nova,latin jazz","Z Records",0.42,0.971,8,-2.568,0,0.0794,0.598,0.152,0.127,0.769,126.159,4
spotify:track:6KrIHSRDqw0G74d3pylqzV,"What's Going On?","Smackwater Jack","Quincy Jones;Valerie Simpson",1971,591973,25,false,1130795251,2022-03-10T09:08:47Z,"soul jazz,big band,quiet storm,motown","A&M JAZZ",0.452,0.56,11,-10.848,0,0.0752,0.326,0.0355,0.0701,0.53,112.091,4
spotify:track:5OYbhmr4VY1zSGh7DsZ30K,"This Is the Day - Full Band Version","This Is the Day (Full Band Version)","Mamas Gun",2020-01-01,282274,56,false,1130795251,2022-03-15T11:41:50Z,"retro soul","Candelion",0.663,0.467,5,-8.67,1,0.0569,0.585,0.016,0.0645,0.47,91.991,4
spotify:track:3SLNuRB8CPWqROnNSrMyIX,"All Night Long","All Night Long","Pachyman;Winter",2022-02-09,260156,0,false,1130795251,2022-03-19T20:34:01Z,"dub,rocksteady,shoegaze,dream pop","ATO Records",0.627,0.619,9,-8.139,0,0.0524,0.451,0.578,0.111,0.734,178.549,4
spotify:track:1BCXw83hd3B89pDwZ45ZCd,"Rise Up - Discomix","Rise Up","Tyrone Evans",2012-05-28,438732,21,false,1130795251,2022-03-21T16:06:09Z,"rocksteady","Names You Can Trust",0.745,0.908,6,-6.016,1,0.151,0.0397,0.0000246,0.102,0.727,108.788,4
spotify:track:5Ip317YJTyJak3jsgRtOhR,"Oyelo Sonar","Colin Curtis Presents Jazz Dance Fusion Volume 3","Bellita & Jazztumbatá",2022-03-04,311652,3,false,1130795251,2022-03-23T10:34:29Z,"latin jazz,jazz fusion","Z Records",0.476,0.812,10,-9.551,0,0.0413,0.478,0.313,0.104,0.788,131.572,4
spotify:track:0SNfdxGFr6H7M0aAO3wCSc,"Keep On Movin' - Zepherin Saint Go Go Mix","Keep On Movin' (Zepherin Saint Go Go Mix)","Soul II Soul;Zepherin Saint",2022-03-16,334253,0,false,1130795251,2022-03-23T14:54:57Z,"new jack swing","Funki Dred Records",0.652,0.849,11,-4.663,0,0.0515,0.00183,0.0364,0.0387,0.49,102.962,4
spotify:track:3EG9FJ0ToLfgnc1IG2Z1wz,"SWEET / I THOUGHT YOU WANTED TO DANCE (feat. Brent Faiyaz & Fana Hues)","CALL ME IF YOU GET LOST","Tyler, The Creator;Brent Faiyaz;Fana Hues",2021-06-25,588139,74,true,1130795251,2022-03-24T14:34:15Z,"r&b,alternative r&b","Columbia",0.468,0.652,0,-4.912,1,0.0722,0.333,0.000318,0.55,0.39,140.223,4
spotify:track:1NYbdhyLTSFd0jRr6e6bsM,"Your New Life Costs You Your Old Life","Lord & Dego","Lord;Dego",2000,165954,6,false,1130795251,2022-03-28T10:59:24Z,"nu jazz","2000black",0.759,0.855,6,-10.889,1,0.0486,0.171,0.951,0.145,0.715,110.019,4
spotify:track:3QSIa6iyhgnEdHcXbujYUD,"Na Biaxa do Sapateiro","Brazilian Beats 2 (Mr. Bongo presents)","Wando",2001-02-12,281106,12,false,1130795251,2022-03-29T12:19:15Z,"brega,mpb,seresta","Mr Bongo",0.494,0.779,7,-13.335,1,0.136,0.0493,0,0.137,0.778,104.552,4
spotify:track:2ewQMPBqWFMiqYPAS5G0EO,"Greenleaf","Canvas","Duke Hugh",2016-11-08,269027,43,false,1130795251,2022-03-29T12:32:09Z,"jazz house,lo-fi house","Rhythm Section International",0.798,0.504,9,-16.499,0,0.0593,0.821,0.849,0.11,0.228,117.075,4
spotify:track:0mBveLXR4TiIOTUYy8YsdW,"Alto Verao","Tempos Futuros","Alex Malheiros;Sabrina Malheiros",2021-11-26,350318,27,false,1130795251,2022-03-31T09:46:48Z,"brazilian jazz,bossa nova,latin jazz,nu jazz","Far Out Recordings",0.788,0.556,7,-11.708,0,0.0537,0.132,0.0612,0.0714,0.688,123.048,4
spotify:track:3kPevlwgcD9jbSZmDIYSnY,"On Line","Escape","Marcos Valle",2001-08-10,355173,43,false,1130795251,2022-04-05T11:08:21Z,"bossa nova,brazilian jazz","Far Out Recordings",0.719,0.687,2,-9.744,0,0.0472,0.238,0.000333,0.132,0.723,110.976,4
spotify:track:11Ht40WUroyLdJfwiIIKnp,"Trinkets & Things","Diggin' Deeper - The Roots Of Acid Jazz Vol. 6","Ryo Kawasaki",2001-08-20,408133,8,false,1130795251,2022-04-06T13:54:11Z,"jazz fusion,jazz funk","Sony Music Catalog",0.646,0.622,2,-8.957,1,0.0394,0.749,0.0647,0.0859,0.817,95.895,4
spotify:track:1fl7cF6Xao5XiGLu0IrooM,"To The Foundation","Reggae Anthology: Dennis Brown - Crown Prince of Reggae - Singles (1972-1985)","Dennis Brown",2010-11-12,212813,22,false,1130795251,2022-04-07T16:08:17Z,"lovers rock,reggae,roots reggae,rocksteady,dub,ragga","VP",0.712,0.773,10,-2.507,1,0.0374,0.0922,0.0000177,0.0547,0.883,126.64,4
spotify:track:3bMgWbXPkBVLoKcpYqfbqG,"Seis Por Ocho - Azymuth-Live!-Rejam","Honest (Jazzanova Remix) / Seis Por Ocho","Nuspirit Helsinki;Azymuth",2004-04-13,273026,15,false,1130795251,2022-04-11T19:45:07Z,"nu jazz,acid jazz,brazilian jazz,jazz funk,jazz fusion","Sonar Kollektiv",0.365,0.841,1,-8.118,1,0.0597,0.0231,0.783,0.344,0.384,131.523,4
spotify:track:33tYADyL2aZctrvR59K1bQ,"Lauren (I Can't Stay Forever)","Lauren (I Can't Stay Forever)","Oden & Fatzo",2021-10-08,200625,71,false,1130795251,2022-04-12T09:34:49Z,"house,disco house","Columbia/B1 Recordings/Funfair Records",0.702,0.912,9,-8.687,0,0.0652,0.0773,0.309,0.0926,0.957,128.018,4
spotify:track:14g0xImVOUDac4JmgcPR7H,"Greedy G","Greedy G","Brentford All-Stars",2021-07-23,218013,22,false,1130795251,2022-04-18T11:21:53Z,"rocksteady,soul jazz","Soul Jazz Records",0.842,0.5,7,-11.757,1,0.135,0.0121,0.0413,0.0906,0.54,108.708,4
spotify:track:0Ifrp3NqCP6Ty84NxmjbXO,"Just Imagine","You Are My Starship","Norman Connors",1976,238571,16,false,1130795251,2022-04-28T08:33:21Z,"quiet storm,philly soul,classic soul","Legacy Recordings",0.464,0.796,0,-8.378,1,0.0352,0.32,0.768,0.215,0.773,123.125,4
spotify:track:2EKmgT0E8ZmIacyhlElsII,"All Those Things","Celestial Sky","Starship Orchestra",1980-06-01,303360,13,false,1130795251,2022-04-28T09:26:53Z,"","Columbia/Legacy",0.423,0.628,4,-10.337,0,0.0456,0.064,0.589,0.198,0.706,112.32,4
spotify:track:0GWuwReSG3xiRVYwW3dvzM,"Samba For Maria","Passion","Norman Connors;Freddie Hubbard",1988-01-01,288773,4,false,1130795251,2022-04-28T09:31:32Z,"quiet storm,philly soul,classic soul,hard bop,jazz,bebop,jazz ballads,cool jazz,jazz funk","Virgin Catalog",0.501,0.872,7,-9.998,0,0.0653,0.352,0.495,0.0504,0.737,142.616,4
spotify:track:3pMygDnmBSrXyBVaEHYwB4,"Musa","Colin Curtis Presents Jazz Dance Fusion Volume 3","JuJu",2022-03-04,263016,4,false,1130795251,2022-05-02T17:08:26Z,"nu jazz","Z Records",0.633,0.904,5,-8.18,1,0.0351,0.0178,0.473,0.0795,0.967,119.013,4
spotify:track:1kRbxCZL5BThW1tRzdeKhr,"Nao Aguento Voce","Wanted Bossa Nova: From Diggers to Music Lovers","Trio Esperança",2018-09-21,122326,31,false,1130795251,2022-05-18T10:08:00Z,"brega","Wagram Music",0.612,0.428,4,-13.134,0,0.0369,0.471,0.125,0.395,0.67,108.622,4
spotify:track:1zXAVZMJEDYpWZhmxFyVtp,"The First Time Ever I Saw Your Face","Play Me Sweet and Nice","Marcia Griffiths",2006-01-01,251133,0,false,1130795251,2022-05-19T14:05:08Z,"lovers rock,rocksteady,reggae,roots reggae,ragga","Trojan Records",0.651,0.305,2,-13.768,0,0.049,0.147,0.00198,0.37,0.664,75.007,4
spotify:track:57NbelD7NoWpb6dXVcOEbM,"Alegría","La Onda de Elia y Elizabeth","Elia y Elizabeth",1973,241946,1,false,1130795251,2022-05-29T19:29:35Z,"","Vampisoul",0.557,0.764,11,-6.054,0,0.0673,0.398,0.00000306,0.0537,0.925,102.282,4
spotify:track:6Mdky8IMVVaot7GZZmQdN4,"He Loves You / Featuring: Al Jarreau Vocal Solo","Reunion","Seawind",2009,342414,32,false,1130795251,2022-05-31T13:19:11Z,"Christian jazz,jazz fusion,smooth jazz,aor,jazz pop,yacht rock","SEAWIND MUSIC",0.519,0.67,1,-9.067,1,0.04,0.717,0.000559,0.113,0.613,109.717,4
spotify:track:7KfPRzytJcIPy9sC7YwOii,"La Rana (A Ra)","Díptico","Agustin Pereyra Lucena",2014-11-18,302159,0,false,1130795251,2022-06-02T10:08:00Z,"bossa nova,brazilian jazz","ACQUA RECORDS",0.444,0.694,10,-14.906,0,0.0544,0.613,0.0000449,0.119,0.741,101.825,4
spotify:track:2k7WG7Jatn95UshCdQSlQJ,"Disco Funk","Disco Funk","Galaxy",2020-01-17,295760,38,false,1130795251,2022-06-02T10:47:01Z,"krautrock","Strut",0.542,0.714,5,-8.742,0,0.0538,0.0794,0.471,0.182,0.963,104.613,4
spotify:track:5q1V1U6FMWAFhBKVOeFG7T,"São Paulo - 2018 Remaster","Chic (2018 Remaster)","CHIC",1977-01-01,303720,50,false,1130795251,2022-06-06T08:08:33Z,"disco,funk","Rhino Atlantic",0.662,0.463,9,-13.14,1,0.0384,0.264,0.9,0.347,0.74,91.746,4
spotify:track:6MedwuamFTwQyi95w4acnI,"Paradise","Trojan Presents: Lovers Rock","Karen Smith",2011-05-24,224413,0,false,1130795251,2022-06-06T10:31:30Z,"lovers rock","Trojan Records",0.689,0.693,10,-9.43,0,0.113,0.00119,0.667,0.0827,0.964,182.049,4
spotify:track:2Kh7G0V8WDYwgaUNg7gN6F,"You Are Delicious","Mr Bongo Record Club, Vol. 5","Mave & Dave",2022-04-08,279186,44,false,1130795251,2022-06-06T11:37:23Z,"","Mr Bongo",0.741,0.441,2,-11.598,0,0.0445,0.387,0.296,0.111,0.965,98.427,4
spotify:track:0KOAhmdokRcWdhTm38Prk7,"Celebration Suite","I'm Fine, How Are You?","Airto Moreira",1977,258760,24,false,1130795251,2022-06-06T12:41:24Z,"brazilian jazz,latin jazz,jazz fusion,bossa nova","Rhino/Warner Records",0.501,0.957,11,-11.005,0,0.0607,0.0656,0.807,0.356,0.457,139.148,4
spotify:track:3p9UNNwbezi22pNknFKQMK,"Fogo do Sol","Marcos Valle","Marcos Valle",1983-01-01,225146,45,false,1130795251,2022-06-06T14:11:05Z,"bossa nova,brazilian jazz","Som Livre",0.53,0.353,5,-13.318,1,0.03,0.914,0.373,0.125,0.346,162.706,4
spotify:track:1mnIP7tR1oRrXiObB9vIit,"Orange Clouds","Fênix","Azymuth",2016-12-02,468835,30,false,1130795251,2022-06-06T14:13:39Z,"brazilian jazz,jazz funk,jazz fusion,acid jazz","Far Out Recordings",0.566,0.655,5,-9.783,0,0.0358,0.518,0.843,0.388,0.346,83.26,4
spotify:track:6jJlM7RDQoRqhoxdVbTtGX,"Don't Let It Go to Your Head","Soul Jazz Records Presents Hustle! Reggae Disco: Kingston, London, New York","Harmony Black",2017-03-03,439493,30,false,1130795251,2022-06-08T07:59:26Z,"","Soul Jazz Records",0.803,0.583,11,-9.222,1,0.0743,0.00292,0.0521,0.0993,0.548,94.262,4
spotify:track:1gbhHrL7oick20idoHpID8,"Ooh Boy","Soul Jazz Records presents LIFE BETWEEN ISLANDS - Soundsystem Culture: Black Musical Expression in the UK 1973-2006","Sandra Reid",2022-01-28,229600,13,false,1130795251,2022-06-15T08:24:08Z,"lovers rock,soul jazz","Soul Jazz Records",0.806,0.432,7,-10.476,1,0.0629,0.16,0.0000538,0.204,0.618,95.484,4
spotify:track:46nwi2zKVXTBrBCWNZH8we,"Black Pride","Black Pride","Brown Sugar",2022-06-03,207426,9,false,1130795251,2022-06-18T12:19:38Z,"","Soul Jazz Records",0.679,0.692,7,-8.04,1,0.0384,0.232,0.00124,0.355,0.963,128.543,4
spotify:track:3TiCuJiisBOB9HzKAM6FDG,"Oh Honey","Oh Honey","Delegation",1978-07-17,356200,72,false,1130795251,2022-06-22T12:51:13Z,"","State Records",0.734,0.42,2,-12.036,1,0.028,0.188,0.242,0.0826,0.462,94.161,4
spotify:track:7kZmCdrEYudiQZVsHaY22A,"Ain't No Stopping Us Now - 12"" Dub Version","Risco Version","Risco Connection",2022-07-01,547906,16,false,1130795251,2022-07-08T14:00:37Z,"","Strut",0.708,0.744,10,-8.774,0,0.0369,0.0386,0.873,0.0804,0.768,109.006,4
spotify:track:49Tx7hbC5mqsK2PdemDpNn,"Lorraine","The Very Best of Explainer Vol.1 & 2","Explainer",2008-06-01,361333,0,false,1130795251,2022-07-18T08:38:29Z,"calypso,soca,parang","Charlie's Records",0.662,0.912,11,-7.058,1,0.0441,0.131,0.0000296,0.288,0.927,124.558,4
spotify:track:7HOS2Y2Hgna57Fs1oW5sbr,"Muganga","In The Key of Joy (Deluxe Edition)","Sérgio Mendes;Gracinha Leporace",2020-02-28,253426,0,false,1130795251,2022-07-18T09:34:08Z,"brazilian jazz,bossa nova,samba","Concord Records",0.816,0.94,5,-7.164,0,0.0375,0.178,0.453,0.299,0.948,97.997,4
spotify:track:5uV07LbOOeJeTswZbpl32Q,"Roy Allan","Flor","Gretchen Parlato;Airto Moreira",2021-03-05,251014,16,false,1130795251,2022-07-18T09:50:30Z,"vocal jazz,jazz,brazilian jazz,latin jazz,jazz fusion,bossa nova","Edition Records",0.692,0.629,10,-11.464,0,0.101,0.19,0.0405,0.355,0.284,106.946,4
spotify:track:1nlWsZVjT7cea6t1BwiJs6,"Don't Mash Up Creation","Don't Mash Up Creation","Sharon Little",2022-04-24,295753,39,false,1130795251,2022-07-20T09:41:46Z,"roots reggae,dub,reggae","Drug Boulevard",0.691,0.451,7,-13.528,0,0.0408,0.054,0.0000639,0.0884,0.774,137.711,4
spotify:track:0DaWnepbqw9g41cnJLQN2c,"Expresso Madureira","Gafieira Universal","Banda Black Rio",2002,245586,34,false,1130795251,2022-07-27T13:37:14Z,"brazilian jazz,jazz funk","RCA Records Label",0.782,0.903,9,-7.336,0,0.0515,0.0767,0.523,0.0601,0.964,109.77,4
spotify:track:1fPtQOvjCDxMv0N9J9f3gv,"Iguacu Hash","Tito's Edits","Tito Wun",2017-06-21,310066,3,false,1130795251,2022-08-01T20:02:44Z,"","AVA. Records",0.811,0.833,1,-10.092,1,0.0402,0.00968,0.585,0.32,0.755,123.673,4
spotify:track:3Wyk48LdSb4TNDk9jglucm,"Taking Flight","Taking Flight","Resavoir;Brandee Younger",2019-05-29,217546,0,false,1130795251,2022-08-09T13:39:47Z,"experimental jazz,jazz house,ambient jazz,jazz","International Anthem",0.236,0.463,11,-11.889,1,0.0368,0.785,0.844,0.0926,0.431,78.364,4
spotify:track:3tX0OdzNpk3G8N4GAUiKMA,"Real","The Way","Raquel Martins",2021-10-15,190750,4,false,1130795251,2022-08-09T18:52:59Z,"uk r&b,soul jazz,alternative r&b,bedroom pop","Bridge The Gap",0.736,0.688,10,-8.735,0,0.0854,0.504,0.00186,0.0787,0.337,95.043,4
spotify:track:3sDeuisFRzTK7dfwlNvoNK,"A.N.G.E.L. - Interlude","Subject","Dwele",2003-01-01,139644,37,false,1130795251,2022-08-15T14:44:46Z,"neo soul","Virgin Records",0.684,0.396,10,-9.871,1,0.0327,0.486,0.00197,0.0683,0.166,96.984,4
spotify:track:7IzJyHRRsluG8J8HM0vi1d,"Viajecito","Black Sugar","Black Sugar;C. Mejia",2015-07-08,309253,9,false,1130795251,2022-08-18T15:49:45Z,"","Disvensac",0.637,0.672,0,-8.595,1,0.0459,0.146,0.000303,0.17,0.803,134.138,4
spotify:track:2vNRQmWAAMdLPLzrZQlbaI,"Warm","Warm - An Elite Lesson in Future R & B","Beverley Skeete",2000,346426,7,false,1130795251,2022-09-06T11:09:10Z,"post-disco","Disorient",0.647,0.494,10,-11.66,0,0.0832,0.122,0.000153,0.0548,0.735,100.322,4
spotify:track:1wva1IlWLDNLgwipUWcmjy,"Sensual Seduction","Sensual Seduction","Snoop Dogg",2007-01-01,245520,58,false,1130795251,2022-09-11T09:02:31Z,"g-funk,west coast hip hop,gangster rap,old school hip hop,hip hop,rap","Geffen",0.756,0.829,11,-3.973,1,0.0682,0.003,0.0000346,0.0578,0.504,120.163,4
spotify:track:4mNU7ddD6fRyjMRBOOfj28,"Alegria","The Original Recordings","Elia y Elizabeth",1973-04-15,243240,48,false,1130795251,2022-09-17T19:05:40Z,"","Codiscos",0.563,0.552,2,-12.654,1,0.0881,0.419,0.00000398,0.0427,0.93,102.542,4
spotify:track:3L6yk6mpd5KOr8BXYZ8PB1,"Vem Balançar","Mario Castro Neves & Samba S.A.","Mario Castro Neves",1967-09-17,116653,14,false,1130795251,2022-09-19T18:37:39Z,"brazilian jazz,bossa nova","RCA Records Label",0.539,0.687,7,-8.265,1,0.0289,0.147,0,0.282,0.673,110.925,4
spotify:track:0bpHo5K7iQvYJARmZRpJSv,"Flutuando","Flutuando","Ricardo Bomba",2021-05-14,326185,8,false,1130795251,2022-09-21T08:48:20Z,"","Far Out Recordings",0.384,0.77,6,-13.18,0,0.0461,0.403,0.933,0.133,0.676,117.437,4
spotify:track:1M6ZSmCqmWbjEC6iKlsQ83,"Summer Love","With Love: Vol. 1 (Compiled by Miche)","Mandisa",2022-09-23,232677,5,false,1130795251,2022-09-23T05:58:07Z,"christian,ccm,christian pop,worship,cedm","Mr Bongo",0.513,0.621,11,-9.229,0,0.0307,0.223,0.000328,0.351,0.889,100.339,4
spotify:track:6YmIIyqPSdHYAUSO979a89,"Dlareme","Dlareme","Don Glori",2022-09-14,367033,8,false,1130795251,2022-09-23T06:02:23Z,"indie jazz,jazz fusion,nu jazz","Bedroom Suck Records",0.664,0.682,5,-11.934,1,0.0397,0.198,0.776,0.101,0.474,117.958,4
spotify:track:042ckzJVW9pyE0Qajendma,"Cry","Lovers Rock (The Soulful Sound of Romantic Reggae)","Angelique",2022-05-27,250984,0,false,1130795251,2022-10-13T13:48:08Z,"schlager,freestyle,schlagerparty,latin hip hop,funk melody,hollands","Trojan Records",0.816,0.527,5,-11.478,0,0.0399,0.0728,0.0195,0.108,0.972,138.951,4
spotify:track:0cQY8F5aESJFFyvTTfaLKT,"Love Don't Live Here Anymore","Love Don't Live Here Anymore","Sharon Forrester",2022-10-14,359902,25,false,1130795251,2022-10-19T11:41:51Z,"lovers rock,rocksteady,reggae","Freestyle Records",0.612,0.697,8,-8.401,0,0.055,0.124,0.00591,0.106,0.607,152.357,4
spotify:track:3nMmaBU5j2eG4BmOjrbR0y,"Linha do Horizonte","Azimüth","Azymuth",1975,268066,41,false,1130795251,2022-10-24T07:38:52Z,"brazilian jazz,jazz funk,jazz fusion,acid jazz","Som Livre",0.469,0.466,7,-14.487,1,0.0392,0.452,0.559,0.128,0.522,161.087,4
spotify:track:75EdCkxOsyqUDcbYfZ2TSQ,"Goodnight My Love","Sings for You and I","Horace Andy",1978,196573,0,false,1130795251,2022-10-28T14:59:17Z,"roots reggae,dub,reggae,rocksteady,lovers rock,ragga","Abraham",0.617,0.151,0,-22.187,1,0.0565,0.746,0.134,0.109,0.558,77.615,4
spotify:track:7iCdTf1R36rlSIyOEZDPUW,"Groovin'","Trojan Reggae Sisters Collection","The Gaylettes",2009-03-30,189533,0,false,1130795251,2022-10-30T16:57:18Z,"rocksteady,ska,reggae","Trojan Records",0.627,0.481,5,-7.219,1,0.0267,0.224,0.214,0.132,0.715,89.774,4
spotify:track:7cYNCEimH62zXa3qbcwDpx,"Feel Like Makin' Love","Jamaican Sunshines, Vol.2","Elizabeth Archer & The Equators",2016,157373,0,false,1130795251,2022-11-25T21:50:23Z,"","Ministry Beat Records",0.712,0.569,2,-6.838,1,0.06,0.00954,0.043,0.3,0.471,72.031,4
spotify:track:5tI34BaM6pEPl2l0fm4jga,"That's Love","The Good Fight","Oddisee",2015-04-28,245725,0,false,1130795251,2023-02-21T19:49:18Z,"jazz rap","Mello Music Group",0.642,0.81,5,-4.362,1,0.184,0.00801,0.000079,0.268,0.408,131.01,4
spotify:track:0Q2bPwkkppEvpKHfmgH6dX,"Nice and Slow","Menu Album","Jesse Green",2016-12-03,249000,37,false,1130795251,2023-02-28T10:54:09Z,"disco","Jesse Green",0.802,0.603,2,-12.602,1,0.0718,0.0359,0.402,0.339,0.151,110.671,4
spotify:track:1hnpuz6w2xM6zw3J9IskGX,"Winners","Winners","Young Gun Silver Fox",2022-07-29,226533,12,false,1130795251,2023-03-16T09:54:28Z,"yacht rock,aor","Monty Music Ltd T/A Candelion",0.622,0.653,3,-7.695,1,0.0867,0.646,0.000138,0.0975,0.644,85.037,4
spotify:track:7jj0nM9ts23RNEAlZCmj6w,"Heartbeat","Moving Cities","Faze Action",1999,346240,5,false,1130795251,2023-03-29T08:33:56Z,"nu disco","Rhino/Warner Records",0.606,0.777,5,-8.016,0,0.0396,0.0227,0.00000216,0.138,0.97,149.917,4
spotify:track:5pqOIASrmx8AlpYeasMKa7,"We Have All The Time","Edits By Mr K. - Sampler #3","Milton Hamilton",1976,444893,0,false,1130795251,2023-04-13T10:00:02Z,"rocksteady,disco,post-disco","Strut",0.521,0.823,5,-7.604,1,0.0369,0.000568,0.0223,0.351,0.803,130.844,4
spotify:track:3s3vOfD52d8ZXs6AvTHQ34,"Music In My Heart","Music In My Heart","Kathryn Moses",1979-01-26,260398,2,false,1130795251,2023-04-13T11:26:34Z,"jazz fusion","Now Again Records",0.526,0.71,5,-9.289,0,0.101,0.467,0,0.183,0.647,119.772,4
spotify:track:10RUW52VxUZGbKTqGl7597,"Vamo Vive","Vamo Vive","Mistura Pura",2022-08-26,274172,0,false,1130795251,2023-04-16T12:24:10Z,"","Ubiquity Records",0.541,0.777,2,-9.172,1,0.0317,0.641,0.803,0.0958,0.734,99.915,4
spotify:track:2OtKvk9zsA9hbRJKMiyy3b,"Nothing Can Come Between Us","Stronger Than Pride","Sade",1988-05-03,262800,60,false,1130795251,2023-04-16T20:53:15Z,"","Epic",0.722,0.604,5,-11.585,0,0.0323,0.186,0.279,0.0654,0.938,103.725,4
spotify:track:6cEa2Yqnqu49ckaCIgcrn0,"Water No Get Enemy","Water No Get Enemy","Daniel Crawford",2014,342826,0,false,1130795251,2023-04-28T11:24:45Z,"","BBE Music",0.547,0.877,1,-7.313,1,0.0498,0.419,0.138,0.0759,0.762,183.73,4
spotify:track:3wvjdtA70OyOY2jcXUzuC9,"Tudo De Você","Marcos Valle Samba ""Demais""","Marcos Valle",1963-01-01,162560,46,false,1130795251,2023-05-04T11:37:28Z,"bossa nova,brazilian jazz","EMI Brazil",0.437,0.416,1,-12.761,1,0.031,0.786,0.000334,0.128,0.444,137.057,4
spotify:track:5g0QXQbDvfJwfvzlcqXRgD,"Lovelight","Lovelight","Stereo Action Unlimited;Edda Dell'Orso",2001-01-03,251626,21,false,1130795251,2023-05-05T08:03:04Z,"","¡Ya Basta! records",0.62,0.897,9,-5.646,1,0.0584,0.0587,0.00316,0.256,0.757,88.172,4
spotify:track:0MT6ecgiLweuA4nd9NTGll,"Gente Aberta","Carlos, Erasmo [Versão Com Bônus (1971)]","Erasmo Carlos",1971-01-01,140426,58,false,1130795251,2023-05-06T11:37:35Z,"mpb,brazilian rock","Universal Music Ltda.",0.609,0.453,6,-7.8,0,0.0459,0.713,0.0683,0.103,0.805,90.92,4
spotify:track:26Fk1YatHThrKaBVpEWfKw,"Long Hot Summer - Extended Mix","Introducing The Style Council","The Style Council",1983-01-01,420693,40,false,1130795251,2023-05-06T12:42:20Z,"","Polydor Records",0.637,0.522,7,-15.792,1,0.0766,0.602,0.000112,0.0414,0.696,86.351,4
spotify:track:26s0D4L0MfUFRZbJ8W1ggh,"Hit The Nail Right On The Head","Salome Bey","Salome Bey",1970,157606,0,false,1130795251,2023-05-07T10:55:01Z,"vocal jazz","Bey Enterprises",0.522,0.324,8,-17.288,1,0.0598,0.743,0,0.0987,0.693,148.424,4
spotify:track:3IioZijYH2LaxWUrfShica,"Song for Ehi","Song for Ehi","Bosq;Kaleta;The Ibibio Horns",2022-08-08,423057,17,false,1130795251,2023-05-08T08:04:46Z,"disco house,nu disco,funky house","Canopy",0.801,0.923,2,-7.789,1,0.0488,0.0216,0.531,0.0712,0.622,119.997,4
spotify:track:3gcBzAVvnq3ON14QTl3gdd,"Five On The Color Side","Sofrito","Mongo Santamaria",1976-01-01,348320,20,false,1130795251,2023-05-18T15:05:23Z,"latin jazz,afro-cuban jazz,cha cha cha,son cubano,mambo,salsa","Fania",0.467,0.653,1,-13.072,0,0.0315,0.512,0.738,0.16,0.829,165.407,4
spotify:track:1DyN0Kyel8eiyftznj6o57,"I Wanna Be Where You Are - Unedited Mix","I Want You (Deluxe Edition)","Marvin Gaye",1976-03-16,365586,32,false,1130795251,2023-05-25T12:14:27Z,"motown,classic soul,soul,northern soul,quiet storm","Motown",0.499,0.732,1,-7.657,1,0.0471,0.279,0.341,0.0968,0.874,176.498,4
spotify:track:7Gm3JJFd33dx6hFS0pIe7r,"Brisa Mar - Nicola Conte Re-Work","The Best of Far Out 2009","Sabrina Malheiros;Nicola Conte",2009-12-14,227866,25,false,1130795251,2023-06-23T08:56:23Z,"bossa nova,brazilian jazz,latin jazz,nu jazz,acid jazz","Far Out Recordings",0.72,0.573,1,-10.053,1,0.0434,0.589,0.00907,0.13,0.82,94.016,4
spotify:track:0d5g9jHYlc4ZLkM81PyabX,"Got to Be Real","Cuban Disco Connection","Cuban Jazz Combo",2011-12-01,325590,29,false,1130795251,2023-06-27T21:09:56Z,"latin jazz,afro-cuban jazz,cha cha cha,son cubano","Funky Juice",0.776,0.859,8,-6.658,1,0.0622,0.0651,0.00875,0.0422,0.758,125.039,4
spotify:track:4OC4NkCVrqtmQSIZ06qQoM,"Love And Affection","Foreva","Wayne Wonder",2007-09-25,223733,43,false,1130795251,2023-06-29T14:00:50Z,"dancehall,lovers rock,reggae,ragga","VP Records",0.672,0.413,9,-6.174,0,0.0568,0.0697,0,0.0527,0.526,87.02,4
spotify:track:4EjzZPy2wXaRVIhU5ytysS,"Deep Down In Zanzibar","Afrodesia – Episode One","Afrodesia;Mystic Jungle;Whodamanny",2019-07-20,404000,39,false,1130795251,2023-06-29T20:33:37Z,"italo disco","Periodica Records",0.864,0.59,10,-7.743,0,0.0804,0.122,0.267,0.317,0.968,100.011,4
spotify:track:50lV5WEYwcmlHpUVk5TsPk,"Little Black Samba","Colin Curtis presents Jazz Dance Fusion Vol. 2","Grady Tate",2020-11-27,554187,1,false,1130795251,2023-06-30T20:24:09Z,"","Z Records",0.431,0.839,6,-6.224,1,0.04,0.117,0.0264,0.773,0.766,117.225,4
spotify:track:46HODzhEG5vIYBwHMCyxz7,"Meu Samba - Nicola Conte's Bossa Ahead Mix","Meu Samba","Eli Goularte",1997-11-24,245058,2,false,1130795251,2023-06-30T20:31:27Z,"nu jazz,jazz funk","Unique Records",0.619,0.837,4,-8.321,0,0.0362,0.275,0.56,0.224,0.881,119.759,4
spotify:track:2Ynspn0KR2nPZ9RRrwTuhJ,"Golden Lady","Upfront","Sol!",2017-03-10,279520,0,false,1130795251,2023-06-30T20:33:48Z,"smooth jazz","Pacific Coast Jazz",0.736,0.633,2,-9.517,1,0.102,0.273,0.000361,0.138,0.582,111.915,4
spotify:track:6dGECaRWaBgqNjUxoKIpe8,"Sun Kissed","Sun Kissed","Sven Wunder",2022-08-05,255173,19,false,1130795251,2023-07-02T21:23:32Z,"neo-psychedelic","Piano Piano",0.458,0.819,0,-5.742,1,0.0458,0.428,0.0403,0.349,0.74,106.782,4
spotify:track:5Kl2IYyGxrxMNZ0iHmXOnu,"Recipe for Love (feat. Jack Tyson-Charles)","Recipe for Love (feat. Jack Tyson-Charles)","Lack Of Afro;Jack Tyson-Charles",2014-02-03,231746,5,false,1130795251,2023-08-15T10:56:36Z,"funk,acid jazz,jazz funk","Freestyle Records",0.623,0.731,11,-7.526,0,0.033,0.0937,0,0.216,0.766,121.953,4
spotify:track:01PMlouYDyjWlXy3JbCkuV,"Emotional Healer","Emotional Healer","Space Ghost",2021-08-04,272414,14,false,1130795251,2023-08-31T13:17:34Z,"jazz house,lo-fi house","Tartelet Records",0.659,0.775,1,-6.36,0,0.0403,0.000581,0.809,0.255,0.592,114.977,4
spotify:track:2MjDULqf31PL5udCKbqtvL,"Groovy Remix","Music, Harmony And Rhythm","Sammy Barbot",1986-03-03,559216,14,false,1130795251,2023-08-31T15:08:01Z,"","Big Doings",0.779,0.528,1,-15.203,1,0.0641,0.405,0.482,0.0688,0.896,113.99,4
spotify:track:1pd0CVkbOs0raP7B4bfRb9,"Pourquoi","Détends-Toi","Stella;Ed Longo",2022-06-17,331531,7,false,1130795251,2023-08-31T15:12:38Z,"","Cosmic Romance",0.774,0.548,5,-9.766,0,0.0533,0.261,0.642,0.0629,0.962,100.012,4
spotify:track:6MK9HV9WZnC31t0U4iCKG0,"Je reviens","Quelle belle vie - Ses grands succès","Gilles Rivard",2006-05-16,223666,25,false,1130795251,2023-08-31T15:26:23Z,"yacht rock,aor,chanson québécoise","Trilogie Musique",0.731,0.634,9,-9.003,1,0.0367,0.147,0.000155,0.127,0.804,102.8,4
spotify:track:48PTxXcetTSyCbiG1SpIli,"Anka Tulon","Anka Tulon","Balimaya Project",2023-06-13,258758,2,false,1130795251,2023-09-01T08:06:57Z,"","New Soil",0.713,0.597,5,-11.185,0,0.0822,0.105,0.547,0.368,0.905,119.954,3
spotify:track:69pJPrV620M6aurFJ0hV2i,"Reggae Beat Goes On","Soul Jazz Records Presents Hustle! Reggae Disco: Kingston, London, New York","Family Choice",2017-03-03,240933,43,false,1130795251,2023-09-04T09:41:25Z,"rocksteady","Soul Jazz Records",0.871,0.531,11,-8.657,0,0.0365,0.0145,0.0000142,0.191,0.93,111.405,4
spotify:track:1ODvSXWPp8pRc4PxHI4sey,"Heart to Heart","Aor Global Sounds, Vol. 3","Out Of The Fog",2017-04-21,219166,0,false,1130795251,2023-09-12T11:19:45Z,"","Favorite",0.616,0.776,1,-7.775,0,0.117,0.312,0.00000219,0.491,0.719,96.028,4
spotify:track:6CnsIuha7pEgfHThB89i0S,"Le troublant témoignage de Paul Martin","Le troublant témoignage","Paul Martin;Jean-Pierre Castaldi",2021-06-25,271232,33,false,1130795251,2023-09-13T12:45:13Z,"","Musiques & Solutions / M&S",0.493,0.622,8,-7.21,1,0.038,0.472,0.00149,0.356,0.38,82.137,4
spotify:track:6O6c7tBZ6kEaZ0tJikXuaH,"Es Fácil Amar","Es Fácil Amar","Lani Hall",1985-01-01,230440,14,false,1130795251,2023-09-19T13:31:37Z,"","Herb Alpert Presents",0.735,0.562,4,-11.293,0,0.0285,0.3,0.000624,0.0595,0.768,92.135,4
spotify:track:2tb45sHqz02OtBPyiZwmzD,"Feelin' Happy","Before the Rain","Lee Oskar",1978-01-01,227200,24,false,1130795251,2023-09-20T10:53:12Z,"","Avenue Records",0.709,0.931,5,-7.219,0,0.0597,0.385,0.837,0.0953,0.963,103.247,4
spotify:track:0s4vE966muxYTw4GXX9ADF,"A Little Spice","A Little Spice","Loose Ends",1984-01-01,310320,37,false,1130795251,2023-09-28T08:46:18Z,"post-disco,new jack swing","EMI Catalogue",0.678,0.626,0,-12.149,1,0.0398,0.506,0.0172,0.0365,0.885,90.315,4
spotify:track:175hQ5dKejashK834qwup2,"Cocktail Margarita","Instrumentales Para los Adolescentes","Los Sonidos De F.M.",2013-04-16,141453,24,false,1130795251,2023-11-07T08:12:48Z,"","RCA Records Label",0.751,0.521,9,-15.315,1,0.0367,0.347,0.221,0.124,0.968,114.397,4
spotify:track:0AMaxjIb2kvR59OcGTmwj8,"#5 Go Bang! (Francois K Mix)","24-24 Music","Dinosaur L",1981,454840,27,false,1130795251,2023-12-14T09:38:15Z,"post-disco","Sleeping Bag Records",0.69,0.832,10,-9.154,1,0.0588,0.0117,0.0184,0.28,0.795,130.646,4
spotify:track:3Auvhj3FABvtpBRodA9w9D,"Sob A Luz Do Sol","Glücklich VI - Compiled by Rainer Trüby","A Bossa Elétrica",2023-07-14,302567,8,false,1130795251,2023-12-27T16:37:52Z,"","Compost Records",0.768,0.628,6,-12.219,0,0.0672,0.284,0.278,0.0946,0.58,101.989,4
spotify:track:083dF3t1oZGR3Y1maagxuX,"Sweet Sensation","Sweet Sensation","Sonia Whittingham",2023-11-24,398153,0,false,1130795251,2024-01-10T09:40:30Z,"lovers rock","Isle of Jura Records",0.822,0.471,5,-8.585,0,0.0567,0.0425,0.00962,0.262,0.83,152.451,4
spotify:track:3utZRT8wyta5HeqMgk9nNR,"A Place in the Sun - Kaoru Inoue Remix","A Place in the Sun","Yasushi Ide;Kaoru Inoue",2023-11-17,406500,2,false,1130795251,2024-01-10T09:41:20Z,"dub","Love Injection",0.456,0.569,2,-14.777,1,0.0345,0.579,0.906,0.177,0.0969,160.102,4
spotify:track:5aeSiTx6k4zYx17YI5a3HP,"Oropendola","Blowout","John Carroll Kirby",2023-06-30,255530,25,false,1130795251,2024-01-23T16:12:06Z,"ambient jazz","Stones Throw Records",0.838,0.644,5,-6.576,0,0.0846,0.404,0.647,0.085,0.92,100.014,4
spotify:track:1TVCHvLi5d76QaZzhQUByR,"Space Dust #2","Hotel Shampoo","Gruff Rhys",2011-02-14,138886,0,false,1130795251,2024-01-29T13:42:07Z,"","OVNI(Turnstile)",0.608,0.469,9,-11.023,0,0.0383,0.414,0.00213,0.161,0.399,120.538,3
spotify:track:1BxJXATN0oKO701W96XG4S,"Way To The Sun","Way To The Sun","Cantoma",2023-04-07,242166,13,false,1130795251,2024-01-29T13:45:40Z,"lounge","Highwood Recordings",0.602,0.928,7,-7.79,1,0.0354,0.00641,0.909,0.149,0.82,114.019,4
spotify:track:6waLS9FxU3tW6FVjntCgsP,"Tabarin","Just Landed","Cantoma",2016-05-27,330973,44,false,1130795251,2024-01-29T13:46:34Z,"lounge","Highwood Recordings",0.686,0.681,7,-11.338,1,0.0436,0.0887,0.846,0.118,0.58,94.006,4
spotify:track:3kYpZwEa1yBOBSzNVpItas,"East to West","Hot Latin Jazz","Bernie Daulton",2017,307920,0,false,1130795251,2024-02-06T15:45:22Z,"latin jazz","Music Manager",0.388,0.68,8,-10.573,0,0.0349,0.901,0.836,0.407,0.866,134.019,4
spotify:track:0bj5MeBrVvXJXfypZDf3mk,"Careless Whisper (Jura Soundsystem Lovers Version)","Careless Whisper (Extended Versions)","Melody Beecher;Jura Soundsystem",2023-02-24,496528,0,false,1130795251,2024-02-08T22:00:54Z,"lovers rock,downtempo","Isle of Jura Records",0.754,0.463,4,-11.7,0,0.098,0.00139,0.538,0.122,0.811,79.948,4
spotify:track:0RAVZnQ95ROXzcR5fAW4NC,"Samba Do Marcos","Oriental Jazz elementals","Sadao Watanabe",2011-03-29,374706,7,false,1130795251,2024-02-08T22:02:55Z,"jazz fusion,jazz ballads,jazz,smooth jazz","Prodisc",0.687,0.671,5,-13.517,0,0.0576,0.384,0.625,0.118,0.522,122.468,4
spotify:track:3fHKTnLXQp9wSB0WCviG7B,"Happening In The Streets - Domo Domo Rework","Happening In The Streets (Domo Domo Rework)","Domo Domo",2023-04-14,325974,20,false,1130795251,2024-02-08T22:14:41Z,"jazz house,jazz funk","Vega Records",0.413,0.916,2,-9.038,1,0.0785,0.513,0.0193,0.105,0.473,120.795,4
spotify:track:38tfnuQxi8lr57C5rhEH70,"Don't Stall (feat. Samii)","Love Was Never Your Goal","Dego;Samii",2022-10-21,214579,7,false,1130795251,2024-02-10T21:07:02Z,"nu jazz","2000black",0.839,0.719,10,-6.685,0,0.044,0.198,0.0138,0.109,0.799,116.642,4
spotify:track:2pncTKJBXbPc6utohGDauS,"Time & Days - Harvey Re-Master Mix","Showa 64 (Sounds of the East Mixed in the West)","Crue-L Grand Orchestra",1999-01-01,300466,9,false,1130795251,2024-02-11T17:52:40Z,"shibuya-kei","Disorient",0.702,0.747,1,-7.627,1,0.0343,0.0142,0.679,0.0351,0.935,114.038,4
spotify:track:2FG5AesLAa6VoGEEx33qNb,"Caridad","Caridad","Maleet",2023-06-23,251352,22,false,1130795251,2024-03-07T10:57:48Z,"","Push the Fader",0.677,0.739,1,-7.349,1,0.171,0.0968,0.000146,0.0793,0.849,116.983,4
spotify:track:7maSOqlZxk33jU1Dovto95,"Jamaica A Little Miami","Mister Yellowman","Yellowman",1982,183693,34,false,1130795251,2024-03-12T21:14:05Z,"reggae,roots reggae,ragga,dub,rocksteady,dancehall","Greensleeves Records",0.775,0.631,5,-6.937,1,0.0512,0.153,0,0.138,0.89,75.122,4
spotify:track:0UQXPyIxLaAQxDlEyC2OmU,"Samba Do Sueno","Samba Do Sueno / Soccer Samba","Chris Bangs",2022-10-13,217818,4,false,1130795251,2024-03-15T10:49:31Z,"acid jazz,jazz funk,jazz house","Acid Jazz UK",0.561,0.908,8,-8.666,0,0.0462,0.157,0.746,0.137,0.963,199.991,4
spotify:track:0QW0Ppiskz1A39BMpR0ApR,"Silly Wasn't I","Silly Wasn't I / Silly Wasn't I Version","Sharon Forrester",2018-01-12,143436,19,false,1130795251,2024-03-24T13:24:02Z,"lovers rock,rocksteady,reggae","Dub Store Records",0.671,0.289,0,-16.629,1,0.0655,0.375,0.0327,0.216,0.757,77.282,4
spotify:track:7niq1SnLvUkXHPJGog42EB,"Each and Every One","Everything But The Girl","Everything But The Girl",1984-09-21,167933,32,false,1130795251,2024-04-04T14:10:05Z,"","Chrysalis Records",0.405,0.359,8,-18.555,0,0.0413,0.717,0.00000147,0.0711,0.388,142.568,4
spotify:track:7xLwzs1EX5wYbmurZUwQiG,"One Step Ahead","One Step Ahead","Victor Axelrod;Sugar Minott",2023-08-10,203773,34,false,1130795251,2024-04-04T15:23:09Z,"rocksteady,lovers rock,reggae,roots reggae,dub,ragga","Daptone Records",0.788,0.416,4,-9.43,0,0.105,0.376,0.0000672,0.0598,0.57,81.262,4
spotify:track:2p08Nf1KDpTJAUx7mjUOpM,"Mas Que Nada","Soul Español","Oscar Peterson",1966,147693,38,false,1130795251,2024-04-10T09:21:16Z,"jazz,jazz ballads,cool jazz,bebop,vocal jazz","Verve",0.619,0.612,5,-12.661,0,0.0354,0.731,0.218,0.0742,0.776,104.276,4
spotify:track:5fiudMisuNkKC1htZSCh2t,"Let Love Flow On","Sings Love","Sonya Spence",1981,222981,54,false,1130795251,2024-04-17T10:04:27Z,"lovers rock","Attic Salt Discs",0.793,0.559,0,-9.634,1,0.116,0.252,0.00000723,0.0583,0.906,110.401,4
spotify:track:0nJfZXefFJB9ChwucFgKg6,"Mary Jane","Mary Jane / The Horseman","Breakdown Brass",2015-10-30,213695,29,false,1130795251,2024-04-21T07:38:36Z,"brass band","Mixto Records",0.438,0.763,10,-4.904,0,0.078,0.318,0.599,0.0689,0.964,191.668,4
spotify:track:3lR3IyRNq5b1u6pteqlZ5c,"L.A Nights - Rework Mix","Hot'n'Spicy Vol.1","HoldTight",2020,378627,10,false,1130795251,2024-04-28T20:12:49Z,"liquid funk,drum and bass","Hot'n'Spicy",0.8,0.573,8,-10.042,1,0.0651,0.0319,0.786,0.0935,0.863,105.022,4
spotify:track:1JuDgqKdGNpMbFlTo42HXE,"African Dance","Keep On Movin'","Soul II Soul",1989-01-01,367960,28,false,1130795251,2024-04-30T16:06:01Z,"new jack swing","Virgin",0.74,0.405,2,-16.902,1,0.0477,0.000786,0.31,0.0554,0.402,104.841,4
spotify:track:0DWEj5FG9Aknm32JC5TB6s,"Apple of My Eye","Here Be Monsters","Ed Harcourt",2001-06-25,242373,24,false,1130795251,2024-05-07T21:14:14Z,"","Parlophone UK",0.649,0.754,7,-5.819,1,0.0252,0.235,0,0.122,0.503,102.564,4
spotify:track:0mvnmLsfi9n5RjPIWzT6tY,"FIND YOUR WINGS (feat. Roy Ayers, Sydney Bennett & Kali Uchis)","Cherry Bomb + Instrumentals","Tyler, The Creator;Roy Ayers;Syd;Kali Uchis",2015-04-13,179042,45,true,1130795251,2024-05-15T11:41:54Z,"jazz funk,acid jazz,funk,alternative r&b","Odd Future",0.53,0.427,9,-7.338,0,0.0275,0.405,0.0832,0.0976,0.195,75.111,4
spotify:track:1h0F2eh8ypf6ws3RdGTdtn,"Vale Volar","Renacer","Paulina Viroga",2019-08-16,230946,7,false,1130795251,2024-05-21T14:41:45Z,"candombe","Independent",0.646,0.589,11,-7.793,0,0.0287,0.659,0.0000104,0.223,0.609,112.978,4
spotify:track:17kvxe79U3z1JFbQVKOWTI,"Bassa Bassa","Bassa Bassa","Jembaa Groove",2021-08-27,301647,36,false,1130795251,2024-05-26T10:01:15Z,"highlife","Agogo Records",0.765,0.624,2,-11.165,0,0.0356,0.533,0.777,0.0718,0.908,109.988,4
spotify:track:6rfpcp8mueNpuEFBVAyLxa,"Can't Live Without You - Mono","Can't Live Without You (Digital 45)","Connie Laverne",2015-04-14,162102,4,false,1130795251,2024-06-07T14:02:37Z,"northern soul","Essential Media Group",0.631,0.728,6,-9.516,0,0.0993,0.163,0,0.104,0.899,107.375,4
spotify:track:1FDCOnNeSDzuOWrWDfklMv,"Let Me Down Easy","Super Reggae & Soul Hits","Dennis Brown",2006,175026,0,false,1130795251,2024-07-15T09:22:56Z,"lovers rock,reggae,roots reggae,rocksteady,dub,ragga","Trojan Records",0.743,0.443,7,-11.808,1,0.0878,0.049,0.0000125,0.131,0.467,84.159,4
spotify:track:2n2Cgh8hLMk4Rh77EsRn1w,"La Malanga - Remix","Blue Note Revisited","Kenny Dope",2004-01-01,360173,14,false,1130795251,2024-07-29T09:53:39Z,"","Blue Note Records",0.482,0.687,2,-6.074,0,0.0609,0.0514,0.703,0.0558,0.544,119.925,4
spotify:track:4gmWwsSvamE1h7SP6lVJZV,"Joining Together","Nella misura in cui","Augusto Martelli",2021-07-09,239973,4,false,1130795251,2024-08-08T11:58:29Z,"","Four Flies",0.633,0.698,7,-11.577,1,0.0335,0.615,0.413,0.122,0.973,127.082,4
spotify:track:5GqwgpWBJagv1X1HiaHkOm,"I'll Be Around","Reggae Grooves","Marvin James",2014-02-23,319760,14,false,1130795251,2024-08-13T19:03:41Z,"lovers rock","Smokey Joe Productions",0.866,0.536,9,-8.161,0,0.0275,0.0934,0.00000188,0.2,0.875,102.134,4
spotify:track:5AxxtiUhFl6wPCdKKOTSx9,"Don't Let It Go to Your Head","Reggae Grooves","Trisha Dean",2014-02-23,297133,9,false,1130795251,2024-08-13T19:03:56Z,"lovers rock,reggae pop","Smokey Joe Productions",0.765,0.461,4,-8.753,1,0.0591,0.147,0.000743,0.0298,0.801,174.652,4
spotify:track:5BI24MeK7qfbLZJqBx1ynJ,"In the Mood","Reggae Grooves","Christine Lewin",2014-02-23,353226,26,false,1130795251,2024-08-16T13:07:12Z,"lovers rock","Smokey Joe Productions",0.723,0.411,10,-8.309,0,0.0404,0.0882,0.00659,0.154,0.708,72.882,4
spotify:track:2wL3z8PDIpbJn8gi9fwbuH,"First Step","Got to Get It Right - EP","DJ Day",2007-03-18,209500,2,false,1130795251,2024-08-16T13:08:36Z,"nu jazz,trip hop","7T5 Music",0.686,0.473,8,-11.873,1,0.0361,0.475,0.764,0.212,0.926,100.415,4
spotify:track:6cDSjEoPuiT2QhVoU3zkxn,"You Make the Sunshine","Premonition","Sadaka",2015-06-01,239789,4,false,1130795251,2024-09-20T08:55:34Z,"jazz funk","Jazzman",0.664,0.497,7,-10.84,1,0.0586,0.66,0.0000739,0.0512,0.674,118.434,4
spotify:track:5T10feexqg65uuXFrqaHlR,"Don't Let It Get to Your Head","Sideshow Reggae","Black Harmony",2012-08-03,442213,28,false,1130795251,2024-09-25T08:56:10Z,"lovers rock,rocksteady","Firefly Entertainment",0.807,0.634,11,-9.035,1,0.0727,0.00626,0.0288,0.0442,0.683,94.242,4
spotify:track:4WCdxc8CoJaAIL4UM3XsKa,"Barumba","100º And Rising","Incognito",1995-01-01,296920,28,false,1130795251,2024-10-01T11:06:17Z,"acid jazz,jazz funk,smooth jazz","[PIAS] Recordings Catalogue",0.647,0.534,5,-13.437,0,0.076,0.183,0.466,0.105,0.813,171.763,4
spotify:track:4aUCfpSJrsvypVOzWLMw6J,"Ze bede","Sambôa","Sambôa",1983-01-01,266293,21,false,1130795251,2025-04-28T15:34:37Z,"traditional folk","Parsifal",0.727,0.835,11,-6.893,0,0.0438,0.34,0.00000594,0.322,0.764,112.032,4
spotify:track:6ddviNSwbSsTJH0lKk4DHi,"Tu Sei Pazza - Whodamanny Reinterpretation","Tu Sei Pazza","Daniel Monaco;Whodamanny",2021-06-11,304394,20,false,1130795251,2025-10-09T14:25:55Z,"italo disco,indie dance,italo dance","Bordello A Parigi",0.689,0.836,1,-6.399,1,0.0415,0.0289,0.0389,0.173,0.937,108.686,4
spotify:track:38TWJTxNyCrcTtuwtrbmkw,"One Night In Heaven - Classic Mix","One Night In Heaven: The Very Best Of M People","M People;Tony Burns;David Morales",2009-03-26,394640,15,false,1130795251,2026-01-19T11:29:38Z,"disco house,funky house","Legacy Recordings",0.673,0.927,10,-6.304,0,0.0683,0.0533,0.0037,0.135,0.76,123.049,4
spotify:track:329wOcpZWbLapIOqfQHW2W,"Sunshine Holiday","If You Want Me","Carolyn Franklin",1976,127426,23,false,1130795251,2026-01-20T16:10:31Z,"northern soul,classic soul","RCA/Legacy",0.606,0.459,0,-12.509,1,0.0342,0.541,0.00000437,0.238,0.966,148.635,4
spotify:track:0kg80JJ3Esi4y6XskIa3vA,"Be Thankful for What You Got","Be Thankful for What You Got","William DeVaughn",1974-01-01,429371,54,false,1130795251,2026-02-06T15:03:21Z,"classic soul,philly soul","Edsel",0.791,0.42,1,-13.288,0,0.0826,0.411,0.118,0.111,0.835,93.247,4
spotify:track:498gBRuOR0Bmxerj3DzWKe,"Summer Song","Live At The Bijou","Grover Washington, Jr.",1978,454000,2,false,1130795251,2026-02-06T15:09:19Z,"soul jazz,smooth jazz","Margate Copyright",0.577,0.468,2,-11.204,1,0.028,0.251,0.00333,0.891,0.874,110.244,4
spotify:track:47ZtZydr8SI4YsselNc6Zc,"Giving My Love","Joey Negro presents It's A Summer Groove Vol.1","Janice McClain",2009-07-20,395560,15,false,1130795251,2026-02-06T15:20:25Z,"post-disco","Z Records",0.707,0.511,4,-11.24,0,0.0914,0.594,0.00443,0.108,0.671,107.807,4
spotify:track:4oLdFCxDqNaM9l2hRIgM78,"It's Alright Now","It's Alright Now","Dj Graham B",2007-03-05,332760,2,false,1130795251,2026-02-15T18:14:39Z,"","Freestyle Records",0.73,0.958,10,-5.991,0,0.065,0.0324,0.901,0.119,0.971,130.999,4
spotify:track:54HKhh5RdVPAWj84nAHI4J,"Scrood","Scrood","Jonti",2017-03-13,202686,29,false,1130795251,2026-02-24T10:51:22Z,"","Stones Throw Records",0.639,0.59,0,-11.014,0,0.0344,0.607,0.312,0.188,0.772,123.521,4
spotify:track:6zozkHIrxeMJDExQ83WUYb,"Speak Your Mind","Rainmaker","Kevin Moore",1980-09-09,191143,19,false,1130795251,2026-02-25T09:53:36Z,"aor,yacht rock","Universal Records",0.763,0.481,0,-10.278,1,0.0553,0.911,0.165,0.183,0.416,96.892,4
spotify:track:2kCBf3rAFmEGmk1T3JxYBE,"Sab Sabim","Senga","Inês Loubet",2024-05-24,246146,6,false,1130795251,2026-02-25T11:27:14Z,"brazilian jazz","Albert's Favourites",0.634,0.612,11,-10.078,0,0.0307,0.742,0.27,0.363,0.894,89.909,4
spotify:track:1cXbQQtcVvuqaGoaCx89hJ,"Sambinha","Sambalanço Trio","Sambalanço Trio",1964-02-08,131628,8,false,1130795251,2026-05-03T08:56:21Z,"brazilian jazz,bossa nova","Audio Fidelity",0.582,0.329,1,-20.564,1,0.0373,0.92,0.936,0.153,0.874,95.239,4
spotify:track:5fawNiDe6lJ9hichBk20KT,"Sapporo","The Instrumentals Project","Blaze",2004-08-23,478500,16,false,1130795251,2026-06-02T10:43:33Z,"chicago house,funky house,disco house,house","Papa Records",0.579,0.87,1,-9.65,1,0.0368,0.000825,0.925,0.122,0.59,130.965,4
spotify:track:0OvOBCnOegtgz4SZF1zmMq,"Time","Creative Musicians","Ju-Par Universal Orchestra",2002-11-11,185280,22,false,1130795251,2026-06-04T11:22:05Z,"jazz funk","Perfect Toy",0.613,0.491,5,-10.323,1,0.0275,0.713,0.778,0.153,0.429,105.047,4
spotify:track:79H5IKTwXdAbqypigoP832,"Feel It All Around","Life of Leisure","Washed Out",2009,192080,0,false,1130795251,2026-06-08T15:31:38Z,"chillwave,dream pop","Mexican Summer",0.34,0.737,8,-4.681,1,0.0582,0.000105,0.762,0.0699,0.499,172.022,4
spotify:track:7IIROrpimRPTQY0Xue5g2x,"Darker Than Blue","Darker Than Blue","Devon Russell",1993,252933,20,false,1130795251,2026-06-12T13:09:30Z,"rocksteady,roots reggae,lovers rock,reggae,soul jazz","333",0.767,0.462,7,-11.86,0,0.075,0.352,0.00251,0.0457,0.697,143.733,4
spotify:track:74YZpOmeeWAq0nFhmCiIHn,"Darling I Love You","Love The Way: The Solo '70s Recordings","Jorge Santana",2018-09-14,264547,16,false,1130795251,2026-06-20T13:16:45Z,"aor","Omnivore Recordings",0.623,0.78,11,-10.449,0,0.0362,0.103,0.0141,0.074,0.912,127.04,4
spotify:track:1F1OWM6IeFXhJjnkLxJUur,"Sonho do Brasil","Retrospectives","Slowdown",2009-05-26,204093,59,false,1130795251,2026-06-22T10:02:11Z,"bossa nova","NuGroove Music LLC",0.611,0.726,5,-7.396,1,0.0318,0.111,0.701,0.298,0.844,96.008,4
spotify:track:4m7qS1uHe7M0R9GcLVFB1n,"Big Thing - Remastered","The Boxset Collection","Lisa Stansfield",2003-05-30,297333,20,false,1130795251,2026-06-23T10:39:15Z,"","Arista",0.762,0.71,9,-5.228,0,0.0548,0.395,0.0404,0.0618,0.972,101.751,4
spotify:track:6GlqJG2mnJIL9dhVHku4JV,"Truth and Rights","Soul Jazz Records presents STUDIO ONE ROCKERS","Johnny Osbourne",2001-01-01,181693,45,false,1130795251,2026-06-25T11:16:04Z,"roots reggae,reggae,rocksteady,dub,lovers rock,ragga","Soul Jazz Records",0.705,0.489,1,-10.982,0,0.457,0.23,0,0.0887,0.84,159.284,4
spotify:track:02UqF7ZCIvdORQrW2iijbg,"Sun Still Shines - Gyratory Soundsystem Remix","EP1 Remixed","Gyratory Allstars",2025-12-12,361448,0,false,1130795251,2026-06-25T10:14:22Z,"","GA Records",0.585,0.936,4,-6.875,0,0.0607,0.00457,0.289,0.0866,0.443,177.971,4
spotify:track:42SoWrrncUjW7BXZutONZA,"Sounds Like Love","Yancey Boys","Illa J;Debi Nova",2008-11-11,205071,52,true,1130795251,2026-07-01T08:00:54Z,"jazz rap,bachata","Delicious Vinyl Inc",0.73,0.679,10,-4.931,0,0.269,0.612,0.00000126,0.208,0.718,89.962,4
spotify:track:2W1wZG52PIlXihmHnNXE1G,"Creole","Songs From The Analog Playground","Charlie Hunter;Mos Def",2001-01-01,342400,39,false,1130795251,2026-07-01T08:04:00Z,"jazz funk,acid jazz,east coast hip hop,old school hip hop,hip hop","Blue Note Records",0.698,0.23,7,-16.357,0,0.0373,0.373,0.00143,0.0919,0.361,76.584,4
spotify:track:3nYbDXMGIjKonGt3Lfpcbz,"Inner City Life","Point of View","[re:jazz];Jhelisa",2004-11-08,401306,17,false,1130795251,2026-07-01T09:35:29Z,"nu jazz,acid jazz,uk garage,house","INFRACom!",0.574,0.318,9,-13.973,0,0.0284,0.799,0.00477,0.19,0.132,144.022,4
spotify:track:7n8mrMNDk5jLfTiiR79Znx,"Broken Samba","4hero Presents Brazilika","Natures Plan;Marc Mac",2006-07-24,364120,5,false,1130795251,2026-07-01T10:58:53Z,"nu jazz,brazilian jazz,latin house","Far Out Recordings",0.822,0.761,10,-7.857,0,0.0812,0.12,0.859,0.0688,0.965,108.896,4
