Track URI,Track Name,Album Name,Artist Name(s),Release Date,Duration (ms),Popularity,Explicit,Added By,Added At,Genres,Record Label,Danceability,Energy,Key,Loudness,Mode,Speechiness,Acousticness,Instrumentalness,Liveness,Valence,Tempo,Time Signature
spotify:track:4Fvhx4ZlEQiSgD68t1V8Dg,"A Doida","Musicas Para Churrasco, Vol. 1","Seu Jorge",2012-02-08,184626,0,false,,2012-06-16T22:30:30Z,"mpb,samba,pagode","Wrasse Records",0.734,0.928,2,-7.194,0,0.0539,0.187,0,0.0636,0.964,103.994,4
spotify:track:32OWA7OkzOCyQ1NXrEuI7o,"Meu Parceiro","Musicas Para Churrasco, Vol. 1","Seu Jorge",2012-02-08,191013,0,false,,2012-06-16T22:30:30Z,"mpb,samba,pagode","Wrasse Records",0.73,0.934,11,-6.019,0,0.117,0.21,0,0.441,0.697,103.04,4
spotify:track:1YfMAVlteKcFyKxwGG820H,"Veia","Musicas Para Churrasco, Vol. 1","Seu Jorge",2012-02-08,200786,0,false,,2012-06-16T22:30:30Z,"mpb,samba,pagode","Wrasse Records",0.775,0.909,7,-5.429,1,0.0434,0.495,0.00000603,0.168,0.706,110.006,4
spotify:track:2JaueSxmlPVzKguJcyDof5,"Dois Beijinhos","Musicas Para Churrasco, Vol. 1","Seu Jorge",2012-02-08,254746,0,false,,2012-06-16T22:30:30Z,"mpb,samba,pagode","Wrasse Records",0.717,0.754,2,-7.071,0,0.0318,0.41,0.00116,0.442,0.911,90.016,4
spotify:track:4KXnLJtnYnzTCFDdVq04Ei,"Vizinha","Musicas Para Churrasco, Vol. 1","Seu Jorge",2012-02-08,215746,0,false,,2012-06-16T22:30:30Z,"mpb,samba,pagode","Wrasse Records",0.601,0.846,9,-6.417,1,0.0622,0.112,0,0.139,0.932,187.98,4
spotify:track:5gRdOIj15LmZwRYW9xQm8Y,"Amiga Da Minha Mulher","Musicas Para Churrasco, Vol. 1","Seu Jorge",2012-02-08,248080,0,false,,2012-06-16T22:30:30Z,"mpb,samba,pagode","Wrasse Records",0.781,0.928,9,-5.128,0,0.14,0.72,0,0.0872,0.782,103.974,4
spotify:track:6RHjKAH8Ocg4SkliC1yOVI,"Dia De Comemorar","Musicas Para Churrasco, Vol. 1","Seu Jorge",2012-02-08,185480,0,false,,2012-06-16T22:30:30Z,"mpb,samba,pagode","Wrasse Records",0.819,0.828,9,-6.431,1,0.103,0.28,0,0.341,0.71,104.999,4
spotify:track:1diWwvDFQabKdkRQlVQvku,"Japonesa","Musicas Para Churrasco, Vol. 1","Seu Jorge",2012-02-08,234213,0,false,,2012-06-16T22:30:30Z,"mpb,samba,pagode","Wrasse Records",0.768,0.941,7,-6.528,0,0.112,0.408,0,0.153,0.925,115.045,4
spotify:track:4Ui39qHGi99erS3OKy0b0H,"Ole Ole","Musicas Para Churrasco, Vol. 1","Seu Jorge",2012-02-08,181386,0,false,,2012-06-16T22:30:30Z,"mpb,samba,pagode","Wrasse Records",0.715,0.867,7,-6.078,1,0.0555,0.0182,0,0.088,0.93,118.015,4
spotify:track:5lveDRmMnwC4EbmX6z1s29,"Quem Nao Quer Sou Eu","Musicas Para Churrasco, Vol. 1","Seu Jorge",2012-02-08,326493,0,false,,2012-06-16T22:30:30Z,"mpb,samba,pagode","Wrasse Records",0.665,0.64,9,-10.183,0,0.0689,0.264,0.00436,0.19,0.773,97.704,4
spotify:track:0790lwALQ6GUxGS5BFazVL,"Tim Dom Dom","Samba Esquema Novo","Jorge Ben Jor",1963-01-01,139626,0,false,,2012-06-16T22:30:41Z,"mpb,bossa nova,samba,brazilian jazz","Universal Music",0.743,0.447,11,-6.96,0,0.0859,0.854,0,0.162,0.891,86.404,4
spotify:track:5ua6ByZaOw4hlMP6i8Vjdz,"Tá perdoado","Samba Meu","Maria Rita",2007-09-04,227520,59,false,,2012-06-16T23:42:15Z,"samba,mpb,pagode,new mpb,bossa nova","WM Brazil",0.78,0.571,11,-8.651,0,0.061,0.586,0.0000126,0.0767,0.858,102.026,4
spotify:track:7ykHMkAGfBKScnuf3XZdUX,"Na Rua, Na Chuva, Na Fazenda","City of God","Hyldon",2003-01-01,209200,0,false,,2012-06-26T20:18:46Z,"mpb","Milan Records",0.666,0.569,7,-8.271,1,0.0521,0.124,0,0.351,0.423,128.675,4
spotify:track:4zaAftk2wDJIBctRBn7hQU,"Preciso Me Encontrar","Cartola Acontece","Cartola",2007-06-29,178200,0,false,,2012-06-26T20:19:33Z,"samba,mpb,bossa nova","EMI Brazil",0.54,0.422,2,-14.144,0,0.0569,0.914,0.00196,0.453,0.693,154.567,4
spotify:track:44izX51adFrcZ5att2SBYt,"Rap Das Armas","Tropa De Elite","MC Júnior E MC Leonardo;Bateria Da Rocinha",2007-12-11,204306,0,false,,2012-06-26T20:20:27Z,"funk melody,brazilian funk,funk carioca,miami bass","Mixed Repertoire",0.975,0.682,0,-5.874,1,0.157,0.305,0,0.0757,0.893,124.999,4
spotify:track:3K15ukDwX1BokVnRLyvTod,"Sam Blues","Mr. Bongo Brazilian Beats Box Set - Part 1","Sambalanço Trio",2008-04-21,133706,0,false,,2012-06-26T20:22:12Z,"brazilian jazz,bossa nova","Mr. Bongo",0.42,0.638,8,-13.608,0,0.0305,0.821,0.933,0.0868,0.903,106.834,4
spotify:track:75VzwkB6hZJY1p5fHvnhiC,"Samba Do Carioca","Blue Note Trip 7: Birds / Beats","Silvio Cesar",2008-01-01,116982,15,false,,2012-06-30T00:56:42Z,"bossa nova","Universal Music B.V.",0.628,0.622,5,-7.293,0,0.0363,0.487,0,0.127,0.843,93.085,4
spotify:track:6jfyyklEZIOTYd69fZzacq,"Que Bandeira","Retratos","Evinha",2004,148933,0,false,,2012-06-30T00:57:44Z,"mpb,bossa nova,brazilian jazz","EMI Brazil",0.77,0.471,1,-12.409,1,0.0487,0.713,0,0.349,0.818,93.01,4
spotify:track:3rlfQRL4gIRARv6vGawaj2,"Swinga Sambaby","Trio Mocotó","Trio Mocoto",1973-01-01,94266,35,false,,2012-06-30T00:59:23Z,"samba,brazilian jazz,bossa nova","Som Livre",0.718,0.556,0,-8.499,1,0.169,0.298,0,0.513,0.897,107.76,4
spotify:track:7G8YrJBhHE6IyBjOL5n8nW,"Voltei Amor","Samba Rock","Trio Mocoto",2001-11-01,212400,0,false,,2012-06-30T12:29:22Z,"samba,brazilian jazz,bossa nova","Ziriguiboom (Crammed)",0.598,0.725,7,-8.162,1,0.104,0.0631,0.000014,0.0783,0.642,117.561,4
spotify:track:0LtWcQgRcht6O0xXM9YrM7,"Eu Quero Tchu Eu Quero Tcha","Na Pegada do Arrocha","João Lucas & Marcelo",2012-04-10,159755,0,false,,2012-07-01T11:46:02Z,"sertanejo universitário,sertanejo,arrocha","Som Livre",0.752,0.891,2,-2.256,1,0.159,0.367,0,0.352,0.758,138.076,4
spotify:track:2J3dABvZqTdQmpp12XiKyu,"Lero-Lero","Lero-Lero","Luisa Maita",2010-07-27,283413,0,false,,2012-07-01T16:05:55Z,"new mpb,forró","Cumbancha",0.727,0.412,5,-9.891,0,0.0448,0.732,0.000473,0.136,0.836,149.935,4
spotify:track:0M7UZVYzVExCNi3o5fFM5O,"Passarinho","Arrocha","Curumin",2012-06-05,202653,0,false,,2012-07-01T16:05:58Z,"new mpb","Six Degrees Records",0.71,0.666,2,-7.587,0,0.0295,0.427,0.15,0.12,0.906,137.779,4
spotify:track:08LEKu9jqPJwXLLC14IzC3,"Pra Manha","Late Night Tales: Another Late Night - Zero 7 (Remastered)","Da Lata",2012-03-23,373133,0,false,,2012-07-01T16:25:31Z,"downtempo","Late Night Tales",0.754,0.647,4,-11.798,0,0.0836,0.0915,0.0997,0.0824,0.646,114.954,4
spotify:track:3vuUhwFljjs55iJNVQSoYb,"Baby - 1971","Everything is Possible!","Os Mutantes",2007-03-15,220080,16,false,,2012-07-01T16:30:31Z,"brazilian rock,mpb,psychedelic rock","Luaka Bop",0.624,0.307,0,-11.193,1,0.0409,0.707,0.00000625,0.0972,0.61,96.738,4
spotify:track:1yVd4gsCgOf1JvfACB3QH8,"Gafiera","Of All The Things","Jazzanova;Pedro Martins",2008-01-01,158480,0,false,,2012-07-01T16:36:21Z,"nu jazz,acid jazz,trip hop,jazz funk,downtempo,brazilian jazz,indie jazz","Boutique",0.647,0.671,5,-8.22,0,0.0396,0.0564,0.000477,0.22,0.93,118.072,4
spotify:track:1sS1wWP2izrNTLeoNL39sR,"Samba De Orly","Rio: Music From The Motion Picture (International Version)","Bebel Gilberto",2011-01-01,169720,0,false,,2012-07-01T16:42:55Z,"bossa nova,brazilian jazz,mpb","A&M",0.696,0.39,5,-11.715,1,0.127,0.737,0.00000197,0.239,0.837,99.92,4
spotify:track:3PMnRwJ5VeIs8b4i2yCZ9C,"Aldea De Ogum","The Best of Mr. Bongo","Joyce Moreno",2008-11-04,266800,0,false,,2012-07-01T16:44:33Z,"bossa nova,brazilian jazz,mpb","Mr. Bongo",0.365,0.972,6,-3.288,0,0.104,0.00809,0.000106,0.29,0.748,131.89,4
spotify:track:3xoSbwZ59NgclROtL68LOt,"Cadê Tereza","Favourites: From Samba Esquema Novo 1963 To Africa Brasil 1976","Jorge Ben Jor",2008-01-01,202693,6,false,,2012-07-01T16:48:37Z,"mpb,bossa nova,samba,brazilian jazz","Wrasse Records Ltd.",0.482,0.814,9,-6.545,0,0.0817,0.693,0,0.125,0.793,91.453,4
spotify:track:13cyWwAwfXiIH5QgQ21bGT,"O Filósofo","Africa Brasil","Jorge Ben Jor",1976-01-01,207266,0,false,,2012-07-01T16:53:56Z,"mpb,bossa nova,samba,brazilian jazz","Universal Music",0.704,0.729,2,-5.072,1,0.0549,0.75,0.00000505,0.0736,0.897,119.213,4
spotify:track:2S3CDofWVsmwXvBfE1HgQ7,"Voce e Eu","João Gilberto","João Gilberto;Studio ensemble",2012-06-05,148066,0,false,,2012-07-01T16:55:56Z,"bossa nova,brazilian jazz,samba,latin jazz,cool jazz,jazz,ragtime","CNM",0.784,0.292,6,-15.898,1,0.043,0.859,0.00000511,0.105,0.765,88.936,4
spotify:track:0XXHmbHoamRxzmTVNKi27v,"Ai, ai, ai - Original version","Ai, ai, ai...","Vanessa Da Mata",2006,253546,0,false,,2012-07-03T21:35:28Z,"mpb,new mpb","Planet Records Europe",0.644,0.73,0,-4.667,1,0.0275,0.00218,0.000175,0.108,0.907,130.118,4
spotify:track:2MLCje6lhKdvsRvL1LU6fJ,"Real In Rio","Rio: Music From The Motion Picture (International Version)","Jesse Eisenberg;Jamie Foxx;Anne Hathaway;George Lopez;will.i.am;The Rio Singers",2011-01-01,227946,0,false,,2012-07-05T22:03:22Z,"musicals,comedy","A&M",0.513,0.742,11,-9.035,0,0.378,0.228,0,0.328,0.424,141.565,4
spotify:track:45EBx9ogJUM5aPO5qbWlSP,"Wave","A&M Gold Series - Sergio Mendez","Sergio Mendes & Brasil '66",1991-01-01,135933,9,false,,2012-07-05T22:45:39Z,"bossa nova,brazilian jazz,latin jazz","A&M",0.623,0.33,8,-18.705,1,0.0437,0.778,0.00000965,0.118,0.86,150.145,4
spotify:track:5iKuMCDh634YGrg2HrhtHp,"Previsao","Uma Batida Diferente","Bossacucanova",2004-10-01,181133,0,false,,2012-07-11T17:06:04Z,"bossa nova,brazilian jazz,samba","Ziriguiboom",0.674,0.864,1,-7.971,1,0.0382,0.641,0.358,0.139,0.536,99.995,4
spotify:track:01HA59yj38Rwz8rnB4ItpY,"Jogo De Roda","20 Anos de Saudade","Elis Regina",2001-01-01,190226,0,false,,2012-07-15T12:05:40Z,"mpb,bossa nova,brazilian jazz,samba","Universal Music",0.461,0.691,0,-8.556,0,0.11,0.573,0,0.56,0.688,105.841,4
spotify:track:3FQQcU07HdqfoAVLAw35k9,"Primitivo","The Beat Of Brazil","Sérgio Mendes",2005-11-22,237106,0,false,,2012-07-15T12:07:14Z,"brazilian jazz,bossa nova,samba","Concord Music Group",0.471,0.43,9,-12.639,0,0.0403,0.791,0.938,0.0828,0.603,143.913,4
spotify:track:3bqzeiktzDnOu7RtbB8kb6,"Zimbo Samba","Zimbo Trio","Zimbo Trio",1965-01-01,125373,24,false,,2012-07-15T12:08:14Z,"brazilian jazz,bossa nova,latin jazz","Som Livre",0.455,0.545,5,-7.664,0,0.0414,0.668,0.0171,0.0918,0.498,138.355,4
spotify:track:29A7bUqzKlTAOK5fhkKurr,"Viramundo","Louvação","Gilberto Gil",1967,137972,0,false,,2012-07-15T12:08:29Z,"mpb,bossa nova,forró tradicional,samba","Universal Music",0.725,0.713,4,-5.805,1,0.0325,0.3,0,0.077,0.963,103.581,4
spotify:track:3yQU4GY24EzKwFl3Wl8i4Z,"Canto De Ossanha","Os Afro - Sambas De Baden E Vinícius","Baden Powell;Vinícius de Moraes",1966,207466,0,false,,2012-07-15T12:09:23Z,"bossa nova,brazilian jazz,samba,latin jazz,mpb","Universal Music Ltda",0.421,0.741,0,-7.632,1,0.0399,0.585,0,0.56,0.679,89.994,4
spotify:track:780NAbVj4kKdvZDHF65vBd,"Menino Das Laranjas","Fascinacao - O Melhor De Elis Regina","Elis Regina",1989-07-06,136266,0,false,,2012-07-15T12:09:44Z,"mpb,bossa nova,brazilian jazz,samba","Universal Music Ltd.",0.529,0.528,9,-11.959,1,0.0958,0.529,0,0.14,0.67,104.196,4
spotify:track:5SJANtbjzvWeI06E9Bs5lT,"Carnaval Triste","Sacundin Ben Samba","Jorge Ben Jor",1964-01-01,154493,23,false,,2012-07-15T12:10:36Z,"mpb,bossa nova,samba,brazilian jazz","Universal Music Ltda.",0.385,0.472,3,-9.358,1,0.0368,0.72,0,0.3,0.454,77.492,4
spotify:track:6jdgUfhsPTk4tsxPjw0bEJ,"Samba en Paz","The Very Best of Samba and Bossa Nova","Caetano Veloso;Oberdan Oliveira;Cleto Junior",2012-02-23,127520,0,false,,2012-07-15T12:11:30Z,"mpb,bossa nova,samba","Midget Music",0.52,0.458,10,-7.543,1,0.0316,0.715,0.326,0.308,0.719,83.42,4
spotify:track:5dyxXwO5tacUf6PazUC2y7,"Rosa, Menina Rosa","Favourites: From Samba Esquema Novo 1963 To Africa Brasil 1976","Jorge Ben Jor",2008-01-01,135773,6,false,,2012-07-15T12:11:54Z,"mpb,bossa nova,samba,brazilian jazz","Wrasse Records Ltd.",0.584,0.641,2,-7.415,0,0.0886,0.376,0,0.118,0.732,96.264,4
spotify:track:1artcbq1UENES4lS8V92Fp,"Linha De Frente","Nó Na Orelha","Criolo",2012-06-25,270173,0,false,,2012-07-16T20:42:52Z,"brazilian hip hop,samba,new mpb,mpb","Sterns",0.768,0.497,7,-9.046,1,0.079,0.358,0.000785,0.0839,0.715,168.007,4
spotify:track:0HLIqbcTuVxstlcVaDB926,"Bogotá","Nó Na Orelha","Criolo",2012-06-25,280400,0,false,,2012-07-16T20:44:08Z,"brazilian hip hop,samba,new mpb,mpb","Sterns",0.494,0.853,5,-6.203,0,0.131,0.018,0.000281,0.133,0.901,122.005,4
spotify:track:4pXlKqzmuOd9uEaPkjZeuM,"Mariô","Nó Na Orelha","Criolo",2012-06-25,217400,0,false,,2012-07-16T20:44:20Z,"brazilian hip hop,samba,new mpb,mpb","Sterns",0.766,0.585,10,-7.1,0,0.103,0.0863,0.00322,0.0995,0.697,89.99,4
spotify:track:60U9gBVYhgPSMSwlQVgCHb,"Crioula","Tudo Ben: Jorge Ben Covers","Wilson Simonal",2009-03-31,197613,0,false,,2012-07-22T21:45:07Z,"mpb,samba,bossa nova","Mr. Bongo",0.419,0.802,4,-7.418,1,0.0889,0.458,0,0.266,0.699,95.604,4
spotify:track:6XxFvyaly1Hep1iCNFdHjv,"Criola","Puro Suingue","Jorge Ben Jor",2000-01-01,209826,0,false,,2012-07-22T21:46:44Z,"mpb,bossa nova,samba,brazilian jazz","Universal Music",0.559,0.709,1,-7.892,1,0.0417,0.467,0.000165,0.108,0.908,90.351,4
spotify:track:2iuQ6tS9Ys3cpZDfSquEuc,"Oba, Lá Vem Ela","Sampled! (Jazz Club)","Jorge Ben Jor",2008-01-01,252400,0,false,,2012-07-26T23:22:45Z,"mpb,bossa nova,samba,brazilian jazz","Verve",0.556,0.432,0,-11.777,1,0.0662,0.696,0.000481,0.498,0.507,100.261,4
spotify:track:1WGdMw9FVa0CF5zsQYnQua,"Tudo De Você","Blue Note Trip 6: Somethin' Old/Somethin' Blue","Wilson Simonal",2007-01-01,136200,0,false,,2012-07-31T22:56:45Z,"mpb,samba,bossa nova","[blank]",0.511,0.568,4,-10.594,0,0.0332,0.724,0.0101,0.23,0.715,172.88,4
spotify:track:7hJyVJ0NBDuHgBmotQGuF0,"Pais Tropical","Greatest Songs Ever: Brazil","Wilson Simonal",2006,208306,0,false,,2012-07-31T22:59:22Z,"mpb,samba,bossa nova","Capitol Records",0.714,0.506,5,-12.105,1,0.0364,0.706,0,0.259,0.911,128.94,4
spotify:track:1TX4h6MrIZ0K3r4OOG11WO,"Flor de Lis","A Voz, o Violão, a Música de Djavan","Djavan",1976-03-01,225266,64,false,,2012-07-31T23:00:40Z,"mpb","Som Livre",0.549,0.502,2,-16.202,0,0.0493,0.223,0,0.0622,0.781,85.793,4
spotify:track:4RgKpc2r0S3zGlXuGBPZsk,"Mar Afunda","Bottletop Presents Sound Affects: Brazil","Os Novos Crioulos",2007-10-29,153026,0,false,,2012-07-31T23:03:28Z,"","Mr. Bongo",0.77,0.648,2,-10.002,1,0.135,0.151,0.000298,0.127,0.862,95.863,4
spotify:track:0HWwizfwsR4h6f42pg61eZ,"Urubu No Telhado","Bottletop Presents Sound Affects: Brazil","Bazeado",2007-10-29,229826,0,false,,2012-07-31T23:04:13Z,"","Mr. Bongo",0.711,0.582,8,-10.68,1,0.0314,0.494,0.00393,0.166,0.9,131.934,4
spotify:track:2r1M7xoOfyLNGnudTClHd6,"Sambules","Bossa Nova '64","Sambalanço Trio",2011-05-01,133626,0,false,,2012-08-04T22:25:48Z,"brazilian jazz,bossa nova","Master Classics Records",0.465,0.686,8,-11.349,0,0.0431,0.821,0.914,0.0902,0.894,109.434,4
spotify:track:1CfLLl7jwkV7cI7lmGqFeN,"Balanço Zona Sul","Bossa Nova '64","Sambalanço Trio",2011-05-01,151066,0,false,,2012-08-04T22:25:54Z,"brazilian jazz,bossa nova","Master Classics Records",0.522,0.299,2,-16.355,0,0.0327,0.97,0.931,0.105,0.641,143.58,4
spotify:track:7CtxOMOsQbY9jnqq8XywED,"O Morro Não Tem Vez","Bossa Nova '64","Sambalanço Trio",2011-05-01,222600,0,false,,2012-08-04T22:26:12Z,"brazilian jazz,bossa nova","Master Classics Records",0.641,0.401,8,-15.234,1,0.0382,0.938,0.933,0.103,0.283,120.555,4
spotify:track:6wxhUlicOZ7KLbXK4spv0f,"Consolação","Bossa Nova '64","Sambalanço Trio",2011-05-01,155026,0,false,,2012-08-04T22:26:21Z,"brazilian jazz,bossa nova","Master Classics Records",0.428,0.37,11,-15.351,0,0.03,0.961,0.92,0.0914,0.72,149.502,4
spotify:track:7mrL741YwpaiRKg56zakhb,"Não Existe Amor Em SP","Nó Na Orelha","Criolo",2012-06-25,280613,0,false,,2012-08-04T22:27:47Z,"brazilian hip hop,samba,new mpb,mpb","Sterns",0.602,0.41,5,-9.526,0,0.0401,0.414,0.016,0.0757,0.349,141.975,4
spotify:track:5gCaTDPYuPlalTz9l9In63,"Doralice","Jobim, Vinicius, Baden, Menescal, Lyra... (54 Songs)","Wanda Sá;Celia Vaz",2005-09-29,126746,0,false,,2012-08-05T23:15:13Z,"bossa nova,brazilian jazz","Iris music",0.601,0.324,2,-13.291,1,0.0554,0.856,0.0000113,0.0541,0.94,157.802,4
spotify:track:4CpJ3MK6rvPoxjtauELmao,"Desabafo / Deixa Eu Dizer - feat. Claudia","A Arte do Barulho","Marcelo D2;Claudia",2008,175666,0,false,,2012-08-05T23:17:24Z,"brazilian hip hop,samba,brazilian rock,mpb","EMI",0.6,0.869,4,-5.565,0,0.315,0.0364,0,0.287,0.786,85.409,4
spotify:track:0Aj3MI756vxc4ScmmnK2Wt,"Tiro Ao Álvaro - feat. Elis Regina","Elis Regina","Elis Regina;Adoniran Barbosa",2002,162400,0,false,,2012-08-05T23:20:38Z,"mpb,bossa nova,brazilian jazz,samba","EMI Brazil",0.603,0.649,10,-7.006,1,0.104,0.463,0,0.101,0.957,93.781,4
spotify:track:0O9kkXzdL0ufQNzE7vDgsQ,"Hermes Trismegisto Escreveu","Africa Brasil","Jorge Ben Jor",1976-01-01,182640,0,false,,2012-08-05T23:21:21Z,"mpb,bossa nova,samba,brazilian jazz","Universal Music",0.692,0.949,9,-5.162,1,0.108,0.496,0.00000187,0.0837,0.859,90.936,4
spotify:track:5S2ugMbw7Viq4vES6jg6gs,"Meus Filhos, Meu Tesouro","Africa Brasil","Jorge Ben Jor",1976-01-01,231266,0,false,,2012-08-05T23:21:49Z,"mpb,bossa nova,samba,brazilian jazz","Universal Music",0.425,0.882,8,-5.226,1,0.0997,0.421,0,0.0708,0.517,100.982,4
spotify:track:7p61tIz7qwzuc9c2WgQjDv,"Trem das Onze","Para Sempre - Adoniran Barbosa","Adoniran Barbosa",2001,185826,0,false,,2012-08-05T23:23:02Z,"samba,mpb,bossa nova","EMI",0.668,0.48,4,-15.788,1,0.0863,0.33,0.000169,0.0636,0.766,90.919,4
spotify:track:2ukW9zOr51AYeLSmCtTVqW,"Não Me Deixe Só","Vanessa da Mata","Vanessa Da Mata",2003-10-31,189666,69,false,,2012-08-05T23:26:59Z,"mpb,new mpb","Epic",0.731,0.469,2,-10.724,1,0.0379,0.333,0.0115,0.0976,0.641,107.093,4
spotify:track:3zlBtKhbn2ePOAkSMPLbjW,"Efêmera - ORIGINAL","Efêmera","Tulipa Ruiz",2011-03-01,224586,4,false,,2012-08-05T23:30:08Z,"new mpb,mpb","Totolo",0.837,0.533,10,-9.204,1,0.0333,0.739,0.00591,0.0997,0.942,116.019,4
spotify:track:2jIu30Vg6ox7sK0Oy2DK2Q,"Aquele Abraco","Soy Loco Por Ti","Gilberto Gil",2008,230079,0,false,,2012-08-12T23:51:19Z,"mpb,bossa nova,forró tradicional,samba","Atom Music",0.829,0.765,2,-13.297,1,0.0551,0.588,0.015,0.0642,0.927,110.416,4
spotify:track:4Urq6LVZaE0lRtGxcIhw6R,"Nem Por Mais um Dia","O Som Que Vem da Luz do Sol","Maskavo",2004-01-01,249660,0,false,,2012-08-13T10:53:44Z,"reggae,reggae pop","YBrazil",0.515,0.663,11,-8.902,1,0.0374,0.0924,0,0.111,0.916,163.935,3
spotify:track:3hv4mnnPKjm5FFQL7sdZ2p,"Samba Pra Vinícius","Bossa 4 Two (2CD)","Toquinho;Chico Buarque",2003-08-13,154120,0,false,,2012-08-13T10:59:44Z,"bossa nova,mpb,brazilian jazz,samba","Universal Music",0.464,0.605,11,-14.143,0,0.0919,0.742,0.000858,0.372,0.799,198.462,4
spotify:track:2BEHhvF6tc3AMHSd88ieQH,"Canta Brasil","Classic Latino (International Version)","Gal Costa",2006-01-01,193373,0,false,,2012-08-31T16:36:01Z,"mpb,bossa nova,brazilian jazz","Universal Music",0.5,0.725,2,-10.821,0,0.264,0.129,0.00000741,0.223,0.622,125.881,4
spotify:track:0JmNkza8Oax92TF7lJV8GZ,"Cara valente","Maria Rita - Portugal","Maria Rita",2004-02-10,282293,44,false,,2012-08-31T16:36:18Z,"samba,mpb,pagode,new mpb,bossa nova","WEA Latina",0.738,0.56,2,-9.963,1,0.0482,0.608,0.0045,0.126,0.645,157.946,4
spotify:track:1FsczilgFundZA027jXSKz,"Sempre Existe Alguém","Série Samba Soul","Trio Ternura",1971-03-30,134533,32,false,,2012-09-01T11:11:48Z,"","Columbia",0.596,0.567,9,-8.09,1,0.0484,0.698,0.0619,0.0721,0.528,71.992,4
spotify:track:3PsGlZaMR6W3luCmp3RgRc,"Ponteio","Lifestyle2 - Latin Jazz Vol 1 (International Version)","Edu Lobo",2009-01-01,181920,30,false,,2012-09-22T18:28:49Z,"bossa nova,brazilian jazz,mpb","Universal Music Group International",0.656,0.697,4,-11.946,0,0.0415,0.0677,0.0000944,0.0742,0.815,138.243,4
spotify:track:1ghuvyp8Feo7RiWjvjMXE9,"Tristeza de nos dois","Tristeza de nos dois","Sérgio Mendes",2012-09-18,135466,0,false,,2012-09-26T08:58:29Z,"brazilian jazz,bossa nova,samba","Labelle",0.306,0.373,9,-14.918,0,0.0292,0.814,0.94,0.166,0.634,78.396,4
spotify:track:6mPE2y1oP9bldOsnL4NANi,"Dora lice","Tristeza de nos dois","Sérgio Mendes",2012-09-18,87293,0,false,,2012-09-26T08:58:57Z,"brazilian jazz,bossa nova,samba","Labelle",0.647,0.535,3,-13.302,1,0.0401,0.886,0.0000027,0.16,0.973,88.086,4
spotify:track:7dFWobROBGwTp6P10ji0Mw,"Amor em jacumã","Sem Nostalgia","Lucas Santtana",2011-08-22,214266,0,false,,2012-09-26T09:32:59Z,"new mpb,mpb","Mais Um Discos",0.686,0.682,11,-9.135,0,0.0627,0.688,0.184,0.421,0.725,79.971,4
spotify:track:6iB5Gc9nfRiW8GoQJXFgTO,"Homem Da Rua","Lô Borges","Lô Borges",1972,120333,0,false,,2012-10-02T22:42:36Z,"mpb,brazilian jazz","EMI Brazil",0.473,0.674,2,-9.656,0,0.0433,0.629,0.0000061,0.369,0.446,90.753,3
spotify:track:6Oat0qxM49WvCWYngKwLKN,"A Vantage De Rever Voce","Nova Bossa Nova","Marcos Valle",1997-04-01,290733,0,false,,2012-10-15T21:46:01Z,"bossa nova,brazilian jazz","Far Out Recordings",0.694,0.365,11,-14.009,0,0.0346,0.386,0.00072,0.0734,0.725,136.379,4
spotify:track:2RPHy1PlxehscIM1K1wQMy,"Nova Bossa Nova","Far Out Bossa Nova","Marcos Valle",2008-10-01,246400,0,false,,2012-10-15T21:46:19Z,"bossa nova,brazilian jazz","Far Out Recordings",0.598,0.739,8,-10.602,1,0.0452,0.523,0.725,0.146,0.881,95.018,4
spotify:track:1OzHkIzGMj4S3rWwF8TBjc,"Aqua De Coco","Far Out Chill Brazil","Marcos Valle",2007-07-16,287560,0,false,,2012-10-15T21:47:12Z,"bossa nova,brazilian jazz","Far Out Recordings",0.755,0.732,10,-9.6,0,0.0658,0.487,0.00091,0.454,0.816,88.028,4
spotify:track:1vagC1cREo70TYnZDhbuus,"Isso é Caribó","Do Amor","Do Amor",2010-10-08,304706,5,false,,2012-10-23T23:30:47Z,"new mpb,tecnobrega","Tratore",0.575,0.881,2,-6.61,1,0.0569,0.0494,0.0974,0.178,0.567,106.017,4
spotify:track:7qh2WCyil4i5Dqlv1Tos4a,"Desdenha","Farewell EP","Graveola",2012-10-08,328906,0,false,,2012-10-23T23:37:15Z,"new mpb","Mais Um Discos",0.744,0.837,7,-5.443,1,0.047,0.511,0.0125,0.11,0.949,102.51,4
spotify:track:3HgnQJUiC8HpnE9OirV7or,"Farewell Love Song","Farewell EP","Graveola",2012-10-08,163933,0,false,,2012-10-23T23:37:15Z,"new mpb","Mais Um Discos",0.558,0.862,7,-4.897,1,0.042,0.711,0.00000205,0.267,0.333,140.006,4
spotify:track:1aKPr6HwMUCPdZGyMCzkvY,"Dois Lados da Canção","Farewell EP","Graveola",2012-10-08,288519,0,false,,2012-10-23T23:37:15Z,"new mpb","Mais Um Discos",0.696,0.321,8,-12.75,1,0.0306,0.792,0.0611,0.0832,0.205,114.962,3
spotify:track:0LtUfsOMlLfcF9Vw43QFIa,"Samba de Outro Lugar","Farewell EP","Graveola",2012-10-08,302626,0,false,,2012-10-23T23:37:15Z,"new mpb","Mais Um Discos",0.724,0.437,8,-12.481,0,0.134,0.679,0.0112,0.114,0.445,123.899,4
spotify:track:4Ax7qXubZD9xJYpshHcn22,"Para Lennon e Mccartney","Milton","Milton Nascimento",1970,136706,0,false,,2012-10-24T22:43:50Z,"mpb,bossa nova,brazilian jazz","EMI Brazil",0.407,0.521,0,-12.511,0,0.0297,0.32,0.0000041,0.128,0.829,98.867,4
spotify:track:1yL36kb7axblleCmQunNyZ,"Não Adianta","Mr. Bongo Brazilian Beats Box Set - Part 1","Trio Mocoto",2008-04-21,245773,0,false,,2012-11-08T00:19:26Z,"samba,brazilian jazz,bossa nova","Mr. Bongo",0.494,0.714,7,-8.128,0,0.0387,0.588,0.00057,0.0959,0.482,145.857,4
spotify:track:1ASS5flclY2UpAcfspqttQ,"Beira Do Mar","Luz Y Sombra","S-Tone Inc",2005,359026,33,false,,2012-11-08T00:20:47Z,"nu jazz,acid jazz,lounge,bossa nova","Schema Records",0.684,0.938,10,-6.465,0,0.0393,0.166,0.183,0.085,0.824,106.021,4
spotify:track:2eWAQsM66A2VzpZc5TSGUf,"Linda Cançao","Essential Lounge, Vol.1 (Top Lounge and Chillout Tunes, 30 Fresh Tracks from the Funky Juice Vaults)","Barrio Jazz Gang",2012-01-01,329960,0,false,,2012-11-08T00:21:31Z,"nu jazz,acid jazz,jazz house,jazz funk","Funky Juice",0.795,0.694,2,-9.991,0,0.0404,0.0491,0.854,0.0769,0.832,120.008,4
spotify:track:2DLV4f0juOIwYRjiY4RJjj,"Samba De Flora","Samba De Flora","Airto",1989,376572,0,false,,2012-11-11T22:38:25Z,"brazilian jazz,latin jazz,jazz fusion","Montuno Records / Sunflower Ent",0.586,0.718,8,-14.224,1,0.0683,0.299,0.0705,0.16,0.79,133.963,4
spotify:track:5H0zJRv8DY2N1NNvs5rex3,"Feitinha Pro Poeta","Brasil!","Claudette Soares",2001-01-01,122893,0,false,,2012-11-11T22:39:27Z,"bossa nova,brazilian jazz","Universal Music Ltd.",0.574,0.777,7,-10.033,0,0.138,0.185,0.00000305,0.305,0.813,99.601,4
spotify:track:2qVhCoeG4HI26z1sqcogpn,"Casa Forte","A Arte De Elis Regina","Elis Regina",1988,168626,0,false,,2012-11-11T22:39:59Z,"mpb,bossa nova,brazilian jazz,samba","Universal Music Ltda",0.58,0.621,2,-11.349,0,0.0754,0.524,0.0808,0.0605,0.589,142.074,4
spotify:track:6wUp7y502iyWLuLuurlOyw,"A Banda","Chico Buarque de Hollanda","Chico Buarque",1966-01-01,131000,59,false,,2012-11-13T22:44:03Z,"mpb,bossa nova,samba","Som Livre",0.67,0.669,2,-7.081,1,0.0476,0.831,0.0000689,0.101,0.927,118.968,4
spotify:track:68S8trLbdu20by5AuLp6Lh,"Borandá","Pure Bossa Nova","Tamba Trio",2005-01-01,197093,0,false,,2012-11-13T22:58:20Z,"bossa nova,brazilian jazz,latin jazz","Universal Music Group",0.392,0.555,4,-11.05,0,0.0298,0.715,0.00547,0.0788,0.772,83.251,1
spotify:track:7e1OrZHVcoXkP4hxLjP3oA,"Subirusdoistiozin","Nó Na Orelha","Criolo",2012-06-25,213573,0,false,,2012-11-14T23:55:52Z,"brazilian hip hop,samba,new mpb,mpb","Sterns",0.741,0.503,1,-7.644,1,0.262,0.0486,0.00201,0.309,0.558,86.477,4
spotify:track:3pShhe1Vb4QbNmixuCQzM1,"Samba Da Minha Terra","Samba Da Minha Terra","João Gilberto",2012-11-13,141133,1,false,,2012-12-02T15:46:18Z,"bossa nova,brazilian jazz,samba,latin jazz,cool jazz,jazz","We Love Rhythm",0.652,0.652,2,-10.437,1,0.0406,0.854,0.0000793,0.353,0.819,83.808,4
spotify:track:6XP948AEuaZGhJ78iVXw5b,"Saudade Da Bahia","Samba Da Minha Terra","João Gilberto",2012-11-13,136426,0,false,,2012-12-02T15:47:01Z,"bossa nova,brazilian jazz,samba,latin jazz,cool jazz,jazz","We Love Rhythm",0.5,0.255,4,-11.363,1,0.0298,0.846,0,0.163,0.472,140.259,4
spotify:track:1FVHdMeZ9K6SGwtktaieDr,"Xibaba","Natural Feelings","Airto Moreira",1970,282080,0,false,,2012-12-09T00:55:16Z,"brazilian jazz,latin jazz,jazz fusion,bossa nova","",0.434,0.673,11,-13.552,0,0.119,0.0319,0.0315,0.089,0.412,127.866,3
spotify:track:73U0RFiTxX88VoZyt3wMo8,"Cravo e Canela - feat. Lô Borges","Clube Da Esquina 1","Milton Nascimento;Lô Borges",1972,151840,0,false,,2012-12-09T00:57:18Z,"mpb,bossa nova,brazilian jazz","EMI Brazil",0.436,0.325,7,-17.127,1,0.044,0.178,0.0000206,0.0652,0.665,118.875,3
spotify:track:0eDz0Z4hRIC212qJ5rknQb,"Olhou Para Mim","Great Classics","Sérgio Mendes",2012-12-10,175666,0,false,1130795251,2012-12-12T23:46:40Z,"brazilian jazz,bossa nova,samba","Tiger Nong",0.497,0.625,5,-12.218,1,0.0303,0.679,0.0579,0.0858,0.788,99.78,4
spotify:track:5ZqkqmbMYKwD8CTOJgo8FT,"Outra Vez","Great Classics","Sérgio Mendes",2012-12-10,147666,0,false,1130795251,2012-12-12T23:46:52Z,"brazilian jazz,bossa nova,samba","Tiger Nong",0.484,0.504,5,-11.751,1,0.0307,0.272,0.572,0.11,0.875,159.101,4
spotify:track:4oXfotZpaEigHMBH7L2GeD,"Jogos Madrugais","O Deus Que Devasta Mas Também Cura","Lucas Santtana",2012-10-15,276346,0,false,1130795251,2012-12-16T13:12:53Z,"new mpb,mpb","Mais Um Discos",0.555,0.713,7,-6.07,1,0.124,0.309,0.662,0.128,0.615,120.982,4
spotify:track:7wHhmqCBHTm5oDo4RyFy5l,"O Bonde Do Dom - 2006 Digital Remaster","Universo Ao Meu Redor","Marisa Monte",2006-03-25,243693,0,false,1130795251,2012-12-18T08:18:00Z,"mpb,new mpb","Non EMI",0.735,0.408,5,-7.584,1,0.031,0.319,0.00000284,0.11,0.485,123.974,4
spotify:track:78hlO6uk81PQrsycAoTkdZ,"So Danco Samba","The Best Of Sergio Mendes","Sérgio Mendes Trio",2009-01-01,118506,1,false,1130795251,2012-12-25T13:25:48Z,"bossa nova,brazilian jazz,latin jazz","Decca (UMO)",0.665,0.562,9,-11.999,0,0.0573,0.565,0.0699,0.0986,0.7,89.48,4
spotify:track:7vAHUy242GGQm8BFTiUUcb,"Upa Neguinho","The Best Of Sergio Mendes","Sergio Mendes & Brasil '66",2009-01-01,175093,1,false,1130795251,2013-01-10T00:14:14Z,"bossa nova,brazilian jazz,latin jazz","Decca (UMO)",0.662,0.568,9,-10.242,1,0.0363,0.582,0.00000612,0.147,0.896,94.409,4
spotify:track:7E26bY2VRYa0XvkpCyy3np,"Batucada","The Best Of Sergio Mendes","Sergio Mendes & Brasil '66",2009-01-01,140013,1,false,1130795251,2013-01-10T00:14:25Z,"bossa nova,brazilian jazz,latin jazz","Decca (UMO)",0.572,0.607,0,-9.848,0,0.0329,0.182,0,0.113,0.96,106.815,4
spotify:track:7Emd4AYofPcfAPnCMkoCK6,"Passos Pela Rua","Verão 2009","Marcelo Mira",2009-01-19,210416,0,false,1130795251,2013-01-10T00:17:23Z,"","EMI",0.726,0.652,6,-10.171,0,0.0311,0.015,0.0000439,0.116,0.929,124.006,4
spotify:track:1KhskNApqcI0XuIbbeERlw,"Magalenha","Brasileiro","Sérgio Mendes",1992,216933,0,false,1130795251,2013-01-14T21:13:06Z,"brazilian jazz,bossa nova,samba","Concord Music Group",0.82,0.633,9,-13.816,1,0.0745,0.129,0,0.0972,0.716,116.622,4
spotify:track:7e1OrZHVcoXkP4hxLjP3oA,"Subirusdoistiozin","Nó Na Orelha","Criolo",2012-06-25,213573,0,false,1130795251,2013-01-21T23:43:06Z,"brazilian hip hop,samba,new mpb,mpb","Sterns",0.741,0.503,1,-7.644,1,0.262,0.0486,0.00201,0.309,0.558,86.477,4
spotify:track:1obau7YVq9ocJhG7caEC9w,"Guarapiranga","Outro Lugar","Toco",2007-06-19,311130,42,false,1130795251,2013-02-10T22:10:52Z,"bossa nova,brazilian jazz","Schema Records",0.702,0.815,2,-7.731,0,0.0387,0.684,0.566,0.111,0.818,96.015,4
spotify:track:45WYMsw6ZMj5gAIvdygkk5,"Tema Sem Palavras - Remix","Dance Moderno (Revisited By Brazilian Love Affair Project)","Sérgio Mendes",2013-03-01,178875,0,false,1130795251,2013-03-04T13:12:27Z,"brazilian jazz,bossa nova,samba","Phonofonic Lounge",0.645,0.748,10,-10.133,0,0.0313,0.314,0.934,0.142,0.539,101.991,4
spotify:track:31Jqz1Tf5MGIUfYlnrVJuy,"Quero Ver Você No Baile","Diva Paulista","Paula Lima",2002,278320,0,false,1130795251,2013-03-23T09:17:56Z,"samba,mpb","Mr. Bongo",0.785,0.722,7,-7.408,0,0.128,0.136,0.00236,0.0391,0.965,111.992,4
spotify:track:2gGzGOoMJCmngTgLPSyPGI,"La Lupita","Mr. Bongo Brazilian Beats Box Set - Part 1","Nico Gomez",2008-04-21,222760,0,false,1130795251,2013-04-07T10:48:20Z,"","Mr. Bongo",0.77,0.804,7,-10.099,1,0.0896,0.296,0.134,0.0444,0.546,111.427,4
spotify:track:0VDXrADcXuObsKbSGfJjId,"Boiou","Tudo","Joyce Moreno",2013-04-15,184293,0,false,1130795251,2013-04-20T23:40:44Z,"bossa nova,brazilian jazz,mpb","Far Out Recordings",0.585,0.495,2,-7.651,1,0.0401,0.894,0,0.11,0.557,145.938,4
spotify:track:12SsxTKzyB0uLaiBGYKxk0,"Meio Nublado","Vai na Fé EP","João Sobral",2013-03-04,200156,9,false,1130795251,2013-04-29T21:38:42Z,"","Batucada Records",0.749,0.413,0,-9.91,0,0.0301,0.736,0.0548,0.112,0.559,138.015,4
spotify:track:5Fy0R76ZIDIluA4volKhcB,"Vai Na Fé","Vai na Fé EP","João Sobral",2013-03-04,176819,32,false,1130795251,2013-04-29T21:39:25Z,"","Batucada Records",0.789,0.587,5,-6.877,0,0.0371,0.0188,0.0232,0.0955,0.964,105.013,4
spotify:track:2OErhhAAO4ykZkSpEaNtUn,"Brasília é Luísa","Esses Patifes","Ruspo",2013-04-09,256000,0,false,1130795251,2013-05-11T12:17:20Z,"","Um Distante Maestro Discos",0.732,0.457,0,-9.248,1,0.137,0.719,0.0000119,0.382,0.675,90.072,4
spotify:track:1jtlr2ntGEs6pEGTDguyeq,"Altamira","Esses Patifes","Ruspo",2013-04-09,386000,0,false,1130795251,2013-05-12T19:34:59Z,"","Um Distante Maestro Discos",0.833,0.353,9,-11.794,1,0.0934,0.667,0,0.107,0.585,119.988,4
spotify:track:5U6kkdTS5i1MRYj2vWswyg,"Eu Bebo Sim","Disco De Ouro","Elizeth Cardoso",1974,228266,0,false,1130795251,2013-05-18T10:36:47Z,"bossa nova,samba,brazilian jazz,seresta,mpb","EMI Brazil",0.816,0.505,1,-16.432,0,0.416,0.104,0,0.149,0.804,88.069,4
spotify:track:6lOYr70mloKosk1AMwtp58,"Deixa Eu Dizer - 1995 - Remaster","Série Super Divas - Claudia","Claudia",2011,165106,0,false,1130795251,2013-05-29T21:49:43Z,"brazilian hip hop,mpb","EMI",0.535,0.679,4,-7.658,0,0.0376,0.138,0,0.129,0.677,151.218,4
spotify:track:3PlYOQmnRXxb5w8k50NK27,"Pula Baú","Sacundin Ben Samba","Jorge Ben Jor",1964-01-01,146373,20,false,1130795251,2013-05-29T21:52:49Z,"mpb,bossa nova,samba,brazilian jazz","Universal Music Ltda.",0.388,0.59,0,-8.532,0,0.032,0.825,0.00000706,0.279,0.678,90.989,4
spotify:track:2PE5ivtsMRci15CW0hGEl7,"Anjo Azul","Sacundin Ben Samba","Jorge Ben Jor",1964-01-01,168333,39,false,1130795251,2013-05-29T21:53:01Z,"mpb,bossa nova,samba,brazilian jazz","Universal Music Ltda.",0.343,0.45,1,-9.478,1,0.0814,0.893,0,0.433,0.517,162.301,4
spotify:track:2qpZcT6LbjlxvWc9hhEvw6,"Lá Vem Salgueiro","Tudo Ben: Jorge Ben Covers","Os Originais Do Samba",2009-03-31,204186,0,false,1130795251,2013-05-29T21:54:04Z,"samba,pagode","Mr. Bongo",0.735,0.878,10,-7.08,1,0.0649,0.0737,0.000027,0.0559,0.895,118.886,4
spotify:track:5VKSs0ytf8QhIKqJ5creHP,"Falador Passa Mal","Tudo Ben: Jorge Ben Covers","Os Originais Do Samba",2009-03-31,189133,0,false,1130795251,2013-05-29T21:54:29Z,"samba,pagode","Mr. Bongo",0.791,0.802,5,-6.481,0,0.118,0.363,0.0000843,0.0751,0.863,88.95,4
spotify:track:1hlikalamWYpdmg3OhfFJ1,"Vôo sobre o horizonte","Aguia Não Come Mosca (Remasterizado)","Azymuth",1977,220546,45,false,1130795251,2013-06-20T23:05:44Z,"brazilian jazz,jazz funk,jazz fusion,acid jazz","WM Brazil",0.505,0.577,7,-9.748,1,0.0342,0.366,0.436,0.0933,0.817,74.676,4
spotify:track:7twjRZ0eooHiROgTI1w3sL,"A Felicidade","Blue Note Trip 2: Sunset/Sunrise","Eliane Elias",2006-01-01,236240,0,false,1130795251,2013-06-20T23:09:40Z,"brazilian jazz,bossa nova,vocal jazz,latin jazz,jazz,jazz pop,smooth jazz","Blue Note Records",0.676,0.594,1,-10.65,1,0.0379,0.307,0.0203,0.462,0.857,108.978,4
spotify:track:6MBuQATbbJpc8ap9GaBghg,"Perfume De Cebola","World Masters: L'annee Du Bresil, Vol. 2","Filo",2005-11-18,224973,0,false,1130795251,2013-06-22T18:47:11Z,"trance","Carinco AG",0.597,0.704,1,-12.561,0,0.0735,0.595,0,0.145,0.901,108.956,4
spotify:track:2aVZYjJO63dDhQqF3nPTPV,"Take It Easy My Brother Charles","Favourites: From Samba Esquema Novo 1963 To Africa Brasil 1976","Jorge Ben Jor",2008-01-01,157146,7,false,1130795251,2013-07-19T07:14:48Z,"mpb,bossa nova,samba,brazilian jazz","Wrasse Records Ltd.",0.483,0.696,4,-6.797,1,0.217,0.403,0,0.0578,0.777,84.3,4
spotify:track:7JAwD8yPiPOCo722HYINX6,"Xica da Silva","The Definitive Collection","Jorge Ben Jor",2012-07-16,242493,0,false,1130795251,2013-07-19T07:15:03Z,"mpb,bossa nova,samba,brazilian jazz","Wrasse Records",0.645,0.604,9,-9.49,0,0.0644,0.572,0,0.351,0.925,129.024,4
spotify:local:Gustavo+Lima::Balada+Boa:203,"Balada Boa","","Gustavo Lima",,203000,0,false,1130795251,2013-07-19T07:15:25Z,"","undefined",,,,,,,,,,,,
spotify:track:4bi73jCM02fMpkI11Lqmfe,"Ai Se Eu Te Pego - Live","Ai Se Eu Te Pego","Michel Teló",2011-11-30,165853,0,false,1130795251,2013-07-19T07:16:01Z,"sertanejo,sertanejo universitário,sertanejo tradicional","Columbia",0.674,0.937,11,-4.454,1,0.0699,0.347,0,0.702,0.834,96.051,4
spotify:track:7w5zbaJ40V7Efw7QolRcea,"Tenha Fé, Pois Amanhã Um Lindo Dia Vai Nascer","Tudo Ben: Jorge Ben Covers","Os Originais Do Samba",2009-03-31,158693,0,false,1130795251,2013-07-19T07:16:31Z,"samba,pagode","Mr. Bongo",0.779,0.714,7,-7.587,1,0.0935,0.326,0.0000109,0.0918,0.942,91.395,4
spotify:track:071UT0nzXMkwu4GdU8sxAk,"Roda","Look Around","Sergio Mendes & Brasil '66",1966-01-01,146693,0,false,1130795251,2013-07-19T07:17:03Z,"bossa nova,brazilian jazz,latin jazz","Verve",0.735,0.44,10,-14.685,0,0.11,0.529,0,0.191,0.917,108.688,4
spotify:track:1GeshGFwjycN6zanSTfY4X,"Burguesinha","America Brasil O Disco","Seu Jorge",2008-06-30,258186,0,false,1130795251,2013-07-19T07:17:55Z,"mpb,samba,pagode","Discos Como No",0.673,0.946,2,-5.451,1,0.0423,0.587,0.0053,0.34,0.955,101.953,4
spotify:track:7qfSkO0GkVFPvLzM32ySZN,"Cuidar De Mim","America Brasil O Disco","Seu Jorge",2008-06-30,385933,0,false,1130795251,2013-07-19T07:18:01Z,"mpb,samba,pagode","Discos Como No",0.44,0.421,4,-6.51,0,0.034,0.903,0.00000133,0.101,0.388,151.764,4
spotify:track:63vgr4ztAvmRQHdrj0k1jN,"Mina Do Condomìnio","America Brasil O Disco","Seu Jorge",2008-06-30,400626,0,false,1130795251,2013-07-19T07:18:04Z,"mpb,samba,pagode","Discos Como No",0.675,0.866,11,-4.328,0,0.0324,0.556,0,0.0954,0.968,96.002,4
spotify:track:5yIn1uORzn7ZnQbKRJq2Fd,"Mariana","America Brasil O Disco","Seu Jorge",2008-06-30,275853,0,false,1130795251,2013-07-19T07:18:06Z,"mpb,samba,pagode","Discos Como No",0.625,0.527,9,-10.677,0,0.037,0.519,0.513,0.102,0.95,167.758,4
spotify:track:6JjW7jU2XbaOnqX2H9eaHG,"Seu Olhar","America Brasil O Disco","Seu Jorge",2008-06-30,386986,0,false,1130795251,2013-07-19T07:18:14Z,"mpb,samba,pagode","Discos Como No",0.573,0.619,6,-6.033,1,0.0288,0.597,0.00142,0.276,0.378,145.978,4
spotify:track:6lw7BlHC7sINcbwWh9otI5,"Voz Da Massa","America Brasil O Disco","Seu Jorge",2008-06-30,453480,0,false,1130795251,2013-07-19T07:18:31Z,"mpb,samba,pagode","Discos Como No",0.505,0.631,7,-7.27,1,0.1,0.631,0,0.0649,0.433,119.938,4
spotify:track:510Um05m2o7OyZITvmpcDz,"Tive Razao (I Was Right)","Cru","Seu Jorge",2006-05-15,271500,0,false,1130795251,2013-07-19T07:18:42Z,"mpb,samba,pagode","Fla Flu Prod",0.648,0.687,7,-5.676,1,0.0346,0.801,0.0642,0.35,0.621,100.462,4
spotify:track:1fUkhIivVa27auo9chv9rD,"Bem Querer (My Dear)","Cru","Seu Jorge",2006-05-15,201240,0,false,1130795251,2013-07-19T07:18:50Z,"mpb,samba,pagode","Fla Flu Prod",0.684,0.539,11,-9.77,1,0.04,0.0000565,0.105,0.152,0.398,98.791,4
spotify:track:0ovJOmiCH6L174x9TtwsHk,"Sao Gonça","Cru","Seu Jorge",2006-05-15,262160,0,false,1130795251,2013-07-19T07:18:56Z,"mpb,samba,pagode","Fla Flu Prod",0.623,0.103,9,-10.088,0,0.0606,0.92,0.00000526,0.0887,0.25,78.493,4
spotify:track:0TM1lWkTj4J3FXD1wDT3P2,"Carolina","Carolina","Seu Jorge",2002,353866,0,false,1130795251,2013-07-19T07:19:19Z,"mpb,samba,pagode","Mr. Bongo",0.525,0.747,4,-6.43,0,0.0512,0.0394,0.0000137,0.178,0.471,89.944,4
spotify:track:3y1d7GWIkaLomul93IXLot,"Chega No Suingue","Carolina","Seu Jorge",2002,224266,0,false,1130795251,2013-07-19T07:19:19Z,"mpb,samba,pagode","Mr. Bongo",0.685,0.894,1,-6.568,0,0.08,0.288,0.0281,0.111,0.696,105.951,4
spotify:track:5B4K5vjLmGqqjgw714Begn,"Pequines E Pitbull","Carolina","Seu Jorge",2002,231320,0,false,1130795251,2013-07-19T07:19:21Z,"mpb,samba,pagode","Mr. Bongo",0.757,0.764,7,-6.518,1,0.253,0.183,0.00000427,0.328,0.578,112.002,4
spotify:track:6n1CjqvrqS1NOnJexUrcz5,"Tu Queria","Carolina","Seu Jorge",2002,255200,0,false,1130795251,2013-07-19T07:19:25Z,"mpb,samba,pagode","Mr. Bongo",0.633,0.983,0,-4.756,1,0.146,0.483,0,0.153,0.659,107.921,4
spotify:track:1UYZmhDZnRIHN9b5G4IniJ,"O Samba Tai","Carolina","Seu Jorge",2002,293693,0,false,1130795251,2013-07-19T07:19:28Z,"mpb,samba,pagode","Mr. Bongo",0.721,0.696,7,-6.724,1,0.0669,0.153,0.000136,0.229,0.662,92.052,4
spotify:track:5yetlI2c56vmebxYUW5MtA,"Hagua","Carolina","Seu Jorge",2002,243893,0,false,1130795251,2013-07-19T07:19:39Z,"mpb,samba,pagode","Mr. Bongo",0.84,0.56,9,-7.815,0,0.0588,0.0316,0,0.149,0.675,125.978,4
spotify:track:2jL4lCcol83CJBSM28Usun,"Samba Que Nem Rita A Dora","Carolina","Seu Jorge",2002,306946,0,false,1130795251,2013-07-19T07:19:39Z,"mpb,samba,pagode","Mr. Bongo",0.713,0.686,0,-7.581,1,0.264,0.377,0,0.137,0.833,168.056,4
spotify:track:0xoUNjPauCwa8IXllv5w83,"Mada","Carolina","Seu Jorge",2002,271120,0,false,1130795251,2013-07-19T07:19:39Z,"mpb,samba,pagode","Mr. Bongo",0.493,0.708,7,-6.358,1,0.0415,0.0985,0.00000522,0.108,0.502,95.17,4
spotify:track:51ym9gcHyqxWOdnEHkhz7i,"Em Nagoya Eu Vi Eriko","Carolina","Seu Jorge",2002,285506,0,false,1130795251,2013-07-19T07:19:44Z,"mpb,samba,pagode","Mr. Bongo",0.734,0.866,7,-6.011,1,0.0307,0.0627,0,0.0422,0.966,101.358,4
spotify:track:709rQD8gTC3dJEjjoaTUr0,"Cada Macaco No Seu Galho (Cho Chua)","Caetano E Gil - Tropicalia 2","Gilberto Gil;Caetano Veloso",1993,201266,0,false,1130795251,2013-07-19T07:20:17Z,"mpb,bossa nova,forró tradicional,samba","Universal Music LLC",0.777,0.705,7,-12.541,1,0.047,0.198,0.131,0.15,0.918,91.064,4
spotify:track:3O2mipljiLJo5jk3C4Jzmr,"Serrado","Mr. Bongo Brazilian Beats Box Set - Part 1","Djavan",2008-04-21,215000,0,false,1130795251,2013-07-19T07:20:54Z,"mpb","Mr. Bongo",0.61,0.802,4,-10.196,0,0.0478,0.169,0.00000268,0.132,0.884,102.531,4
spotify:track:4RkRo3xZkmy5tQnTwdimZ5,"O Telefone Tocou Novamente","The Definitive Collection","Jorge Ben Jor",2012-07-16,227600,0,false,1130795251,2013-07-19T07:21:34Z,"mpb,bossa nova,samba,brazilian jazz","Wrasse Records",0.587,0.621,0,-9.737,1,0.0421,0.712,0.00000388,0.134,0.633,88.245,4
spotify:track:3Ztfe3UOfRkjTpajSYZ4qy,"Hei! Você","Série Samba Soul","Dom Salvador & Abolição",1971-03-01,152733,54,false,1130795251,2013-07-21T22:21:57Z,"brazilian jazz,bossa nova","Columbia",0.588,0.59,4,-9.209,0,0.047,0.579,0,0.145,0.894,83.888,4
spotify:track:2ENrmV3JBpLrMYkMJaeq0y,"Acode","Encanto (International Super Jewel)","Sérgio Mendes;Vanessa Da Mata",2008-01-01,267773,0,false,1130795251,2013-07-28T12:55:23Z,"brazilian jazz,bossa nova,samba,mpb,new mpb","Concord Records",0.72,0.607,4,-10.849,0,0.0708,0.0615,0.00149,0.069,0.791,129.995,4
spotify:track:33J0nakxVVT5usQi9SLqg4,"Saudade Vem Correndo","Stan Getz: The Bossa Nova Albums","Stan Getz;Luiz Bonfá;Maria Toledo",2008-01-01,220133,0,false,1130795251,2013-07-28T22:58:16Z,"bossa nova,jazz,brazilian jazz,cool jazz,latin jazz,jazz ballads","Verve",0.596,0.305,4,-15.531,1,0.0384,0.966,0.46,0.321,0.644,88.732,4
spotify:track:3x4WjPpgZq3kl0JVsOMrsl,"Homenagem A Mongo","Blue Brazil","Som Tres",2000-01-01,263600,0,false,1130795251,2013-08-24T15:04:35Z,"brazilian jazz,mpb,samba","Parlophone UK",0.652,0.691,10,-12.68,1,0.0538,0.135,0.0141,0.0393,0.883,128.957,4
spotify:track:2JYxg6XxuauQZdaqS6xoGU,"Princesa Negra De Angola","Black Rio Vol. 2 - Original Samba Soul 1968-1981","Bebeto",2009-06-22,222880,0,false,1130795251,2013-08-24T16:01:45Z,"samba,mpb","Strut",0.633,0.776,9,-9.323,1,0.113,0.112,0.0000041,0.812,0.741,126.179,4
spotify:track:115yVQVTo0tZqGvWSv4tkK,"Os Escravos de Jo","Maria Maria / Ultimo Trem","Milton Nascimento",1996-04-20,179160,0,false,1130795251,2013-09-07T22:46:43Z,"mpb,bossa nova,brazilian jazz","Far Out Recordings",0.323,0.814,7,-10.599,1,0.0328,0.135,0.236,0.633,0.665,106.155,4
spotify:track:4iNgXqTD2uux9GH4lTnNaN,"Tudo O Que Você Podia Ser","Clube Da Esquina","Milton Nascimento",1972,177000,0,false,1130795251,2013-09-07T22:47:54Z,"mpb,bossa nova,brazilian jazz","Hemisphere",0.454,0.441,2,-16.733,0,0.0286,0.303,0.000524,0.104,0.817,95.7,4
spotify:track:1ocuJhq4PsQenGvUe79bNw,"Balada - Ao Vivo","Asi Brasil Me Mata","Gusttavo Lima",2012-03-20,201586,18,false,1130795251,2013-09-11T17:14:13Z,"sertanejo,sertanejo universitário,arrocha,agronejo,piseiro,forró","Sony Music Entertainment",0.68,0.954,11,-4.238,0,0.0591,0.158,0,0.894,0.849,128.01,4
spotify:track:6yvGojBRvSG5ExcDHj5VoB,"Cirandar","LIVE AT MONTREUX","Seu Jorge",2007,341093,0,false,1130795251,2013-09-19T22:30:22Z,"mpb,samba,pagode","Eagle Rock",0.533,0.707,5,-11.078,0,0.0473,0.888,0.00251,0.968,0.925,96.903,4
spotify:track:7sd5Y7oIKyU4dTOSrseR6I,"Porque Hoje É Domingo","Antonio Adolfo & Brazuca","Antonio Adolfo & A Brazuca",2002-01-01,189733,0,false,1130795251,2013-09-30T22:40:38Z,"brazilian jazz","EMI Brazil",0.55,0.443,2,-9.671,1,0.077,0.658,0,0.133,0.641,141.976,4
spotify:track:3O9U0ghYrj7u7WUhfhHESs,"Nereci","Alumbramento & Cara De Indio","Djavan;Marizinha",1992-01-01,202426,24,false,1130795251,2013-10-01T23:10:14Z,"mpb","EMI Brazil",0.685,0.547,4,-13.136,0,0.103,0.366,0,0.0869,0.81,99.919,4
spotify:track:4zw80GJFOZx4r0ZidfFvkN,"Mambembe","Maíra Freitas","Ifátókí Maíra Freitas",2011-04-19,159013,16,false,1130795251,2013-11-04T23:52:03Z,"samba","Biscoito Fino",0.523,0.509,11,-9.73,0,0.0371,0.746,0.000792,0.0555,0.81,92.958,4
spotify:track:4zm4TxKHqTt25R3LpPi74c,"Mais Um","Brotha EP","Souleance",2013-11-04,258706,42,false,1130795251,2013-11-04T23:52:55Z,"","First Word Records",0.727,0.649,1,-8.412,1,0.267,0.328,0.0484,0.244,0.716,93.047,4
spotify:track:4psJl1vlvIt80ETSPwbpjj,"Brasil Pandeiro","Brasil Pandeiro","Sonzeira;Emanuelle Araújo;Arlindo Cruz;Chico Chagas",2014-01-01,249493,0,false,1130795251,2014-05-01T17:53:43Z,"new mpb,axé,samba,pagode,mpb,forró,forró tradicional,brazilian jazz","Universal Music Group",0.741,0.908,7,-4.903,1,0.0572,0.244,0.0000126,0.643,0.496,108.107,4
spotify:track:3qpqVAaMIrGCWBHQLJideH,"Mas Que Nada","Bossa Nova, Vol. 1","Tamba Trio",2013-01-17,157360,0,false,1130795251,2014-05-14T22:18:06Z,"bossa nova,brazilian jazz,latin jazz","World Music Group",0.682,0.568,5,-10.903,1,0.0329,0.664,0.455,0.106,0.795,80.851,4
spotify:track:1N6RxfbeSLf7uKn1laImdm,"Ele E Ela","Bis Bossa Nova - Marcos Valle","Marcos Valle",2000-01-01,142466,18,false,1130795251,2014-06-14T17:13:01Z,"bossa nova,brazilian jazz","EMI",0.278,0.427,0,-11.163,1,0.0342,0.725,0.00404,0.307,0.571,177.064,3
spotify:track:081Bw4AsulKjaHgZ9tO4Sc,"Nanã","O LP","Os Cobras",1964-09-01,216106,18,false,1130795251,2014-06-14T17:18:20Z,"brazilian jazz,bossa nova","RCA Records Label",0.609,0.749,7,-6.258,0,0.0263,0.621,0.00948,0.0971,0.686,128.414,4
spotify:track:1066bHwF0W2UyMapOkUsZw,"Sambinha","Influences Ep: Compiled By Dj Marky","Sambalanço Trio",1979,132786,0,false,1130795251,2014-06-14T17:26:54Z,"brazilian jazz,bossa nova","BBE",0.537,0.66,1,-10.035,1,0.0333,0.519,0.818,0.107,0.776,95.524,4
spotify:track:3u6lY4C3Rm3XLRUEOSVebC,"Chovendo Na Roseira","Elis & Tom","Antônio Carlos Jobim;Elis Regina",1974-01-01,191173,0,false,1130795251,2015-04-13T20:52:50Z,"bossa nova,brazilian jazz,mpb,latin jazz,samba","Universal Music Group",0.354,0.24,0,-22.043,1,0.0702,0.638,0.0029,0.149,0.174,50.658,4
spotify:track:0O035dZv2g5s3zadpyv9hk,"Casa De Papelão","Convoque Seu Buda","Criolo",2014-11-04,298537,0,false,1130795251,2015-04-22T07:23:48Z,"brazilian hip hop,samba,new mpb,mpb","Sterns",0.708,0.567,6,-9.444,1,0.0478,0.263,0.00888,0.102,0.741,115.947,4
spotify:track:37vdaQl0AYOJvQA6o8cEAo,"Barumba","Brazilica!","Tamba Trio",1994-01-01,169933,0,false,1130795251,2015-04-22T07:23:58Z,"bossa nova,brazilian jazz,latin jazz","Universal Music",0.295,0.508,7,-15.194,0,0.0388,0.511,0.816,0.168,0.734,100.898,4
spotify:track:4xAArKDZeMfozKADrtRmlT,"Novas Idéias","Tudo","Bebel Gilberto;Seu Jorge",2014-08-15,204922,32,false,1130795251,2015-04-22T07:32:47Z,"bossa nova,brazilian jazz,mpb,samba,pagode","Portrait/Sony Masterworks",0.759,0.415,7,-10.568,1,0.14,0.272,0.000151,0.133,0.632,94.058,4
spotify:track:2koS4fD3kzizdnzWzyrxyT,"Estrelar","Marcos Valle","Marcos Valle",1983-01-01,313493,63,false,1130795251,2015-04-22T07:35:10Z,"bossa nova,brazilian jazz","Som Livre",0.879,0.495,7,-10.584,0,0.0765,0.538,0.000333,0.0827,0.802,102.652,4
spotify:track:2R0jcObz8LZFhdLtQNUl1j,"Morning in Rio","Encanto (International Super Jewel)","Sérgio Mendes",2008-01-01,259600,0,false,1130795251,2015-04-22T07:41:11Z,"brazilian jazz,bossa nova,samba","Concord Records",0.681,0.703,2,-8.799,1,0.0479,0.564,0.00142,0.308,0.568,114.936,4
spotify:track:5cbJBXVUunqOmxfLZjvOMJ,"Nao Adianta","Ku De Ta Vol. 1. Best of (By Jim Breese & Btk)","Trio Mocoto;Various Artists",2011-12-05,245618,0,false,1130795251,2015-04-22T07:46:38Z,"samba,brazilian jazz,bossa nova","Boudoir Music / KU DE TA",0.493,0.758,7,-6.067,0,0.0354,0.228,0.000919,0.124,0.508,145.873,4
spotify:track:5OkF77qBxfugsgVxJexhTc,"Deixa Eu Dizer","Brazilian Beats 7 (Mr Bongo presents)","Claudia Balla",2013-10-28,167173,0,false,1130795251,2015-05-15T22:09:20Z,"indie r&b","Mr Bongo",0.536,0.69,4,-7.834,0,0.0358,0.154,0,0.118,0.732,151.036,4
spotify:track:1FEiDbpQAfRPDqicEhssMo,"Maracatú Atômico","Electric Samba Groove","Gilberto Gil",2004-01-01,177760,0,false,1130795251,2015-05-15T22:10:51Z,"mpb,bossa nova,forró tradicional,samba","Spectrum",0.688,0.826,5,-10.231,1,0.0978,0.635,0.0000732,0.147,0.841,97.263,4
spotify:track:5kRAXdGjTIO3e4WehO5Ie4,"Futebol de bar","Black Feeling, Vol. 3","The Manuel Azevedo Quartet;Lance Ferguson",2015-09-25,275081,3,false,1130795251,2016-03-09T10:23:50Z,"jazz funk,retro soul,breakbeat,acid jazz","Freestyle Records",0.632,0.945,5,-6.832,0,0.0524,0.0543,0.747,0.0979,0.931,127.885,4
spotify:track:0praH1VL4QfGAzZmyVD9fP,"Água e Azeite / Na Menina dos Meus Olhos","Mora na Filosofia dos Sambas de Monsueto","Monsueto",2014-01-01,133485,0,false,1130795251,2016-03-09T10:25:36Z,"samba","Brazilian Classics",0.652,0.867,8,-10.399,1,0.0547,0.56,0.000265,0.193,0.846,105.762,4
spotify:track:4y2Va0sLjrmSb0iAovAkmP,"Vidigal","Gafieira Universal","Banda Black Rio",2002,217733,44,false,1130795251,2016-05-16T22:25:44Z,"brazilian jazz,jazz funk","RCA Records Label",0.76,0.868,4,-6.293,0,0.0498,0.175,0.00142,0.222,0.888,100.377,4
spotify:track:0o4gqTaR58835Lmu4Y39By,"Candomble","Brazilian Beats 5 (Mr Bongo presents)","Mario Castro Neves;Sambasa",2005-05-23,129346,0,false,1130795251,2016-09-16T22:09:59Z,"brazilian jazz,bossa nova","Mr Bongo",0.636,0.483,7,-11.779,1,0.0367,0.366,0.00000818,0.15,0.4,96.971,4
spotify:track:397flPDxxM0ThZbsGTVGMb,"Tatarue","Quem Tem Carinho Me Leva","Geovana",1975,141426,34,false,1130795251,2016-11-20T01:17:38Z,"samba","RCA Records Label",0.793,0.732,8,-11.365,0,0.116,0.486,0,0.0614,0.964,116.405,4
spotify:track:0QqVuvPEFvSwrJmIbvlVIw,"Maracatu Atomico","Nightingale","Gilberto Gil",2002-11-30,264306,0,false,1130795251,2016-12-13T22:55:55Z,"mpb,bossa nova,forró tradicional,samba","WM Brazil",0.672,0.833,2,-7.667,0,0.0346,0.276,0.00000468,0.186,0.965,106.058,4
spotify:track:0VHXRtkcmo9nr6Wj454WU5,"Nao Aguento Voce","Brazilian Beats Brooklyn (Mr Bongo presents)","Trio Esperança",2006-08-07,125706,0,false,1130795251,2017-01-06T23:02:47Z,"brega","Mr Bongo",0.627,0.59,7,-7.309,1,0.033,0.222,0.0588,0.0769,0.588,108.456,4
spotify:track:7utwUkNCSkS4Ov8Uwo2wel,"Tudo O Que Você Podia Ser","Club Da Esquina 1","Milton Nascimento",1995-01-01,176400,30,false,1130795251,2017-03-12T21:06:50Z,"mpb,bossa nova,brazilian jazz","EMI Brazil",0.451,0.491,2,-14.56,0,0.0281,0.319,0.00134,0.0872,0.806,94.979,4
spotify:track:0mekH100PMCDd0vFCevK1F,"Pontos De Luz","India","Gal Costa",1973-01-01,161600,0,false,1130795251,2017-03-31T21:53:23Z,"mpb,bossa nova,brazilian jazz","Universal Music",0.612,0.602,6,-16.594,0,0.0532,0.14,0.00123,0.142,0.869,109.265,4
spotify:track:0ybOxkJJuFyiWknxRAvxeI,"Brisa Mar","New Morning","Sabrina Malheiros",2008-08-10,196600,20,false,1130795251,2017-07-05T21:15:04Z,"brazilian jazz,bossa nova,latin jazz,nu jazz","Far Out Recordings",0.555,0.841,0,-5.96,0,0.0735,0.363,0.000414,0.289,0.833,96.918,4
spotify:track:7baNYnxas4NlQXcoj6kSmp,"Esperar Pra Ver","Brazilian Compilation Series, Vol. 2","Poolside;Fatnotronic",2017-02-27,300000,50,false,1130795251,2017-10-17T11:23:53Z,"nu disco","Chit Chat Records®",0.783,0.7,6,-7.862,0,0.0367,0.0329,0.249,0.0888,0.846,99.991,4
spotify:track:2TDf04arGq5CrZiYlduMVY,"Canto de Ossanha","Os Afro Samba","Baden Powell;Vinícius de Moraes",2008-01-28,257133,0,false,1130795251,2018-02-28T21:13:09Z,"bossa nova,brazilian jazz,samba,latin jazz,mpb","Iris music",0.559,0.276,7,-21.506,0,0.0446,0.704,0.00924,0.109,0.514,90.23,4
spotify:track:1fQAMcXGbs96WtjTtBWNOG,"Pulpo Á Mugardesa","Canto Peregrino","Os Peregrinos",2017-04-21,290986,0,false,1130795251,2018-02-28T21:21:19Z,"","Elefant Records distributed by Altafonte",0.879,0.418,5,-10.385,1,0.0465,0.675,0.74,0.339,0.814,133.991,4
spotify:track:1BIDHSkkst8nckyBaHVP6A,"Águas De Março","Elis & Tom","Elis Regina;Antônio Carlos Jobim",1974-06-17,212520,0,false,1130795251,2018-03-04T22:14:43Z,"mpb,bossa nova,brazilian jazz,samba,latin jazz","Universal Music International Ltda.",0.637,0.551,3,-9.31,1,0.116,0.844,0,0.111,0.468,143.104,4
spotify:track:4SXWXupjFY49tbQWCG5rFf,"Mr. Funky samba","Maria Fumaça (Remasterizado)","Banda Black Rio",1977,219173,45,false,1130795251,2018-04-08T15:43:03Z,"brazilian jazz,jazz funk","WM Brazil",0.632,0.791,2,-5.509,1,0.0507,0.151,0.825,0.127,0.938,101.675,4
spotify:track:3AZCLawFCY4vkPfULZkfZu,"Deixa a Tristeza","Mr Bongo Record Club, Vol. 1","Neno Exporta Som",2016-09-16,207586,0,false,1130795251,2018-04-08T15:43:33Z,"","Mr Bongo",0.488,0.893,9,-5.042,0,0.065,0.271,0.00889,0.0924,0.804,100.71,4
spotify:track:74ajJSShi5elKmzRyxN8LL,"Tudo Em Cima","Leila Pinheiro (1983)","Leila Pinheiro;Tunai",1983-01-01,177973,0,false,1130795251,2018-08-28T01:39:55Z,"bossa nova,mpb,brazilian jazz","Discobertas",0.509,0.828,5,-9.135,1,0.0421,0.431,0.00199,0.0635,0.844,116.013,4
spotify:track:5G5uIDkQytLq7yOacUcjJ9,"Nem Vem Que Não Tem - Ao Vivo","Nem Vem Que Não Tem","Wilson Simonal;Som Tres",2010-01-01,152680,42,false,1130795251,2018-09-25T07:46:28Z,"mpb,samba,bossa nova,brazilian jazz","EMI",0.727,0.689,5,-7.481,1,0.069,0.262,0,0.799,0.808,122.641,4
spotify:track:3XD7iINWY1UkdHfzKcJFk9,"Rio Best-Seller","Too Slow to Disco Brasil Compiled by Ed Motta","Cassiano",2018-05-04,265000,0,false,1130795251,2018-10-31T12:32:59Z,"mpb","How Do You Are?",0.652,0.865,3,-4.918,0,0.12,0.347,0.0000372,0.055,0.581,116.927,4
spotify:track:4KOQk1FhOOIfuHMZahP5Wa,"Guarde Minha Voz","Vale Tudo","Sandra De Sá",1983-01-01,191186,39,false,1130795251,2018-10-31T12:33:50Z,"mpb,samba","Som Livre",0.871,0.505,7,-12.594,1,0.0326,0.401,0.000221,0.214,0.891,107.405,4
spotify:track:1JTluf93YNQOR83csGCn21,"Mais Kriola","Brazilian Beats Brooklyn (Mr Bongo presents)","Helio Matheus",2006-08-07,258586,0,false,1130795251,2019-01-30T09:40:57Z,"brazilian jazz","Mr Bongo",0.688,0.777,5,-8.73,1,0.0797,0.232,0.129,0.0823,0.906,86.698,4
spotify:track:4hquqnGY1hb82KKOTX2wSi,"E Necessario","Brazilian Beats Brooklyn (Mr Bongo presents)","Tim Maia",2006-08-07,153066,0,false,1130795251,2019-01-30T09:41:05Z,"mpb","Mr Bongo",0.66,0.794,7,-5.54,1,0.0721,0.18,0.00468,0.0537,0.912,150.822,4
spotify:track:5oiueCPkJCU9wCmQO5HDTj,"Na boca do sol","Arthur Verocai","Arthur Verocai",1972,179973,59,false,1130795251,2019-01-30T09:53:27Z,"brazilian jazz,bossa nova,mpb","WM Brazil",0.442,0.486,11,-13.41,0,0.0446,0.864,0.482,0.358,0.369,141.024,4
spotify:track:0ENvhTTww1MVOulrzuxSmu,"Toda Menina Baiana","Realce","Gilberto Gil",1979-08-15,226640,9,false,1130795251,2019-02-26T12:00:06Z,"mpb,bossa nova,forró tradicional,samba","Palco",0.692,0.897,11,-4.969,0,0.0398,0.236,0.00000386,0.116,0.968,106.163,4
spotify:track:3cocch5HwlFAeEfaAWHhMO,"Do Leme Ao Pontal","World Psychedelic Classics 4: Nobody Can Live Forever: The Existential Soul of Tim Maia","Tim Maia",2012-01-01,192226,0,false,1130795251,2019-02-26T12:00:43Z,"mpb","Luaka Bop",0.784,0.606,2,-9.944,0,0.0549,0.57,0.000388,0.176,0.901,98.198,4
spotify:track:68K8VaazzURRjLf84yaOA3,"Nova Bossa Nova","Nova Bossa Nova","Marcos Valle",1998-08-10,245200,58,false,1130795251,2019-02-26T12:01:16Z,"bossa nova,brazilian jazz","Far Out Recordings",0.615,0.592,1,-15.665,1,0.0452,0.419,0.71,0.138,0.885,96.325,4
spotify:track:5b2EESljfAcvuqhV1o5ied,"A Paraíba Não é Chicago","Vontade de Rever Você","Marcos Valle",1981-01-01,278226,35,false,1130795251,2019-02-26T12:01:47Z,"bossa nova,brazilian jazz","Som Livre",0.604,0.867,5,-6.923,0,0.0628,0.399,0,0.132,0.939,99.943,4
spotify:track:0C4zk034TFnI2z8eorbv4K,"Maria fumaça","Maria Fumaça (Remasterizado)","Banda Black Rio",1977,144840,43,false,1130795251,2019-02-26T12:02:00Z,"brazilian jazz,jazz funk","WM Brazil",0.629,0.968,1,-5.354,0,0.0494,0.054,0.872,0.347,0.937,109.995,4
spotify:track:2w6y4oJAWTzoLuG7GnIlyb,"Jhony","Disco Club","Tim Maia",1978-01-01,139186,34,false,1130795251,2019-02-26T12:02:09Z,"mpb","WM Brazil",0.636,0.863,8,-6.607,1,0.158,0.284,0.0000603,0.156,0.825,153.619,4
spotify:track:79vKeoDGsQnE21zrXgDTbI,"Lá Vem O Salgueiro","O Samba é a Corda... Os Originais a Caçamba","Os Originais Do Samba",1972-03-30,202160,28,false,1130795251,2019-02-26T12:02:15Z,"samba,pagode","RCA Records Label",0.731,0.857,10,-8.839,1,0.0714,0.073,0.0000769,0.0569,0.93,119.477,4
spotify:track:5DSSodyLk868OV376snBF9,"Wanda Vidal","Bis Bossa Nova - Marcos Valle","Marcos Valle",2000-01-01,123560,19,false,1130795251,2019-02-26T12:02:32Z,"bossa nova,brazilian jazz","EMI",0.575,0.74,9,-11.245,0,0.0327,0.498,0.00000247,0.272,0.836,108.587,4
spotify:track:45XopGhwYSgooiewaZNsSd,"Olhos Coloridos","Sandra de Sá - 1982","Sandra De Sá",1982-01-01,267266,55,false,1130795251,2019-02-26T12:03:58Z,"mpb,samba","Som Livre",0.842,0.549,5,-10.857,0,0.0447,0.17,0.00122,0.0804,0.967,96.566,4
spotify:track:63wvuPWuliBn775jGiPB7m,"Seriado","Arthur Verocai","Arthur Verocai",1972,107693,44,false,1130795251,2019-02-26T12:04:13Z,"brazilian jazz,bossa nova,mpb","WM Brazil",0.535,0.646,0,-11.06,0,0.0555,0.286,0.00000186,0.235,0.491,104.071,4
spotify:track:7qsh6cl2FJgiSscjDJraCD,"Na Carioca","Pedra do Espia","Itiberê Orquestra Família",2018-11-23,421466,3,false,1130795251,2019-02-26T12:04:30Z,"brazilian jazz","Far Out Recordings",0.699,0.76,10,-7.387,0,0.13,0.474,0.00569,0.121,0.776,159.88,1
spotify:track:7sepjx5LqGAp7lVsjmYsFK,"Ripa Na Xulipa - Extended Charles Maurice Version","Christmas Disco, Vol. 2","Rabo De Saia;Charles Maurice",2015-12-11,328499,0,false,1130795251,2019-02-26T12:04:37Z,"","Favorite",0.729,0.541,2,-7.528,1,0.043,0.0501,0.000306,0.195,0.899,119.119,4
spotify:track:1qcVmk8Lr7DTm9hPKo2ifz,"Futebol de Bar","São Paulo - Brasil","Cesar Camargo Mariano",1977-04-01,153960,20,false,1130795251,2019-02-26T12:05:27Z,"brazilian jazz,bossa nova","RCA Records Label",0.371,0.665,0,-9.964,0,0.0395,0.838,0.87,0.219,0.239,122.491,4
spotify:track:6Pr8fOfppj8C6qpkAYDDzE,"Manhã","Azimüth","Azymuth",1975,225200,39,false,1130795251,2019-02-26T12:07:26Z,"brazilian jazz,jazz funk,jazz fusion,acid jazz","Som Livre",0.475,0.672,0,-11.706,1,0.0427,0.605,0.814,0.114,0.865,91.55,4
spotify:track:1l2kuOzisz1d4V7ku3PZDN,"Relax","Relax","Kassin",2018-05-11,260626,0,false,1130795251,2019-02-26T12:07:36Z,"new mpb","Luaka Bop",0.712,0.62,7,-9.901,1,0.0325,0.057,0.0559,0.207,0.586,117.916,4
spotify:track:5ZItv6TcaDqcf8Jp2se0po,"Os Grilos","The Best of Marcos Valle: Carioca Soul","Marcos Valle",2008-06-02,349373,0,false,1130795251,2019-02-26T12:09:05Z,"bossa nova,brazilian jazz","Far Out Recordings",0.573,0.805,9,-11.327,0,0.0746,0.373,0.489,0.0834,0.694,100.029,4
spotify:track:20bggmtm75b1vgO3s7rdmf,"Moral Tem Hora","Christmas Disco, Vol. 2","Cristina Camargo",2015-12-11,167921,0,false,1130795251,2019-02-26T12:09:52Z,"","Favorite",0.803,0.745,0,-7.59,1,0.0422,0.0135,0.00355,0.0765,0.964,123.202,4
spotify:track:71pEt9vu5zZ2XysFrjoavi,"Brisa Mar - Nicola Conte Re-Work","New Morning (Deluxe Edition)","Sabrina Malheiros",2009-10-12,225866,47,false,1130795251,2019-02-26T12:13:18Z,"brazilian jazz,bossa nova,latin jazz,nu jazz","Far Out Recordings",0.708,0.576,5,-10.054,0,0.0468,0.584,0.00869,0.138,0.843,93.996,4
spotify:track:4s1qTOw20p4SmQbERstuen,"Clareia","Clareia","Sabrina Malheiros",2017-07-28,339360,20,false,1130795251,2019-02-26T12:13:31Z,"brazilian jazz,bossa nova,latin jazz,nu jazz","Far Out Recordings",0.648,0.911,10,-8.899,0,0.0399,0.151,0.489,0.0618,0.665,123.045,4
spotify:track:5PqycyW12kd3QPhAMts0Oo,"Não Quero Mais","Nossa Imaginação","Don Beto",1978-02-02,130066,28,false,1130795251,2019-03-04T16:26:39Z,"","Som Livre",0.656,0.923,7,-4.642,0,0.237,0.475,0,0.0537,0.901,108.572,4
spotify:track:1F7GHvWkD64VIhD4bvy9kZ,"Mais uma Chance","Aor Global Sounds, Vol. 3","Willy Santana",2017-04-21,167149,0,false,1130795251,2019-03-04T21:37:01Z,"bachata","Favorite",0.706,0.687,2,-9.798,1,0.0772,0.436,0,0.259,0.944,110.529,4
spotify:track:2F79mAPt1qPENDvq0njWoP,"Mentira (Chega De Mentira)","Bis Bossa Nova - Marcos Valle","Marcos Valle",2000-01-01,222666,31,false,1130795251,2019-03-04T21:41:52Z,"bossa nova,brazilian jazz","EMI",0.577,0.627,0,-11.182,0,0.0565,0.471,0.00000391,0.0601,0.934,95.692,4
spotify:track:4wQsadZBQqUX0uFXPHylcN,"Estou Livre","Estou Livre (Remixes)","Tony Bizarro",2015-10-10,240440,37,false,1130795251,2019-03-08T00:29:50Z,"","True School Brasil Records",0.881,0.658,5,-8.231,1,0.0721,0.421,0.0000451,0.0707,0.633,98.973,4
spotify:track:7CgATZyVXlSrEaKt9uos5c,"Nome de Guerra","Hard Bossa","Joyce Moreno",1999-08-10,218600,5,false,1130795251,2019-04-22T20:44:40Z,"bossa nova,brazilian jazz,mpb","Far Out Recordings",0.661,0.417,0,-11.644,1,0.0391,0.788,0.000424,0.159,0.471,126.396,4
spotify:track:60ji00aSJqv0njEk9RI2LD,"Magalenha","Brasileiro","Sérgio Mendes",1992-06-17,216933,0,false,1130795251,2019-05-07T09:43:53Z,"brazilian jazz,bossa nova,samba","Craft Recordings",0.82,0.633,9,-13.816,1,0.0745,0.129,0,0.0972,0.716,116.622,4
spotify:track:0cBr3OsWXW3g8VrRRsHi80,"Parabéns","Contrasts","Marcos Valle",2004-10-01,513919,38,false,1130795251,2019-05-17T14:57:23Z,"bossa nova,brazilian jazz","Far Out Recordings",0.739,0.759,7,-8.825,1,0.0442,0.0185,0.317,0.0987,0.464,109.82,4
spotify:track:2gRtzGOxEsPaFLMEXGXYxy,"Esperar Pra Ver","Beach Diggin’, Vol. 1","Evinha",2013-06-28,128484,0,false,1130795251,2019-05-23T11:51:28Z,"mpb,bossa nova,brazilian jazz","Heavenly Sweetness",0.69,0.64,1,-8.367,0,0.0321,0.47,0.00000223,0.135,0.906,97.402,4
spotify:track:64CwXeER8GHeO77cRpstVX,"Dragões e Tigres","Onda Nova","Lucas Arruda",2019-02-15,312535,3,false,1130795251,2019-05-26T20:04:00Z,"indie jazz,aor,brazilian jazz","Favorite Recordings",0.608,0.719,5,-9.923,0,0.0328,0.27,0.0000656,0.0693,0.572,100.002,4
spotify:track:6P4iXZp89MJsfKPVMbGIMc,"Página Central","Página Central","Marcos Valle;Celso Fonseca",2009,253480,6,false,1130795251,2019-05-26T20:05:38Z,"bossa nova,brazilian jazz","Polaróides Music",0.528,0.648,2,-6.932,1,0.0323,0.459,0.447,0.114,0.674,132.892,4
spotify:track:7t4K5Ry3d2ratCWWIqzXE0,"Escravos de Jó","Friends from Rio, Vol. 2","Friends from Rio;Celia Vaz;Dom Um Romao",1999-08-10,421466,20,false,1130795251,2019-05-26T20:21:28Z,"brazilian jazz,bossa nova,latin jazz","Far Out Recordings",0.663,0.649,10,-11.503,0,0.0379,0.189,0.775,0.109,0.749,117.115,4
spotify:track:2cX3XQ4cqTAE0m1Ual4gjN,"Zé do Trem","Sem Deus Com a Família / Zé do Trem","Cesar Roldão Vieira",1965-05-11,152653,9,false,1130795251,2019-05-26T20:21:45Z,"bossa nova","Som Livre",0.539,0.517,6,-13.453,0,0.15,0.802,0.0000237,0.0888,0.422,131.982,3
spotify:track:6wpDQGn3Gl0j9Wt6D6mYvQ,"O Descobridor Dos Sete Mares","O Descobridor Dos Sete Mares","Tim Maia",1983-01-03,265297,70,false,1130795251,2019-05-26T20:22:26Z,"mpb","Universal Music Ltda.",0.643,0.78,10,-8.306,0,0.0718,0.0108,0.00069,0.305,0.963,136.891,4
spotify:track:2HAPdrIX8u9GVKVrjSpVDm,"A Vantage de Rever Você","Nova Bossa Nova","Marcos Valle;Leon Ware",1998-08-10,292160,19,false,1130795251,2019-06-01T15:38:28Z,"bossa nova,brazilian jazz,jazz funk,post-disco","Far Out Recordings",0.692,0.366,11,-14.033,0,0.0353,0.387,0.000499,0.0823,0.729,136.404,4
spotify:track:0KXbUy4ye1NXwXeQzcoSIo,"Uma Coisa Bonitinha","OK OK OK","Gilberto Gil;João Donato",2018-08-17,243914,0,false,1130795251,2019-06-10T13:42:09Z,"mpb,bossa nova,forró tradicional,samba,brazilian jazz,latin jazz","Gege Produções Artísticas",0.729,0.619,6,-9.102,0,0.0362,0.684,0.00266,0.114,0.81,93.018,4
spotify:track:5wMPY7Vr0bO7cS0TsVZ9ZB,"Lotus 72 D","Lotus 72 D / Você Tão no Alto e Eu Tão Pequeno","Zé Roberto",1973-01-01,188898,0,false,1130795251,2019-06-10T13:44:51Z,"","Zé Roberto",0.755,0.589,1,-11.758,1,0.071,0.188,0.00173,0.0755,0.944,98.503,4
spotify:track:4W9pbBCDmfsFIrJRsgTitY,"Mas, Que Nada!","Avanco","Tamba Trio",1963,164506,29,false,1130795251,2019-06-16T16:10:16Z,"bossa nova,brazilian jazz,latin jazz","Brazilian Classics",0.69,0.547,0,-11.313,1,0.03,0.512,0.0572,0.135,0.832,80.299,4
spotify:track:7rtcBPsHDLeYW9cHDrO0NB,"Lotus 72 D - Fast Version","Lotus 72 D","Zé Roberto",1973,180490,60,false,1130795251,2019-06-18T21:30:56Z,"bossa nova,brazilian jazz","Mr Bongo",0.753,0.694,1,-8.534,1,0.0861,0.454,0.108,0.221,0.879,98.05,4
spotify:track:1e1TMmjzesb5AzbBLn3yrj,"Samba E Amor","A Bossa De Caetano","Caetano Veloso",2000-01-01,172506,39,false,1130795251,2019-09-22T22:35:35Z,"mpb,bossa nova,samba","Universal Music Ltda.",0.565,0.0791,2,-15.777,1,0.0649,0.902,0.0000958,0.136,0.194,75.446,4
spotify:track:7s9MfrZTI6rPRpq1RSeE5u,"Cafua","The Very Best of Samba and Bossa Nova","Nonato;Oberdan Oliveira;Cleto Junior",2012-02-23,145720,0,false,1130795251,2019-10-21T14:44:28Z,"","Midget Music",0.719,0.752,4,-7.776,0,0.0421,0.681,0.0303,0.114,0.964,117.496,4
spotify:track:1KUqyZaFMpglFfxXzv4Aj6,"Aleluia","Robson Jorge e Lincoln Olivetti","Robson Jorge;Lincoln Olivetti",1982-09-16,232937,40,false,1130795251,2019-10-28T14:25:51Z,"brazilian jazz","Som Livre",0.808,0.764,0,-7.75,1,0.0707,0.147,0.0359,0.184,0.937,108.123,4
spotify:track:1Y2FZI67wVCjFBL7OW0OcF,"Vou Morar no Teu Sorriso","Série Samba Soul","Trio Ternura",1971-03-30,150866,35,false,1130795251,2019-10-28T14:32:22Z,"","Columbia",0.724,0.89,1,-6.609,1,0.0631,0.78,0.288,0.112,0.841,110.639,4
spotify:track:1YeaM0uY1W2cbmT8SPZQrU,"Filhos De Zambi","Filhos de Zambi / Meu Caso Com Você","Trio Ternura",1974,182714,50,false,1130795251,2019-10-28T14:32:33Z,"","Sony Music Entertainment",0.668,0.876,7,-8.133,0,0.0409,0.143,0,0.129,0.778,112.532,4
spotify:track:6zgzIoEZNWsTYp3Lg5CCQr,"Patumbalacundê","Lugar Comum","João Donato",1975-01-01,184986,20,false,1130795251,2019-12-02T08:33:54Z,"bossa nova,brazilian jazz,samba,latin jazz","Universal Music Ltda.",0.672,0.475,0,-12.557,1,0.0627,0.69,0.0698,0.0976,0.767,106.536,4
spotify:track:6N1Gf0h0mfZuh6ZdZIGFpm,"O Meu Violão","Trio Mocoto","Trio Mocoto",1977,208800,32,false,1130795251,2019-12-02T08:36:48Z,"samba,brazilian jazz,bossa nova","Mr Bongo",0.478,0.917,7,-5.386,1,0.325,0.491,0,0.573,0.754,100.435,4
spotify:track:13HJiaanpj9UUlM0oRdLCw,"Saiba","Saiba","Amanda Magalhães;Seu Jorge",2019-11-04,163800,0,false,1130795251,2019-12-02T08:37:47Z,"new mpb,mpb,samba,pagode","Boia Fria Produções",0.72,0.462,1,-11.712,1,0.0296,0.629,0.0265,0.143,0.543,100.049,4
spotify:track:22LmXgq1EpIoKVPS3cgmUq,"Aleluia","Brazilian Beats Brooklyn (Mr Bongo presents)","Robson Jorge;Lincoln Olivetti",2006-08-07,233573,0,false,1130795251,2019-12-09T15:52:38Z,"brazilian jazz","Mr Bongo",0.78,0.841,0,-6.266,1,0.0753,0.351,0.064,0.11,0.954,108.024,4
spotify:track:4gYuUKa0QiiVMeUTzNxYoX,"Fui à Umbanda","Mr. Bongo Record Club, Vol. 3 (Compiled by Mr. Bongo)","J.B. De Carvalho E Seu Terreiro",2019-05-31,151187,16,false,1130795251,2019-12-09T15:55:19Z,"axé","Mr Bongo",0.649,0.601,6,-9.856,0,0.0787,0.705,0,0.183,0.956,165.207,4
spotify:track:4cJlSuPARdWwMxIpFhRlWJ,"Misaluba (Misaluba)","Anos 70","Sérgio Murillo",2015-01-01,146853,0,false,1130795251,2020-01-05T21:56:38Z,"","Discobertas",0.79,0.716,9,-10.71,0,0.174,0.972,0.0000683,0.227,0.758,122.964,4
spotify:track:5PYEBSUqMJaYlAU4m2EdB9,"Gusto Deser Tomo Sou","Nicola Conte Presents Viagem","Claudia and Brazilian Octopus",2008-03-17,240026,3,false,1130795251,2020-01-05T21:56:56Z,"brazilian jazz,bossa nova","Far Out Recordings",0.536,0.359,7,-12.213,1,0.0416,0.888,0,0.961,0.359,130.333,4
spotify:track:5PSLJ6C7IXSZPmQx0xc8Lk,"Todo dia era dia de índio","Top Brazil","Baby Consuelo",2019-11-22,308826,0,false,1130795251,2020-01-05T21:58:07Z,"","Warner Music Group - X5 Music Group",0.672,0.527,2,-11.867,0,0.141,0.301,0,0.256,0.891,86.933,4
spotify:track:7zWFqr6enlsBCO84VgE43i,"Faz Tanto Tempo","Black Rio Vol. 2 - Original Samba Soul 1968-1981","Renata Lu",2009-06-22,144266,0,false,1130795251,2020-01-11T22:20:13Z,"samba","Strut",0.627,0.708,9,-6.703,1,0.0934,0.192,0,0.122,0.858,125.404,4
spotify:track:1fjCFc8Dqvy10GBR5aDED1,"No Voo do Urubu","No Voo do Urubu","Arthur Verocai;Seu Jorge",2016-12-16,349493,0,false,1130795251,2020-01-12T22:03:08Z,"brazilian jazz,bossa nova,mpb,samba,pagode","Selo Sesc",0.566,0.751,6,-5.794,0,0.0422,0.579,0.000866,0.0723,0.538,94.99,4
spotify:track:7LnCNqYzTkXWwlH4oi58hk,"Pirão e Colher de Pau","Os Originais do Samba","Os Originais Do Samba",1981-07-14,161666,15,false,1130795251,2020-01-30T16:04:27Z,"samba,pagode","Sony Music Entertainment",0.756,0.851,2,-7.324,0,0.0895,0.311,0,0.0508,0.937,170.871,4
spotify:track:7dwbN0onDdBWnuuLxjAhOe,"Waimea 55.000","Dádiva","Jorge Ben Jor",1984,240906,15,false,1130795251,2020-02-06T12:02:47Z,"mpb,bossa nova,samba,brazilian jazz","Som Livre",0.483,0.76,9,-4.762,1,0.186,0.476,0,0.114,0.77,111.922,4
spotify:track:2tWBZI1WvBNaUzA7e8jzHW,"So Nice (Summer Samba)","Samba '68","Marcos Valle",1968-03-01,151093,53,false,1130795251,2020-02-12T14:51:09Z,"bossa nova,brazilian jazz","Verve Reissues",0.776,0.504,1,-11.25,0,0.0372,0.55,0,0.0743,0.821,122.09,4
spotify:track:6VlapIlYfqtoiWsE0DZUsE,"Sonho de um Carnaval","Chico Buarque de Hollanda","Chico Buarque",1966-01-01,133360,31,false,1130795251,2020-02-24T10:11:02Z,"mpb,bossa nova,samba","Som Livre",0.531,0.716,4,-7.925,0,0.0319,0.705,0.00439,0.27,0.843,94.187,4
spotify:track:70mpYOq7kaEVOZD6IIJAaw,"A Gira","Trio Ternura (Compacto 1973)","Trio Ternura",1973-10-22,183053,65,false,1130795251,2020-02-24T13:28:10Z,"","Universal Music Ltda.",0.745,0.659,6,-8.882,1,0.0355,0.373,0,0.0891,0.962,108.322,4
spotify:track:0NLIFSZxPzQhCwnkn5PJYs,"Canta Canta, Minha Gente","Série Acervo - Martinho Da Vila","Martinho Da Vila",1993-11-08,152266,55,false,1130795251,2020-02-26T21:26:02Z,"samba,pagode,mpb","RCA Records Label",0.851,0.73,2,-11.048,1,0.347,0.453,0.0000634,0.124,0.905,93.698,4
spotify:track:5PWldQer2GqQerAohzsueU,"David","Dose Dupla Célia","Celia",2011-08-12,153040,49,false,1130795251,2020-03-01T12:01:48Z,"bossa nova,brazilian jazz","WM Brazil",0.509,0.704,6,-6.762,0,0.172,0.379,0.000213,0.152,0.692,132.655,4
spotify:track:57x8Xd0qrhOsp4fEhcn4mF,"Que Beleza","World Psychedelic Classics 4: Nobody Can Live Forever: The Existential Soul of Tim Maia","Tim Maia",2012-10-01,208573,0,false,1130795251,2020-03-02T13:35:46Z,"mpb","Luaka Bop",0.512,0.539,5,-7.537,0,0.0402,0.35,0.354,0.0763,0.919,159.811,4
spotify:track:6MCaOLDl0epJPRN76H5S4N,"Oba, Lá Vem Ela","Força Bruta","Jorge Ben Jor;Trio Mocoto",1970-01-12,252506,65,false,1130795251,2020-03-02T14:45:07Z,"mpb,bossa nova,samba,brazilian jazz","Universal Music Ltda.",0.503,0.622,0,-6.89,1,0.0452,0.64,0.000212,0.575,0.522,97.704,4
spotify:track:0OUoJ1BbBrgU6rR4M32Nje,"Roda Mundo","Ninguém Vai Me Segurar","Ana Mazzotti",1974-09-13,149264,42,false,1130795251,2020-03-02T14:45:25Z,"brazilian jazz,bossa nova","Far Out Recordings",0.634,0.645,2,-12.042,0,0.0971,0.675,0.0484,0.304,0.458,96.003,4
spotify:track:2kZDs0Cuo9utZEAdwvmzNf,"Maracatu Atômico","Nightingale","Gilberto Gil",1979-01-01,264306,2,false,1130795251,2020-03-02T14:45:39Z,"mpb,bossa nova,forró tradicional,samba","Palco",0.678,0.832,2,-7.632,0,0.034,0.264,0.00000537,0.175,0.963,106.07,4
spotify:track:5uwWDLy78eCasZmKhutZyH,"Terra de Ninguém","Equilibria","Sabrina Malheiros",2005-07-31,263106,36,false,1130795251,2020-03-02T14:52:35Z,"brazilian jazz,bossa nova,latin jazz,nu jazz","Far Out Recordings",0.747,0.689,6,-12.367,1,0.0564,0.3,0.164,0.495,0.5,105.2,4
spotify:track:4dQelxfFx8oQlMQtpBW2lg,"Longe Daqui Aqui Mesmo","Mr. Bongo Record Club, Vol. 3 (Compiled by Mr. Bongo)","Impacto 5",2019-05-31,201489,16,false,1130795251,2020-03-02T15:54:54Z,"","Mr Bongo",0.658,0.555,4,-9.597,0,0.0407,0.732,0.0000279,0.181,0.769,111.058,4
spotify:track:52G2z7iOgITeoeQIHixDk9,"Moral Tem Hora","Christmas Disco, Vol. 2","Cristina Camargo",2015-12-11,167921,0,false,1130795251,2020-03-02T15:57:36Z,"","Favorite",0.803,0.745,0,-7.59,1,0.0422,0.0135,0.00355,0.0765,0.964,123.202,4
spotify:track:6ywWdrb3jfkpGGJPdsUe4Q,"Acenda o farol","Disco Club","Tim Maia",1978-01-01,191280,0,false,1130795251,2020-03-02T16:06:01Z,"mpb","WM Brazil",0.592,0.883,9,-5.441,0,0.0886,0.0903,0,0.0639,0.695,123.205,4
spotify:track:4dj5Lyne0CILnrz2hyHXTY,"Pela Cidade","Vale Tudo","Sandra De Sá",1983-01-01,201293,37,false,1130795251,2020-03-05T13:54:31Z,"mpb,samba","Som Livre",0.752,0.501,0,-13.245,1,0.0373,0.206,0.000702,0.0941,0.849,114.573,4
spotify:track:4JrYTXDmUcxQG1VhxKepBZ,"Deixa Eu Te Amar","Brazilian Beats 8 (Mr Bongo Presents)","Marisa Rossi",2016-08-12,163777,9,false,1130795251,2020-03-06T12:30:18Z,"","Mr Bongo",0.526,0.708,1,-4.251,1,0.0595,0.311,0.000361,0.147,0.77,126.251,4
spotify:track:4oMKnlEt1TyeziKf55adIY,"Samba Maneiro","Mr Bongo Record Club Volume 2","Rosa Maria",2017-11-03,173826,0,false,1130795251,2020-03-06T14:39:25Z,"fado","Mr Bongo",0.733,0.805,2,-6.975,1,0.334,0.624,0,0.24,0.962,102.7,4
spotify:track:7uBFKnrL9HAoAp0aDCfvDE,"Palco","Luar","Gilberto Gil",1981,266173,0,false,1130795251,2020-03-27T11:50:13Z,"mpb,bossa nova,forró tradicional,samba","Palco WMB",0.734,0.788,1,-7.361,0,0.0462,0.511,0.0774,0.326,0.779,108.325,4
spotify:track:0QVi0ysdAFX4UwVvjAkmCi,"Tudo Em Cima","Beauty: A Journey Through Jeremy Underground's Collection","Leila Pinheiro",2016-09-09,182453,14,false,1130795251,2020-04-19T15:42:35Z,"bossa nova,mpb,brazilian jazz","Spacetalk",0.565,0.853,5,-7.274,1,0.0514,0.409,0.00678,0.086,0.82,116.528,4
spotify:track:06WWnCfoJveGUvYQWK7nGf,"Eva","Robson Jorge e Lincoln Olivetti","Robson Jorge;Lincoln Olivetti",1982-09-16,346522,37,false,1130795251,2020-04-24T10:39:23Z,"brazilian jazz","Som Livre",0.6,0.71,2,-10.81,1,0.0543,0.465,0.956,0.124,0.586,111.805,4
spotify:track:4wwuuiyk9cwEF7MZGRafrz,"Cascavel","Viralata","Antonio Adolfo",2010-11-17,176426,43,false,1130795251,2020-04-26T09:52:04Z,"brazilian jazz,latin jazz,bossa nova","Artezanal/AAM Music",0.54,0.685,7,-10.931,1,0.0437,0.793,0.932,0.167,0.714,179.187,4
spotify:track:74Fj6UtoSmbjLdXBEr57qN,"Trem da Central","De 'Sá' A 'De Sá' - Os Primeiros Anos","Sandra De Sá",2016-03-04,242813,10,false,1130795251,2020-04-26T09:01:24Z,"mpb,samba","Som Livre",0.804,0.715,5,-12.317,1,0.0495,0.487,0.00467,0.369,0.862,107.504,4
spotify:track:2KDF5lrsQNBN0a89SwkwDg,"Ginga","Robson Jorge e Lincoln Olivetti","Robson Jorge;Lincoln Olivetti",1982-09-16,181427,43,false,1130795251,2020-04-26T09:01:35Z,"brazilian jazz","Som Livre",0.744,0.64,0,-8.95,1,0.0592,0.173,0.331,0.0288,0.889,108.522,4
spotify:track:5aVEnXYAtrxGdbJP8N2mHb,"O Amigo De Nova York","Mais Que Um Momento","Emílio Santiago",1983-01-10,252147,42,false,1130795251,2020-04-26T09:02:11Z,"mpb,samba,bossa nova","Universal Music Ltda.",0.783,0.939,11,-6.056,0,0.19,0.371,0,0.143,0.789,111.977,4
spotify:track:5860O4uVBkRbVjtM0qnZCd,"Brilhantina","Zunido Da Mata","Renata Rosa",2003,186573,32,false,1130795251,2020-04-29T14:09:29Z,"","Outro Brasil",0.697,0.678,6,-10.553,1,0.0728,0.406,0.00000165,0.125,0.809,93.353,4
spotify:track:0iRIYx90xEgqfbFcwzrtFc,"Êfemera","Efêmera","Tulipa Ruiz",2010-06-19,224586,0,false,1130795251,2020-04-29T14:13:55Z,"new mpb,mpb","YB Music",0.837,0.523,10,-9.22,1,0.034,0.747,0.00376,0.0989,0.944,116.034,4
spotify:track:5HlK4PFcA4Yn5e5SXNjb5Y,"Tafetá","Dancê","Tulipa Ruiz",2015-04-07,236982,0,false,1130795251,2020-04-29T14:14:20Z,"new mpb,mpb","Tulipa Ruiz",0.785,0.634,0,-7.38,0,0.0301,0.691,0.00224,0.118,0.937,122.014,4
spotify:track:2O86cNvAra9d9t05RVLW2B,"Nana","Maestro","Moacir Santos",1972-01-01,267453,32,false,1130795251,2020-04-29T14:20:58Z,"brazilian jazz,bossa nova,latin jazz","CM BLUE NOTE (A92)",0.607,0.446,0,-13.032,1,0.0318,0.391,0.806,0.124,0.906,137.198,4
spotify:track:6mUrvPF6ucZTwBo3XAVsMC,"Meu Brasil","Night Dreamer Direct-To-Disc Sessions","Seu Jorge;Rogê",2020-01-15,273056,0,false,1130795251,2020-04-29T14:21:00Z,"mpb,samba,pagode","Night Dreamer",0.713,0.366,5,-14.053,1,0.0638,0.9,0.00607,0.129,0.751,95.471,4
spotify:track:5wtuaObLmfOVn19fSKqJVC,"Saravá","Night Dreamer Direct-To-Disc Sessions","Seu Jorge;Rogê",2020-01-15,332363,0,false,1130795251,2020-04-29T14:21:06Z,"mpb,samba,pagode","Night Dreamer",0.608,0.466,7,-12.195,1,0.0399,0.85,0.00465,0.113,0.81,92.94,4
spotify:track:35CYqxY0ciZBv5D6wiV65i,"Pra Você Amigo","Night Dreamer Direct-To-Disc Sessions","Seu Jorge;Rogê",2020-01-15,273852,0,false,1130795251,2020-04-29T14:21:08Z,"mpb,samba,pagode","Night Dreamer",0.636,0.19,4,-16.159,0,0.0657,0.954,0.00206,0.124,0.658,172.442,4
spotify:track:7EjRiBMib2EG0cdMEXavbC,"Serrado","Djavan","Djavan",1978-01-01,212760,0,false,1130795251,2020-04-29T14:37:10Z,"mpb","EMI Brazil",0.585,0.688,4,-14.318,0,0.047,0.0801,0.00000309,0.159,0.883,102.535,4
spotify:track:5xH3fyKyv9vaFQrP6v75aw,"Pot-Pourri: Samblues / Sambinha / O Amor Que Acabou / Nanã / Pra Que Chorar? / O Morro Não Tem Vez / Roda De Samba","Reencontro Com Sambalanço Trio","Sambalanço Trio",1965-03-22,237773,15,false,1130795251,2020-04-29T14:38:28Z,"brazilian jazz,bossa nova","Som Livre",0.513,0.456,5,-12.788,1,0.032,0.566,0.941,0.0843,0.73,108.251,4
spotify:track:4oB0vXMA2nLGn5GZ3e7xFP,"Quem Vai Querer","Quem Vai Querer","Eliana Pittman",1977,146013,21,false,1130795251,2020-04-29T16:50:40Z,"bossa nova,brazilian jazz,latin house","Sony Music Entertainment",0.75,0.628,11,-9.996,0,0.291,0.349,0,0.0804,0.812,124.765,4
spotify:track:17OzfblzUJ5XHBeBUb95av,"Baby","Quinteto Ternura","Quinteto Ternura",1974-03-30,175173,40,false,1130795251,2020-04-29T16:52:27Z,"brazilian jazz,bossa nova","RCA Records Label",0.557,0.6,1,-10.773,1,0.136,0.808,0.000907,0.077,0.519,116.481,4
spotify:track:4FWzlWDgCA19upa0Pj1PZJ,"Xibaba (she-Ba-Ba)","Natural Feelings","Airto",1970-10-23,276177,14,false,1130795251,2020-04-30T08:30:04Z,"brazilian jazz,latin jazz,jazz fusion","Skye Records",0.437,0.647,7,-12.537,1,0.127,0.032,0.109,0.117,0.365,126.105,3
spotify:track:7znjbX9XdoQayIrVNdd50Z,"The Girl From Ipanema","Getz/Gilberto (Expanded Edition)","Stan Getz",1964-03-01,320253,71,false,1130795251,2020-04-30T16:38:55Z,"bossa nova,jazz,brazilian jazz,cool jazz,latin jazz,jazz ballads","Verve Reissues",0.654,0.147,10,-17.844,0,0.039,0.867,0.000923,0.0986,0.472,130.359,4
spotify:track:4NxBcL5Po9ZNrtfbZ08SId,"Só Danço Samba - Stereo Version","Getz/Gilberto (Expanded Edition)","Stan Getz;João Gilberto;Antônio Carlos Jobim",1964-03-01,220373,48,false,1130795251,2020-04-30T16:39:11Z,"bossa nova,jazz,brazilian jazz,cool jazz,latin jazz,jazz ballads,samba,mpb","Verve Reissues",0.616,0.284,8,-13.564,1,0.0621,0.823,0.225,0.0996,0.553,81.852,4
spotify:track:40ejMAGDvSFWkst5ptwZOc,"Fibra","Fibra","Paulo Moura",2007-01-18,149693,10,false,1130795251,2020-05-01T12:04:30Z,"brazilian jazz,bossa nova,samba","Atração",0.464,0.587,7,-8.386,1,0.0622,0.742,0.0294,0.0858,0.39,100.81,4
spotify:track:4UBRFw0qLFR4kgNqr7aQ0q,"The Circle Game (Jôgo De Roda)","Primal Roots","Sergio Mendes & Brasil '77",1972,1105600,9,false,1130795251,2020-05-01T12:07:18Z,"brazilian jazz,bossa nova","A&M",0.489,0.59,2,-10.607,1,0.0544,0.499,0.0927,0.29,0.488,132.954,4
spotify:track:4IIK7KvWCTSkVVRufxyh3d,"Brasil pandeiro","Enciclopédia Musical Brasileira","Novos Baianos",2000,235080,62,false,1130795251,2020-05-09T17:31:44Z,"mpb,samba,bossa nova","WM Brazil",0.544,0.425,11,-12.074,1,0.0346,0.812,0.00137,0.0957,0.863,96.688,4
spotify:track:6BaJoHJhRfIi8OSJLUD21J,"Villa Mariana - De Tarde","Fênix","Azymuth",2016-12-02,392173,42,false,1130795251,2020-05-12T14:42:52Z,"brazilian jazz,jazz funk,jazz fusion,acid jazz","Far Out Recordings",0.626,0.637,11,-9.799,0,0.0372,0.107,0.219,0.0979,0.839,147.892,4
spotify:track:6jlqL9joFnF98jY335t2y4,"Comanche","Negro É Lindo","Jorge Ben Jor",1971-01-11,175266,36,false,1130795251,2020-05-18T12:22:09Z,"mpb,bossa nova,samba,brazilian jazz","Universal Music Ltda.",0.61,0.933,11,-5.258,0,0.0761,0.659,0,0.24,0.787,111.476,4
spotify:track:25JrVa0pOZhb4WvuCK1JVk,"Lotus 72 D","Lotus 72 D","Zé Roberto",1973,192965,56,false,1130795251,2020-05-18T12:37:41Z,"bossa nova,brazilian jazz","Mr Bongo",0.733,0.676,9,-9.735,0,0.0771,0.628,0.181,0.277,0.96,91.389,4
spotify:track:3bfoLDSsg15N9up4bvtrNz,"A Loba Comeu o Canário","Dádiva","Jorge Ben Jor",1984,242946,18,false,1130795251,2020-05-27T15:35:54Z,"mpb,bossa nova,samba,brazilian jazz","Som Livre",0.547,0.899,9,-6.148,0,0.161,0.484,0,0.112,0.855,197.792,4
spotify:track:3pN0gqg1BYKdlEr66gnkWu,"Cinnamon And Clove","Equinox","Sergio Mendes & Brasil '66",1967-01-01,143400,39,false,1130795251,2020-05-27T20:44:25Z,"bossa nova,brazilian jazz,latin jazz","A&M JAZZ",0.533,0.377,5,-14.58,1,0.0461,0.82,0.00000384,0.0789,0.784,91.073,4
spotify:track:06EAcZPde8Ngp81ovI1P6o,"Sintonia","New Morning","Sabrina Malheiros",2008-08-10,206693,21,false,1130795251,2020-06-05T10:44:38Z,"brazilian jazz,bossa nova,latin jazz,nu jazz","Far Out Recordings",0.686,0.944,4,-4.853,0,0.045,0.214,0.0778,0.25,0.944,112.823,4
spotify:track:4ampyovawDYYGXOFBLmCco,"Leão De Bronze","Quinteto Ternura","Quinteto Ternura",1974-03-30,130360,41,false,1130795251,2020-06-06T11:08:15Z,"brazilian jazz,bossa nova","RCA Records Label",0.452,0.625,1,-8.658,1,0.0479,0.811,0.0000719,0.0998,0.963,112.968,4
spotify:track:3mcJTc4RdVoSu4b8bYI3HO,"Consegui Concluir (Jogo de Azar)","Quinteto Ternura","Quinteto Ternura",1974-03-30,125360,23,false,1130795251,2020-06-06T11:08:23Z,"brazilian jazz,bossa nova","RCA Records Label",0.625,0.724,7,-8.528,1,0.173,0.439,0,0.327,0.771,130.78,4
spotify:track:127twwy3iCo1xBRQHyWetU,"Cotidiano","Construção","Chico Buarque",1971-01-01,168373,64,false,1130795251,2020-06-16T21:41:09Z,"mpb,bossa nova,samba","Universal Music Ltda.",0.477,0.835,7,-5.248,0,0.0533,0.38,0.0000083,0.062,0.778,89.855,4
spotify:track:0mZyO7H2S5qLkjhIf0ExFk,"E So Balanco","Paz E Futebol 2 (Compiled by Jazzanova)","Jackson Do Pandeiro;Almira",2016-09-02,138706,0,false,1130795251,2020-06-17T09:46:32Z,"forró tradicional,forró,samba,budots,dangdut,koplo","Sonar Kollektiv",0.72,0.723,5,-5.53,1,0.0667,0.741,0.0000973,0.0618,0.965,94.634,4
spotify:track:1GuLziPRXMWXTUemz0wbOv,"Poluição","São Paulo - Brasil","Cesar Camargo Mariano",1977-04-01,351866,15,false,1130795251,2020-06-18T22:06:58Z,"brazilian jazz,bossa nova","RCA Records Label",0.431,0.451,7,-11.061,0,0.0425,0.743,0.778,0.111,0.339,79.048,4
spotify:track:3Z2Thcr0SrxKcQpvouDpR8,"Bananeira (Remastered)","Emilio Santiago (Remastered)","Emílio Santiago",1975-05-03,173506,49,false,1130795251,2020-06-22T22:27:33Z,"mpb,samba,bossa nova","CID ENTERTAINMENT LTDA",0.731,0.922,6,-7.74,0,0.0649,0.693,0.000363,0.0863,0.961,100.128,4
spotify:track:1XuX636OyGJ1pA70FzgX2f,"Nega de Obluae","Brazilian Beats 2 (Mr. Bongo presents)","Wando",2001-02-12,230133,7,false,1130795251,2020-06-24T10:28:52Z,"brega,mpb,seresta","Mr Bongo",0.608,0.709,6,-11.628,0,0.0368,0.0463,0.0000142,0.0529,0.869,113.23,4
spotify:track:5ScF6MX7op54nM7FCHDTPx,"Isabela","O Som Das Américas","Banda Black Rio;Elza Soares;Cesar Camargo Mariano",2019-05-17,235479,11,false,1130795251,2020-07-05T10:40:29Z,"brazilian jazz,jazz funk,samba,mpb,bossa nova","Universal Music Ltda.",0.753,0.767,4,-7.209,0,0.0622,0.23,0.000163,0.141,0.861,98.81,4
spotify:track:20vupKwM82QPa58MqGmF9J,"O Caminho Do Bem","World Psychedelic Classics 4: Nobody Can Live Forever: The Existential Soul of Tim Maia","Tim Maia",2012-01-01,366186,0,false,1130795251,2020-07-14T10:07:06Z,"mpb","Luaka Bop",0.812,0.416,9,-10.998,0,0.0642,0.268,0.0978,0.115,0.893,107.993,4
spotify:track:15py9tatpwM5za2NgLUVtE,"Onde Anda O Meu Amor","Orlandivo","Orlandivo",1977-01-13,222160,38,false,1130795251,2020-07-14T16:08:20Z,"brazilian jazz,bossa nova","EMI Music Brasil Ltda",0.63,0.632,5,-13.434,0,0.155,0.0803,0.0038,0.162,0.94,89.927,4
spotify:track:5Y7cClnTQbGRfv70NcjlXm,"Boiadeiro","Salve Simpatia","Jorge Ben Jor",1979-12-09,320240,27,false,1130795251,2020-07-21T10:10:45Z,"mpb,bossa nova,samba,brazilian jazz","Som Livre",0.738,0.889,7,-8.558,1,0.165,0.104,0,0.144,0.913,116.422,4
spotify:track:0ywcoZirboH3nWqaNWZcl1,"Eu, Réu, Me Condeno","Eu, Réu, Me Condeno / Feijão Com Farinha","Helio Matheus",1973,269813,36,false,1130795251,2020-07-24T13:24:39Z,"brazilian jazz","Sony Music Entertainment",0.789,0.713,9,-10.574,1,0.0401,0.187,0.0000814,0.0703,0.839,108.691,4
spotify:track:6eDMElxeeKXs4DHTb0dGP0,"Gostava Tanto De Você","Tim Maia 1973","Tim Maia",1973-01-08,256362,71,false,1130795251,2020-08-05T13:58:48Z,"mpb","Universal Music Ltda.",0.563,0.886,9,-9.008,1,0.0993,0.0479,0.0000733,0.0384,0.717,89.234,4
spotify:track:1BUWbJwPCBcTLiQBE5gBdI,"Feminina","Feminina","Joyce Moreno",1980,228466,32,false,1130795251,2020-08-29T12:05:32Z,"bossa nova,brazilian jazz,mpb","EMI",0.602,0.966,4,-5.835,0,0.0681,0.14,0.00000345,0.108,0.845,119.561,4
spotify:track:0Ej3T3FDRTphdG1sOTMgQa,"Relance","India","Gal Costa",1973-01-01,301733,28,false,1130795251,2020-09-22T21:02:13Z,"mpb,bossa nova,brazilian jazz","Universal Music Ltda.",0.871,0.627,0,-16.109,1,0.0458,0.433,0.479,0.0378,0.809,102.917,4
spotify:track:3pv5rPuQNg9EqcmRx2IPNM,"Maracatu Atômico","Chill Brazil - Sand (Volume 1)","Osmar Milito",2013-08-06,190133,0,false,1130795251,2020-09-22T21:05:12Z,"brazilian jazz","WM Brazil",0.578,0.731,10,-8.882,0,0.0536,0.523,0.00000282,0.189,0.722,106.797,4
spotify:track:235ZYguqK0IePBCtUc5FYQ,"Coração Valente","Clara","Clara Nunes",1981-06-09,216061,12,false,1130795251,2020-12-22T14:44:50Z,"samba,mpb,forró tradicional,pagode,forró,axé","EMI Music Brasil Ltda",0.61,0.733,1,-9.577,1,0.0405,0.518,0.00313,0.053,0.858,92.822,4
spotify:track:2GiAdVMFgwt643Of4Ptecc,"Estilhaços","Estilhaços","Cátia de França",1980,161666,21,false,1130795251,2021-01-07T12:06:05Z,"","Sony Music Entertainment",0.308,0.636,1,-7.573,0,0.072,0.636,0.00000433,0.0733,0.784,79.664,5
spotify:track:6R8DuiW2oArMiOv8WzlHnR,"Na Baixa do Sapateiro (Bahia)","The Very Best of Samba and Bossa Nova","Wando;Oberdan Oliveira;Cleto Junior",2012-02-23,234466,1,false,1130795251,2021-02-10T12:45:03Z,"brega,mpb,seresta","Midget Music",0.573,0.677,7,-12.928,1,0.0489,0.159,0.0000838,0.109,0.822,103.487,4
spotify:track:3xbEuAhBMcpPBdKYjhQVzW,"Conscachá Fimará (Magnífico)","Murituri","Arnaud Rodrigues",1974,202605,0,false,1130795251,2021-02-19T15:05:50Z,"","Groovie Records",0.578,0.749,2,-3.587,0,0.0455,0.855,0.0214,0.206,0.734,118.724,4
spotify:track:3jEitkSP4jr0Cy1yoIL59Y,"Eu Vou Torcer","The Definitive Collection","Jorge Ben Jor",2012-07-16,195465,0,false,1130795251,2021-03-16T21:27:37Z,"mpb,bossa nova,samba,brazilian jazz","Wrasse Records",0.676,0.484,5,-15.919,0,0.0464,0.398,0.0000148,0.0984,0.977,157.476,4
spotify:track:5soHRDA6zKKAqUQ16kSpoq,"Samba De Amigo","Amado Maita","Amado Maita",1972-04-03,140325,17,false,1130795251,2021-05-06T11:01:14Z,"","Universal Music Ltda.",0.481,0.652,7,-11.899,0,0.0466,0.407,0.0000202,0.461,0.752,88.587,4
spotify:track:2pt3cir3NSYVFSN29NAPLa,"Só Tem Lugar Pra Você","Aquarius","Brasil Aquarius",2017-12-15,169598,6,false,1130795251,2021-05-06T12:50:09Z,"","BonfaStudio",0.668,0.736,11,-9.894,0,0.108,0.44,0.00533,0.324,0.912,123.682,4
spotify:track:4K6TvQe1D4hrjVNpBy33YU,"Morro do Barraco Sem Água","Mr Bongo Record Club, Vol. 1","Lemos e Debétio",2016-09-16,168440,0,false,1130795251,2021-06-07T13:44:53Z,"","Mr Bongo",0.56,0.933,4,-5.42,0,0.077,0.639,0,0.436,0.873,88.657,4
spotify:track:2TFoS7vlo9Rlhj7u9fOBEX,"Um Abraço No Bonfá","Rosa Morena","João Gilberto",1961,97640,0,false,1130795251,2021-07-14T13:16:48Z,"bossa nova,brazilian jazz,samba,latin jazz,cool jazz,jazz","Chard",0.729,0.326,5,-13.812,1,0.11,0.89,0.634,0.0931,0.857,81.204,4
spotify:track:0iv0PloAMypbF6PZmFNZLn,"Novos Horizontes","Terra","Gelson Oliveira;Luiz Ewerling",1983,159439,0,false,1130795251,2021-07-15T07:22:15Z,"cha cha cha","Branditmusic",0.423,0.363,6,-16.839,0,0.0448,0.748,0.000184,0.293,0.57,167.212,4
spotify:track:3Uww8pXQMYmQLSwCbVc5zJ,"Onde Anda O Meu Amor","Brasil Precisa Balancar","Rosalia De Souza",2006,216999,27,false,1130795251,2021-07-19T08:23:55Z,"bossa nova,brazilian jazz,latin jazz","Schema Records",0.691,0.784,4,-8.295,0,0.0498,0.363,0.0669,0.422,0.541,99.905,4
spotify:track:0wrx7YMUJXIcThebT8XDz5,"A Rã","Quem É Quem","João Donato",1973-01-08,151826,37,false,1130795251,2021-07-20T08:53:46Z,"bossa nova,brazilian jazz,samba,latin jazz","EMI Music Brasil Ltda",0.714,0.802,10,-10.114,0,0.0711,0.788,0.0152,0.0867,0.761,99.219,4
spotify:track:3Nc3DlYYSBU2od2dcR0QDX,"Perfume de Cebola","Canto Fatal","Filó Machado",1984-10-17,226266,18,false,1130795251,2021-07-20T20:20:36Z,"brazilian jazz,mpb,bossa nova","Tratore",0.571,0.881,1,-7.559,0,0.139,0.553,0,0.106,0.808,108.434,4
spotify:track:6IgqbHrfBAomJMmDUpwoYm,"Samba De Flora","Samba De Flora","Airto",1988,376573,32,false,1130795251,2021-07-20T20:46:43Z,"brazilian jazz,latin jazz,jazz fusion","Montuno Records",0.59,0.721,0,-14.078,0,0.0693,0.286,0.0861,0.165,0.804,134.745,4
spotify:track:2Su9jcqo1pzOOr2pdhoDPn,"Toque de cuica","Touching You, Touching Me","Airto Moreira",1979,235920,39,false,1130795251,2021-08-04T20:17:13Z,"brazilian jazz,latin jazz,jazz fusion,bossa nova","WM Brazil",0.696,0.693,7,-14.284,1,0.0451,0.0469,0.833,0.118,0.935,123.171,4
spotify:track:0KOAhmdokRcWdhTm38Prk7,"Celebration Suite","I'm Fine, How Are You?","Airto Moreira",1977,258760,22,false,1130795251,2021-08-04T20:17:36Z,"brazilian jazz,latin jazz,jazz fusion,bossa nova","Rhino/Warner Records",0.501,0.957,11,-11.005,0,0.0607,0.0656,0.807,0.356,0.457,139.148,4
spotify:track:6GgLKIOvFt1xvfSIXrIyEN,"Batuque","Donato Deodato","João Donato",1973-01-01,245093,16,false,1130795251,2021-08-12T11:22:45Z,"bossa nova,brazilian jazz,samba,latin jazz","Savoy",0.718,0.592,11,-15.221,0,0.0351,0.656,0.833,0.103,0.953,126.375,4
spotify:track:1cHxv7oCSCegM93cZ0H2px,"A Festa","Som e Palavras","Silvio Cesar",1977,215875,22,false,1130795251,2021-08-12T11:27:22Z,"bossa nova","Sony Music Entertainment",0.626,0.852,6,-9.464,1,0.0447,0.169,0.051,0.0865,0.787,107.915,4
spotify:track:0UrwRr2UVa0mMajfzuAiG1,"Marcação","Pé na estrada","Valéria",2020-11-20,136000,34,false,1130795251,2021-08-26T11:12:04Z,"","Notes On A Journey",0.703,0.616,4,-9.6,0,0.0495,0.66,0.411,0.0891,0.826,121.872,4
spotify:track:1gAAXVYMkqxgCIRzkg1fpS,"Ta Tudo Ai","Black Rio Vol. 2 - Original Samba Soul 1968-1981","Rubinho;Mauro Assumpçao",2009-06-22,151186,0,false,1130795251,2021-10-04T19:40:14Z,"chamamé","Strut",0.748,0.84,4,-9.567,0,0.116,0.292,0.000176,0.147,0.881,104.48,4
spotify:track:214e8cqzfI28ET83F5ZIB2,"Zana","Toquinho","Toquinho",1970,207080,0,false,1130795251,2021-10-04T19:41:37Z,"bossa nova,mpb,brazilian jazz,samba","Mr Bongo",0.739,0.727,0,-9.171,0,0.041,0.851,0.00109,0.275,0.844,100.668,4
spotify:track:2CSxJocVPTMuQhAMxcV81U,"Initiation","En voyages","Pierre Vassiliu",2019-12-06,229228,0,false,1130795251,2021-10-06T09:25:57Z,"chanson","Born Bad Records",0.463,0.614,9,-12.712,1,0.101,0.777,0.00000124,0.135,0.662,147.294,4
spotify:track:63KB4UbsFJxoYo1AECl3HS,"Bossa 31","Garota Moderna","Nicola Conte;Rosalia De Souza",2007-06-19,345756,44,false,1130795251,2021-10-22T08:40:51Z,"nu jazz,acid jazz,bossa nova,brazilian jazz,latin jazz","Schema Records",0.667,0.872,2,-10.059,1,0.0316,0.264,0.833,0.0924,0.964,96.008,4
spotify:track:4y2qglNPkU5Qq7cTRsIT2T,"Ave Anne","Zeca Do Trombone & Roberto Sax","Zeca Do Trombone;Roberto Sax",1976-10-15,179529,0,false,1130795251,2021-11-01T12:23:29Z,"samba,brazilian jazz","Branditmusic",0.603,0.343,7,-14.564,1,0.0594,0.106,0.00743,0.0817,0.881,87.205,4
spotify:track:1ASIh4gUBzr6H3WRlpngSH,"Noves Fora","A Arte De Wilson Simonal","Wilson Simonal",2015-10-30,141080,14,false,1130795251,2021-11-23T16:20:56Z,"mpb,samba,bossa nova","Universal Music Ltda.",0.612,0.946,8,-6.939,1,0.0537,0.643,0.0000414,0.273,0.961,123.274,4
spotify:track:1ydbpdhB8QBgM5j0loXxSL,"Nossa História De Amor","Tim Maia 1980","Tim Maia",1980-01-07,264122,35,false,1130795251,2021-11-24T09:03:52Z,"mpb","Universal Music Ltda.",0.642,0.693,5,-11.771,1,0.0506,0.0147,0.00252,0.139,0.747,100.554,4
spotify:track:6o61NwJJqVRUpOutfcKBrN,"Seems Like This","Azymuth","Azymuth",2007,271893,48,false,1130795251,2021-11-24T09:34:47Z,"brazilian jazz,jazz funk,jazz fusion,acid jazz","Far Out Recordings",0.647,0.644,7,-11.486,0,0.0348,0.644,0.824,0.312,0.75,98.698,4
spotify:track:6QWE5mVCTKkViVIFHFBlgz,"Presente grego","Arthur Verocai","Arthur Verocai",1972,152373,47,false,1130795251,2021-12-02T08:30:27Z,"brazilian jazz,bossa nova,mpb","WM Brazil",0.72,0.776,4,-11.992,0,0.072,0.625,0.0143,0.06,0.703,103.405,4
spotify:track:79ct1198gHfUmva9o70oen,"Rio","Bossa Nova","Nico Gomez and His Orchestra",1972-04-05,226977,7,false,1130795251,2021-12-10T09:59:28Z,"exotica,son cubano","Omega",0.558,0.586,7,-13.959,0,0.0313,0.7,0.00511,0.208,0.901,100.142,4
spotify:track:4hi5go0meI0ZWNoWsnZksP,"Salve-se Quem Souber / O Vale Do Quilombo","Terra","Gelson Oliveira;Luiz Ewerling",1983,186339,0,false,1130795251,2021-12-15T09:27:16Z,"cha cha cha","Branditmusic",0.54,0.449,9,-14.411,1,0.161,0.315,0.179,0.112,0.535,71.051,4
spotify:track:1vPr7xpAgsff0Y8S5glxQh,"Rua Dois","A Viagem das Horas","Jose Mauro",2021-05-28,218942,35,false,1130795251,2021-12-17T08:36:54Z,"brazilian jazz","Far Out Recordings",0.37,0.638,6,-8.922,0,0.0342,0.51,0.541,0.198,0.238,130.005,4
spotify:track:7MLyFGVaE7YAxb5Pa2omaG,"Adeua Maria Fulo","Complete Muse Sessions","Dom Um Romao",1999-01-01,487080,3,false,1130795251,2021-12-22T09:41:44Z,"brazilian jazz,bossa nova,latin jazz","Savoy",0.497,0.797,5,-8.956,1,0.0332,0.341,0.191,0.115,0.672,92.02,4
spotify:track:5nWlWpuKjl8gwyIhVsRA9l,"Logo Cedo","Quinteto Ternura","Quinteto Ternura",1974-03-30,138573,25,false,1130795251,2021-12-24T18:54:13Z,"brazilian jazz,bossa nova","RCA Records Label",0.639,0.762,4,-8.157,1,0.114,0.338,0.00524,0.0811,0.962,141.914,4
spotify:track:2bKOB6DLw8inrQC8UmghQN,"Falador Passa Mal","É Preciso Cantar","Os Originais Do Samba",1973-07-14,190533,56,false,1130795251,2021-12-30T19:30:14Z,"samba,pagode","RCA Records Label",0.787,0.648,5,-11.148,0,0.12,0.184,0.00442,0.112,0.764,88.585,4
spotify:track:5u496fy6Ru5GLZgOnloFTd,"Carolina, Carol Bela","Os Brazões","Os Brazoes",1969-01-01,126600,40,false,1130795251,2022-01-05T09:02:56Z,"brazilian jazz,bossa nova","Som Livre",0.65,0.942,10,-6.887,0,0.0533,0.374,0,0.335,0.927,90.851,4
spotify:track:0r5ULvzd0wLPwDb5vHpLar,"Dona das Meninas","Encore","Arthur Verocai;Azymuth",2012-02-17,291173,38,false,1130795251,2022-01-06T18:41:09Z,"brazilian jazz,bossa nova,mpb,jazz funk,jazz fusion,acid jazz","Far Out Recordings",0.6,0.642,3,-8.234,1,0.0338,0.672,0,0.174,0.701,139.03,4
spotify:track:3uIRJNlXSn6MdS3Osx5CW5,"O Samba da Minha Terra","Rosa Passos Canta Ary, Tom e Caymmi","Rosa Passos",2015-07-31,158346,16,false,1130795251,2022-01-18T08:39:46Z,"bossa nova,brazilian jazz","Biscoito Fino",0.687,0.725,0,-11.157,1,0.041,0.645,0.655,0.0806,0.661,105.12,4
spotify:track:3rngHt8uDaOTrzoihUEAvw,"Saltei De Banda","Elza Pede Passagem","Elza Soares",1972-03-03,176693,28,false,1130795251,2022-01-25T14:30:03Z,"samba,mpb,bossa nova","Universal Music Ltda.",0.698,0.725,6,-8.419,1,0.0657,0.31,0.00000359,0.136,0.937,99.209,4
spotify:track:5OLNcsiy87F0aMv7NTkDlg,"Ela Vai pro Mar","Meu Samba Torto","Clara Moreno;Celso Fonseca",2007-08-10,191586,41,false,1130795251,2022-02-07T13:37:30Z,"bossa nova,brazilian jazz,samba","Far Out Recordings",0.764,0.205,0,-14.354,0,0.0361,0.936,0.0771,0.0948,0.369,120.393,4
spotify:track:38nov8TWNqk9PROJVPjlFS,"Quero Que Vá Tudo Pro Inferno","Convida","Erasmo Carlos;Caetano Veloso",1980-06-09,329693,21,false,1130795251,2022-02-17T10:40:22Z,"mpb,brazilian rock,bossa nova,samba","Universal Music Ltda.",0.794,0.546,9,-9.302,0,0.0359,0.477,0.00000248,0.107,0.548,106.529,4
spotify:track:66D1nLhF4bZC2FPmHNaW5o,"Duplo Sentido","Tetê da Bahia","Tetê da Bahia",1976-09-13,305852,0,false,1130795251,2022-03-09T19:00:43Z,"","Nova Estação",0.495,0.312,5,-16.742,0,0.0565,0.929,0.00628,0.121,0.44,88.125,4
spotify:track:2ZHVIsWO8NG86yh5uiEA0t,"Pernalonga","Di Melo","Di Melo",1975-01-14,163973,45,false,1130795251,2022-03-13T20:43:57Z,"","EMI Music Brasil Ltda",0.852,0.773,4,-10.16,0,0.0554,0.487,0.00784,0.092,0.846,95.125,4
spotify:track:7H8r2eiXlhNbGgrOuYGoA3,"É Isso Aí","Gilles Peterson Brazilika","Sidney Miller",2009-08-03,176333,5,false,1130795251,2022-03-14T08:52:36Z,"mpb,bossa nova","Far Out Recordings",0.586,0.729,7,-5.733,1,0.103,0.27,0.000917,0.237,0.971,78.188,4
spotify:track:0AeBjp45RLeAHFecPIjzpB,"Garoto do pife","Folclore Alagoano","João do Pifi",2021-07-13,165590,9,false,1130795251,2022-03-15T12:31:16Z,"forró tradicional,forró","Sunset Entretenimento",0.712,0.769,5,-9.545,1,0.0701,0.046,0.881,0.127,0.872,110.753,4
spotify:track:3QSIa6iyhgnEdHcXbujYUD,"Na Biaxa do Sapateiro","Brazilian Beats 2 (Mr. Bongo presents)","Wando",2001-02-12,281106,8,false,1130795251,2022-03-29T12:18:59Z,"brega,mpb,seresta","Mr Bongo",0.494,0.779,7,-13.335,1,0.136,0.0493,0,0.137,0.778,104.552,4
spotify:track:25znajmeY2JqkRjBH9bQZ2,"Presente Cotidiano","India","Gal Costa",1973-01-01,177333,30,false,1130795251,2022-04-05T11:05:06Z,"mpb,bossa nova,brazilian jazz","Universal Music Ltda.",0.466,0.24,2,-16.708,1,0.0366,0.572,0.000201,0.0662,0.515,106.362,4
spotify:track:1PT1DUnuqWLviSuK51I6OJ,"Bairro Negro","Ninguém Vai Me Segurar","Ana Mazzotti",1974-09-13,160440,34,false,1130795251,2022-04-28T19:36:25Z,"brazilian jazz,bossa nova","Far Out Recordings",0.545,0.388,2,-15.989,0,0.154,0.682,0.00163,0.377,0.316,126.003,4
spotify:track:151H2teY2j8s4AB0kryD88,"Corra Lá","Mensageiro da Alegria","Geronimo Santana",1985,172245,0,false,1130795251,2022-04-29T08:40:59Z,"axé","Pastores Do Mar",0.607,0.87,4,-3.611,0,0.0668,0.925,0.00155,0.178,0.899,118.824,4
spotify:track:1kRbxCZL5BThW1tRzdeKhr,"Nao Aguento Voce","Wanted Bossa Nova: From Diggers to Music Lovers","Trio Esperança",2018-09-21,122326,27,false,1130795251,2022-05-17T09:12:53Z,"brega","Wagram Music",0.612,0.428,4,-13.134,0,0.0369,0.471,0.125,0.395,0.67,108.622,4
spotify:track:6VBO1sQu120TwpHPB9o9EN,"Mais Kriola","Helio Matheus","Helio Matheus",1975,258120,37,false,1130795251,2022-05-17T09:17:33Z,"brazilian jazz","Sony Music Entertainment",0.67,0.704,5,-11.161,1,0.0588,0.408,0.331,0.0946,0.847,87.243,4
spotify:track:0nQAVHXIcKXg8NjzVRyaKy,"Black Soul Brothers","Black Soul Brothers","Miguel De Deus",2016-01-01,175595,0,false,1130795251,2022-05-17T09:17:51Z,"","Groovie Records",0.645,0.867,7,-5.701,1,0.232,0.146,0.155,0.588,0.922,120.295,4
spotify:track:7y4UNO4oa4pZ11UAe9NNtl,"Fifty Fifty - Remasterizado","Stop (Remasterizado)","Jayme Marques",1997,193466,2,false,1130795251,2022-05-20T13:39:58Z,"","Legacy Recordings",0.574,0.759,4,-13.106,0,0.0431,0.302,0.283,0.0491,0.864,106.819,4
spotify:track:5udt4wdUhn04iaV3b9pXXK,"Leilão","Werther","Werther",1970-06-16,130481,14,false,1130795251,2022-05-31T08:42:58Z,"brazilian jazz,bossa nova","Altercat",0.739,0.295,0,-12.568,1,0.0473,0.447,0,0.192,0.759,97.35,4
spotify:track:2IYnHX1FyhBWhNvD4XAD0v,"Nanã Das Águas","Quem É Quem","João Donato",1973-01-08,140160,25,false,1130795251,2022-06-06T08:01:35Z,"bossa nova,brazilian jazz,samba,latin jazz","EMI Music Brasil Ltda",0.645,0.62,4,-11.395,0,0.0508,0.455,0.239,0.115,0.245,106.016,4
spotify:track:6XTcMWominMbCQLfMCSIDs,"Duplo Sentido","Mr Bongo Record Club, Vol. 5","Tetê da Bahia",2022-04-08,301530,35,false,1130795251,2022-06-06T12:16:01Z,"","Mr Bongo",0.323,0.493,1,-11.875,1,0.129,0.955,0.152,0.118,0.346,86.852,4
spotify:track:0ru8Yo63PNJZOCjLL9D2lw,"Madalena","Olha Quem Chega","Tania Maria",1971-04-03,130773,8,false,1130795251,2022-06-08T07:29:52Z,"brazilian jazz,latin jazz,bossa nova,jazz funk","Universal Music Ltda.",0.722,0.888,0,-7.745,1,0.0809,0.597,0.000529,0.158,0.723,116.084,4
spotify:track:4mvFM31xxsgSr8vvX7nEiL,"Falsa baiana","João Gilberto (1973)","João Gilberto",2021-03-26,225040,0,false,1130795251,2022-06-08T07:36:32Z,"bossa nova,brazilian jazz,samba,latin jazz,cool jazz,jazz","Ipanema",0.739,0.13,6,-24.81,1,0.137,0.685,0.121,0.108,0.961,87.915,4
spotify:track:1Z8VspYHzEt0puyKerMdlX,"Se Eu Pisar no Teu Pé","Nerry Adino","Global Sampler",2021-09-28,148413,0,false,1130795251,2022-06-15T08:05:45Z,"","ABACUOS",0.644,0.594,7,-11.088,0,0.0533,0.633,0,0.416,0.888,100.931,4
spotify:track:32qzuyMWyCtWupKVykkpJS,"Transamazônica","Antonio Adolfo E A Brazuca","Antonio Adolfo & A Brazuca",1971-06-05,192960,25,false,1130795251,2022-07-11T09:44:51Z,"brazilian jazz","Universal Music Ltda.",0.615,0.783,4,-7.445,0,0.0455,0.139,0.000453,0.103,0.647,114.448,4
spotify:track:6niY7onsGQgK2sgF9XrYir,"A Vida Em Seus Métodos Diz Calma","Di Melo","Di Melo",1975-01-14,222093,49,false,1130795251,2022-07-27T13:35:57Z,"","EMI Music Brasil Ltda",0.803,0.868,6,-6.644,0,0.0447,0.436,0,0.163,0.942,110.315,4
spotify:track:19cm6AAW9YOLthBRnCHXHd,"Partido Alto","The Colours of Life","Airto Moreira;Flora Purim",1989-08-24,304960,14,false,1130795251,2022-07-27T13:36:20Z,"brazilian jazz,latin jazz,jazz fusion,bossa nova,vocal jazz","IN+OUT Records",0.519,0.807,0,-8.421,1,0.0359,0.0994,0.0497,0.0703,0.85,101.294,4
spotify:track:0DaWnepbqw9g41cnJLQN2c,"Expresso Madureira","Gafieira Universal","Banda Black Rio",2002,245586,34,false,1130795251,2022-07-27T13:37:08Z,"brazilian jazz,jazz funk","RCA Records Label",0.782,0.903,9,-7.336,0,0.0515,0.0767,0.523,0.0601,0.964,109.77,4
spotify:track:2BAadNliSZn0C1KBzPMD0j,"Eu Sou Mais Eu","Ninguém Vai Me Segurar","Ana Mazzotti",1974-09-13,195840,35,false,1130795251,2022-08-09T07:28:15Z,"brazilian jazz,bossa nova","Far Out Recordings",0.63,0.824,0,-14.612,1,0.0566,0.718,0.0348,0.173,0.705,106.091,4
spotify:track:3Xjv1vWyUaqp3tMpPVwkJG,"Novo Dia","Black Rio Vol. 2 - Original Samba Soul 1968-1981","Balança Povo",2009-06-22,156693,0,false,1130795251,2022-08-10T14:15:20Z,"","Strut",0.643,0.642,0,-9.654,1,0.0981,0.38,0,0.123,0.593,123.205,3
spotify:track:3BYYnv4risD1UaqpmtSNUF,"Pra Fazer um Samba","Mr Bongo Presents: Brazilian Beats 7","Cizinha",2013-10-28,132266,20,false,1130795251,2022-08-10T20:39:21Z,"brazilian jazz","Mr Bongo",0.48,0.498,0,-6.728,1,0.0362,0.527,0,0.104,0.668,106.581,4
spotify:track:1KYoghMhzM6ixvMQlqIfdY,"Deixa Eu Dizer","Série Super Divas - Claudia","Claudya",2011-01-01,165106,38,false,1130795251,2022-08-10T20:39:59Z,"bossa nova,mpb,brazilian jazz","EMI",0.535,0.679,4,-7.658,0,0.0376,0.138,0,0.129,0.677,151.218,4
spotify:track:2TYzrobvpyY4WXazo1l1et,"Nêga De Obaluaê","Wando","Wando",1975-01-02,230762,27,false,1130795251,2022-08-16T08:18:55Z,"brega,mpb,seresta","Universal Music Ltda.",0.603,0.793,6,-9.498,0,0.0403,0.113,0.0000539,0.0636,0.866,113.451,4
spotify:track:0TjbUwfhdQBuyQWX7eAoPk,"Tristeza De Amar","Wanda..Vagamente..","Wanda Sá",1963-02-10,158563,11,false,1130795251,2022-09-17T16:04:48Z,"bossa nova,brazilian jazz","Poppydisc",0.312,0.614,11,-2.721,0,0.0309,0.828,0.0000192,0.161,0.336,104.157,4
spotify:track:6S0guymJBHKV92NgxZpdyx,"Avenida Atlantica","Brazilian Beats 8 (Mr Bongo Presents)","Rosa Maria",2016-08-12,176563,7,false,1130795251,2022-09-19T18:32:09Z,"brazilian jazz,fado","Mr Bongo",0.727,0.846,8,-7.737,1,0.118,0.234,0.0000459,0.448,0.81,108.304,4
spotify:track:5J9p0R0j1SWDHSCIe94Ygm,"Como é que é","Dose Dupla Célia","Celia",2011-08-12,130425,24,false,1130795251,2022-09-19T18:37:01Z,"bossa nova,brazilian jazz","WM Brazil",0.6,0.673,1,-6.486,1,0.164,0.497,0,0.425,0.569,122.319,4
spotify:track:3L6yk6mpd5KOr8BXYZ8PB1,"Vem Balançar","Mario Castro Neves & Samba S.A.","Mario Castro Neves",1967-09-17,116653,13,false,1130795251,2022-09-19T18:37:24Z,"brazilian jazz,bossa nova","RCA Records Label",0.539,0.687,7,-8.265,1,0.0289,0.147,0,0.282,0.673,110.925,4
spotify:track:0xwjVakkXUxTCnAbEQSQVL,"Homenagem a Ludugero","Folclore Alagoano","João do Pifi",2021-07-13,122200,2,false,1130795251,2022-09-19T18:37:50Z,"forró tradicional,forró","Sunset Entretenimento",0.82,0.807,0,-11.01,0,0.0678,0.408,0.397,0.11,0.965,98.888,4
spotify:track:1XjFyPzU5z3zbYJQETYGiZ,"Balança Pema","Samba Esquema Novo","Jorge Ben Jor",1963-01-01,86760,50,false,1130795251,2022-10-12T09:26:49Z,"mpb,bossa nova,samba,brazilian jazz","Universal Music Ltda.",0.615,0.319,4,-9.178,0,0.0376,0.639,0,0.142,0.828,90.998,4
spotify:track:2ltIYjsMSTdjmoCGHz6vrX,"O Viajante","O Viajante / Sorriso de Gabriela - Single","Wal Santana",1974-01-01,187933,6,false,1130795251,2022-10-19T13:11:49Z,"","Som Livre",0.62,0.565,4,-14.416,0,0.0582,0.453,0.00000101,0.248,0.783,103.67,4
spotify:track:2Xv3ddA5cYDh5Nhg428kjz,"Redondo Sambão","Nicola Conte Presents Viagem 2","As Meninas",2009-06-29,140773,7,false,1130795251,2022-10-19T13:13:13Z,"axé","Far Out Recordings",0.67,0.833,10,-6.58,0,0.0947,0.699,0,0.0684,0.524,110.252,4
spotify:track:0eVnhQNFTRZXOIhHZNLX85,"Dedicada a ela","Arthur Verocai","Arthur Verocai",1972,213426,59,false,1130795251,2022-10-24T07:23:10Z,"brazilian jazz,bossa nova,mpb","WM Brazil",0.317,0.318,4,-14.946,0,0.0279,0.458,0.465,0.073,0.503,60.247,4
spotify:track:3nMmaBU5j2eG4BmOjrbR0y,"Linha do Horizonte","Azimüth","Azymuth",1975,268066,41,false,1130795251,2022-10-24T07:38:36Z,"brazilian jazz,jazz funk,jazz fusion,acid jazz","Som Livre",0.469,0.466,7,-14.487,1,0.0392,0.452,0.559,0.128,0.522,161.087,4
spotify:track:2YSPE8DRkswaZEwHgbXhvj,"Alô, alô marciano","Saudade do Brasil","Elis Regina",1980-04-23,243466,21,false,1130795251,2022-10-25T07:52:26Z,"mpb,bossa nova,brazilian jazz,samba","WM Brazil",0.627,0.24,4,-17.125,0,0.0746,0.716,0.0000612,0.22,0.696,128.518,4
spotify:track:2GAFZG9Z7UGS1iMm4Idrnr,"Apesar De Você","Chico Buarque","Chico Buarque;MPB4;Quarteto Em Cy",1978-01-01,235546,66,false,1130795251,2022-10-26T08:14:29Z,"mpb,bossa nova,samba,brazilian jazz","Universal Music Ltda.",0.568,0.574,4,-8.993,0,0.0683,0.468,0,0.362,0.68,107.821,4
spotify:track:0I58TD34kVkp622V0aN7D4,"Wanda Vidal","Garra","Marcos Valle",1971-03-05,129906,21,false,1130795251,2022-10-26T09:41:35Z,"bossa nova,brazilian jazz","EMI",0.599,0.706,9,-11.348,0,0.0328,0.374,0.0000153,0.202,0.785,108.994,4
spotify:track:4VhLkWi8dbq4FCoTu3V7Me,"Amazonas","Quem É Quem","João Donato",1973-01-08,130493,38,false,1130795251,2022-10-30T17:16:31Z,"bossa nova,brazilian jazz,samba,latin jazz","EMI Music Brasil Ltda",0.728,0.471,1,-11.995,0,0.0634,0.762,0.855,0.109,0.649,83.264,4
spotify:track:4tpy1mDwa9kkC6stTi1BHO,"Embolada","Edu","Edu Lobo;Gracinha Leporace;Quarteto 004",1967-01-15,227333,9,false,1130795251,2022-11-02T10:05:44Z,"bossa nova,brazilian jazz,mpb","Universal Music Ltda.",0.589,0.444,1,-14.765,1,0.268,0.612,0,0.0784,0.422,95.629,4
spotify:track:3YpLvMwwXEyuPNGeuxfQXm,"Vatapá","Gal Canta Caymmi","Gal Costa",1976-01-01,211360,37,false,1130795251,2022-11-21T09:22:23Z,"mpb,bossa nova,brazilian jazz","Universal Music Ltda.",0.672,0.482,5,-18.425,1,0.05,0.334,0.000645,0.0703,0.934,102.463,4
spotify:track:0r3Mm4DMDknVpd9phO76v0,"Figa De Guiné","Sabiá Marrom - O Samba Raro De Alcione","Alcione",1978,139360,58,false,1130795251,2022-11-21T09:22:51Z,"samba,mpb,pagode","Universal Music Ltda.",0.638,0.727,0,-7.56,0,0.0564,0.639,0,0.117,0.946,97.947,4
spotify:track:6QR9FB8xvjtxLknolyTnnQ,"Geninha","Bango","Bango",2017-03-13,206520,38,false,1130795251,2022-11-24T21:27:58Z,"","Musidisc",0.623,0.398,1,-13.177,0,0.0579,0.387,0.484,0.115,0.659,112.476,4
spotify:track:6csh3GKgUTghBomiMZvV86,"Super Mulher","Super Mulher (Album Version)","João Luiz",2022-05-21,208320,25,false,1130795251,2022-11-24T21:29:41Z,"","Dusted Velvet",0.597,0.868,4,-7.704,0,0.0448,0.626,0.0273,0.353,0.892,131.222,4
spotify:track:5mJxnpAjzRhhzpYtTkWcmI,"Fá Sustenido","Robson Jorge e Lincoln Olivetti","Robson Jorge;Lincoln Olivetti",1982-09-16,183488,26,false,1130795251,2022-11-24T21:30:40Z,"brazilian jazz","Som Livre",0.904,0.543,11,-10.314,1,0.0463,0.812,0.871,0.187,0.797,104.637,4
spotify:track:5cwuBUYssitoW3VANtnBGf,"Os Olhos","Perfeitamente, Justamente Quando Cheguei","Ruban;Mauro Assumpção",1972,187236,0,false,1130795251,2022-11-30T19:55:14Z,"mpb,brega","CJR BARRA PRODUÇÕES E EDIÇÕES MUSICAIS LTDA ME",0.529,0.827,11,-8.645,1,0.064,0.167,0.0136,0.101,0.871,154.824,4
spotify:track:41R0EVarKeokwXL1uE581d,"Ei, Você, Psiu!","1974","FRANCO",2022-02-18,150999,13,false,1130795251,2022-12-01T14:27:11Z,"","Sunset Entretenimento",0.814,0.655,2,-13.872,1,0.19,0.583,0.101,0.118,0.808,117.534,4
spotify:track:5LMXbSmeLG6dtAErjWz74t,"Baião Violado","Domingo, Menino Dominguinhos","Dominguinhos",1976-05-03,232026,21,false,1130795251,2022-12-05T12:06:02Z,"forró tradicional,forró,mpb","Universal Music Ltda.",0.483,0.833,1,-8.714,1,0.0351,0.181,0.000744,0.369,0.962,110.762,4
spotify:track:3vST7tho4iT90949PEtM7i,"Bebete Vãobora","Jorge Ben","Jorge Ben Jor",1969-01-20,155493,55,false,1130795251,2022-12-13T13:07:08Z,"mpb,bossa nova,samba,brazilian jazz","Universal Music Ltda.",0.412,0.633,11,-6.241,0,0.0604,0.749,0,0.388,0.799,90.126,4
spotify:track:4xaCUq2ckld2ABVqxKb1A5,"Redondo Sambão","Funeral de um Lavrador / Redondo Sambão","As Meninas",1967-11-08,145853,4,false,1130795251,2022-12-20T21:24:48Z,"","Som Livre",0.655,0.653,5,-12.383,0,0.146,0.251,0,0.0661,0.817,109.863,4
spotify:track:2PQLrrhcN0XGlgzsztRC2K,"Tua Mulher","Para Viver","Guto",2014,171266,0,false,1130795251,2022-12-20T21:26:25Z,"bossa nova","genesis",0.577,0.594,7,-12.293,1,0.0703,0.841,0.000934,0.191,0.809,105.881,4
spotify:track:0MT6ecgiLweuA4nd9NTGll,"Gente Aberta","Carlos, Erasmo [Versão Com Bônus (1971)]","Erasmo Carlos",1971-01-01,140426,58,false,1130795251,2022-12-24T10:38:38Z,"mpb,brazilian rock","Universal Music Ltda.",0.609,0.453,6,-7.8,0,0.0459,0.713,0.0683,0.103,0.805,90.92,4
spotify:track:3hPm7wwK3QaTJMe8jptr32,"Vida Antiga","Sonhos E Memórias - 1941 / 1972","Erasmo Carlos",1972-01-01,203026,41,false,1130795251,2022-12-25T10:50:19Z,"mpb,brazilian rock","Universal Music Ltda.",0.571,0.604,9,-9.589,1,0.0467,0.789,0.368,0.52,0.528,85.145,4
spotify:track:5jMc7pAGFQ5lRqfaM7AsU5,"O Morro (Não Tem Vez)","The Astrud Gilberto Album","Astrud Gilberto",1965-01-01,176146,46,false,1130795251,2023-02-10T09:40:14Z,"bossa nova,brazilian jazz,latin jazz,vocal jazz,adult standards","Verve Reissues",0.598,0.162,0,-17.275,1,0.0342,0.735,0.000709,0.138,0.608,147.218,4
spotify:track:7fZhtkSNAgKiIkXeguTEgL,"Meu Primeiro Amor","O Céu é Velho Há Muito Tempo","Lucas Santtana;DUDA BEAT",2019-10-18,193136,47,false,1130795251,2023-02-20T14:46:29Z,"new mpb,mpb,brazilian pop","No Format!",0.748,0.114,6,-15.372,0,0.0438,0.969,0.0243,0.106,0.357,132.781,4
spotify:track:5TjvCcwV1zdiG3K201yOgR,"Ondo Anda a Meu Amor","Brazilian Beats 1 (Mr Bongo presents)","Orlandivo",1999,222693,40,false,1130795251,2023-02-23T08:12:53Z,"brazilian jazz,bossa nova","Mr Bongo",0.687,0.661,5,-12.15,0,0.106,0.276,0.0859,0.245,0.958,88.102,4
spotify:track:48S0Nt22xNBw6JqMjuDel6,"Se Você Quiser, Mas Sem Bronquear","Doris Monteiro","Doris Monteiro",1970-01-01,183066,16,false,1130795251,2023-02-26T20:52:40Z,"bossa nova,brazilian jazz,samba","EMI Brazil",0.574,0.474,11,-10.558,0,0.0361,0.721,0.0000798,0.387,0.629,141.72,4
spotify:track:4WrXvO8rPu9PkEO4GmcgGc,"Batuque","Bebeto","Bebeto Castilho",1975,185756,39,false,1130795251,2023-03-20T11:29:03Z,"bossa nova","Tapecar",0.503,0.364,2,-15.846,1,0.232,0.923,0.000206,0.611,0.864,180.037,4
spotify:track:0eC1veOhVqB4LdVmEI0a3o,"Mistérios","We Are the Children of the Sun","Diana Pequeno",2022-04-15,345333,4,false,1130795251,2023-03-29T09:39:36Z,"mpb","BBE Music",0.624,0.319,5,-12.343,1,0.0278,0.912,0.00000168,0.305,0.481,99.547,4
spotify:track:1NmQnPFAIDS8Lbu30o397A,"Tudo Ben","Brazilian Beats 5 (Mr. Bongo presents)","Sasso",2005-05-23,315706,0,false,1130795251,2023-04-06T09:52:56Z,"","Mr Bongo",0.677,0.806,11,-8.508,1,0.0379,0.0634,0.836,0.144,0.322,110.793,4
spotify:track:4gkm5O7Z4HoqnaUwfGuMeT,"Um Amor para Toda a Vida","Um Amor para Toda a Vida","INES SOARES",2022-03-17,140000,0,false,1130795251,2023-04-11T13:10:07Z,"","Groovie Records",0.621,0.635,7,-8.763,0,0.0676,0.476,0.00161,0.124,0.829,109.798,4
spotify:track:7duga5Gi9NggQdLfNgAP6t,"Cobra Criada","Linha De Passe","João Bosco",1979-10-01,145306,25,false,1130795251,2023-04-17T14:52:56Z,"mpb,samba,bossa nova,brazilian jazz","RCA Records Label",0.786,0.673,2,-9.2,1,0.0427,0.773,0.0342,0.0894,0.946,113.63,4
spotify:track:1TxZ3YTh0i1pKlQE37grQX,"Morro do Barraco Sem Água","Morro do Barraco Sem Água","Lemos & Debétio",1974,169591,0,false,1130795251,2023-04-25T18:31:30Z,"","Mr Bongo",0.588,0.918,2,-7.704,1,0.0706,0.407,0.000268,0.583,0.905,86.759,4
spotify:track:1pVNNKfgi7XW70OpHhKNxp,"Km 110","Hareton & Meta - EP","Hareton Salvanini",1971,134975,19,false,1130795251,2023-04-25T18:34:53Z,"","Mr Bongo",0.279,0.514,10,-6.901,0,0.0339,0.653,0.000501,0.433,0.419,92.263,3
spotify:track:2rKdvn1bV3pP0xK5P7dLkf,"No Voo do Urubu","No Voo do Urubu","Arthur Verocai;Seu Jorge",2016-12-16,349493,29,false,1130795251,2023-04-28T14:03:34Z,"brazilian jazz,bossa nova,mpb,samba,pagode","Selo Sesc [dist. Tratore]",0.563,0.751,6,-5.793,0,0.0419,0.58,0.000854,0.0724,0.545,95.061,4
spotify:track:3wvjdtA70OyOY2jcXUzuC9,"Tudo De Você","Marcos Valle Samba ""Demais""","Marcos Valle",1963-01-01,162560,45,false,1130795251,2023-05-04T11:37:23Z,"bossa nova,brazilian jazz","EMI Brazil",0.437,0.416,1,-12.761,1,0.031,0.786,0.000334,0.128,0.444,137.057,4
spotify:track:4hJ71rDFMjj3WXBoSzGWpp,"Vôo Cego","Vento Sul","Marcos Valle",1972-03-10,208133,27,false,1130795251,2023-05-18T11:04:20Z,"bossa nova,brazilian jazz","EMI",0.471,0.262,11,-17.177,0,0.0326,0.654,0.0147,0.24,0.383,115.583,4
spotify:track:6u5A8xmb5J2qGFVfuiTZ4s,"Serearei","Volume 2","Anamaria e Maurício",1971,180160,4,false,1130795251,2023-05-25T11:05:31Z,"brazilian jazz","WM Brazil",0.389,0.391,9,-13.96,0,0.0587,0.812,0.00176,0.287,0.305,136.996,4
spotify:track:4JrK5OMxp1bwCuhxzhUBQZ,"Janaina","Bahia De Todos Os Santos","Dendê & Hãhãhães",2010-03-09,235666,0,false,1130795251,2023-05-25T11:13:51Z,"afropop","Mamadele Productions",0.752,0.625,7,-8.656,1,0.03,0.496,0.0323,0.558,0.87,102.024,4
spotify:track:6zqouJybuXnSCVfig88Npf,"Gingele","Now","Astrud Gilberto",1972,241640,15,false,1130795251,2023-06-10T14:24:59Z,"bossa nova,brazilian jazz,latin jazz,vocal jazz,adult standards","BBE Music",0.509,0.688,10,-10.161,0,0.0651,0.0347,0.000344,0.335,0.688,97.684,4
spotify:track:18AfW832Arj0DWX6ryaY86,"Bacurau","Poison Fruit","Ivan Conti",2019-01-25,389289,10,false,1130795251,2023-06-15T13:07:37Z,"brazilian jazz","Far Out Recordings",0.774,0.899,10,-11.471,0,0.0513,0.0797,0.657,0.0372,0.686,120.079,4
spotify:track:5tGlYXpy4v8tHchZwKMDUN,"Saranda","Cadê o Povo","Teca & Ricardo",2012-10-22,249760,3,false,1130795251,2023-06-29T20:30:56Z,"","Gm.musipro",0.545,0.682,5,-6.797,1,0.0287,0.641,0.173,0.134,0.716,84.585,4
spotify:track:10esco8jWLkFWOGr5UJC4U,"On My Mind","Windy","Astrud Gilberto",1968-01-01,161586,27,false,1130795251,2023-06-30T12:29:09Z,"bossa nova,brazilian jazz,latin jazz,vocal jazz,adult standards","Verve Reissues",0.445,0.302,0,-16.85,1,0.035,0.818,0.0000073,0.101,0.744,160.707,4
spotify:track:46HODzhEG5vIYBwHMCyxz7,"Meu Samba - Nicola Conte's Bossa Ahead Mix","Meu Samba","Eli Goularte",1997-11-24,245058,2,false,1130795251,2023-06-30T20:31:38Z,"nu jazz,jazz funk","Unique Records",0.619,0.837,4,-8.321,0,0.0362,0.275,0.56,0.224,0.881,119.759,4
spotify:track:7lFWRi9boQe63eZDkoDTWf,"Amazonas","Talkin' Verve: Walter Wanderley","Walter Wanderley",1998-05-19,139800,32,false,1130795251,2023-07-06T07:08:00Z,"bossa nova,brazilian jazz,exotica,latin jazz","Verve Reissues",0.656,0.641,9,-15.251,0,0.0872,0.836,0.108,0.116,0.339,87.599,4
spotify:track:2LOl4RHtUa4KDiTw7Esh23,"Deixa Nao Deixa","Wanted Bossa Nova: From Diggers to Music Lovers","Rosa Maria",2018-09-21,153510,21,false,1130795251,2023-07-14T14:55:32Z,"fado","Wagram Music",0.618,0.797,0,-13.251,1,0.131,0.29,0.00000204,0.09,0.864,113.944,4
spotify:track:3ZAVO6sA57LaCE01PgYA81,"Nascí Para Bailar","Nascí Para Bailar","Nara Leão",1982-07-05,197360,30,false,1130795251,2023-07-20T09:14:51Z,"bossa nova,mpb,brazilian jazz","Universal Music Ltda.",0.804,0.735,1,-9.914,1,0.039,0.674,0.0403,0.126,0.967,123.77,4
spotify:track:5JuWx9sV8TbtIMhiiPVbnz,"Qualquer Coisa","Qualquer Coisa","Caetano Veloso",1975-01-01,194800,49,false,1130795251,2023-07-20T09:36:11Z,"mpb,bossa nova,samba","Universal Music Ltda.",0.661,0.191,2,-15.779,1,0.0503,0.588,0,0.24,0.586,111.353,4
spotify:track:1ttoKT0Zm2ddzXNgKJAKGJ,"Minha saudade","Ritmo da Bossa (1959)","Conjunto Bossa Nova",2016-06-21,185678,0,false,1130795251,2023-07-20T09:40:20Z,"bossa nova","Phorminx",0.494,0.31,7,-19.872,1,0.0365,0.831,0.457,0.657,0.835,107.649,4
spotify:track:6sr0LaeuwEJwUTulGxqTG6,"Todo É Moda","Sebastião Tapajos & Pedro Dos Santos","Sebastiao Tapajós;Pedro Dos Santos",1972-03-03,133053,12,false,1130795251,2023-07-27T07:56:49Z,"brazilian jazz,bossa nova","RP music - Radoszynski Producciones S.A.",0.776,0.684,1,-12.886,1,0.058,0.213,0.305,0.115,0.962,115.254,4
spotify:track:3KykIAinDP4BSBiETOiQPl,"Okik Ryas","First Light","Alvorada",2019-05-01,237173,1,false,1130795251,2023-08-10T08:07:21Z,"brazilian jazz,traditional music","Alvorada",0.688,0.489,7,-11.793,1,0.0554,0.808,0.767,0.101,0.967,92.524,4
spotify:track:1mQ3ryvTBSWeEMkH0Ul4gK,"Calibre","Lô Borges","Lô Borges",1972-01-01,89333,43,false,1130795251,2023-08-16T09:51:38Z,"mpb,brazilian jazz","EMI Brazil",0.583,0.418,1,-13.84,0,0.0296,0.797,0.96,0.103,0.695,122.853,4
spotify:track:6fmVkkfQMJFeLAzoeYmzDP,"Escravos de Jo","Soul Jazz Records Presents Brazil USA 70: Brazilian Music in the USA in the 1970s","Dom Um Romao",1973,244653,4,false,1130795251,2023-08-31T15:24:18Z,"brazilian jazz,bossa nova,latin jazz","Soul Jazz Records",0.341,0.652,5,-9.129,0,0.035,0.15,0.0118,0.128,0.594,115.585,4
spotify:track:7IFwTykJguQpyDoAu9hj5a,"De alegria raiou o dia","Pra que vou recordar","Carlos Dafé",1977-01-01,218293,29,false,1130795251,2023-08-31T15:25:10Z,"brazilian jazz","WM Brazil",0.581,0.861,4,-6.671,0,0.144,0.0484,0,0.0423,0.705,103.652,4
spotify:track:3kNwvdnlD4Pd5JWxsa9rp8,"Maria Moita","Bossa Nova, Vol. 2","Marilia Medalha",2013-01-18,87920,11,false,1130795251,2023-09-02T15:19:40Z,"bossa nova,mpb,brazilian jazz,samba","World Music Group",0.523,0.628,6,-7.448,1,0.145,0.731,0.0000086,0.387,0.624,98.494,4
spotify:track:53UIagmAb73UJoT3mBESbq,"Decisão (Amor de Carnaval)","Retirante, Vol. 1","Gilberto Gil",1962,180226,0,false,1130795251,2023-09-12T11:27:37Z,"mpb,bossa nova,forró tradicional,samba","Gege Produções Artísticas",0.604,0.445,2,-12.085,1,0.161,0.963,0.00543,0.3,0.525,108.838,4
spotify:track:5Q1Ubxx2c86hEz3HYi9PZ0,"Copa Sete No Samba","Mr Bongo Record Club, Vol. 6","Copa 7",2023-07-28,177811,8,false,1130795251,2023-09-18T11:31:31Z,"samba,pagode baiano,brazilian jazz","Mr Bongo",0.848,0.949,10,-6.892,0,0.0994,0.6,0.223,0.126,0.845,106.184,4
spotify:track:6zCBHAEyGneoZNe0nOUrOk,"Dó a dó","Dó a dó","Dora Morelenbaum",2020-10-15,214973,0,false,1130795251,2023-09-24T19:10:54Z,"new mpb","Alá Comunicação e Cultura",0.221,0.216,1,-13.248,0,0.0352,0.803,0.0192,0.101,0.204,177.131,3
spotify:track:4jJv4MsLPXJjfc8LtcVy8a,"Ela Partiu","World Psychedelic Classics 4: Nobody Can Live Forever: The Existential Soul of Tim Maia","Tim Maia",2012-01-01,255600,40,false,1130795251,2023-09-27T08:55:37Z,"mpb","Luaka Bop",0.58,0.617,2,-7.586,0,0.0458,0.444,0.00000431,0.143,0.718,80.44,4
spotify:track:0P4UAwHJIhfsWSnX2Q7OPf,"Maré Mansa","As Ganhadeiras de Itapuã","As Ganhadeiras de Itapuã",2014-12-09,392946,23,false,1130795251,2023-09-27T13:45:03Z,"axé","Coaxo do Sapo",0.503,0.495,4,-8.786,0,0.0309,0.338,0.0052,0.865,0.677,159.956,4
spotify:track:7K1J0EzJSpCREJU2G08JR4,"Morre O Burro, Fica O Homem","Wanted Bossa Nova: From Diggers to Music Lovers","Osmar Milito",2018-09-21,148969,11,false,1130795251,2023-10-03T12:55:01Z,"brazilian jazz","Wagram Music",0.461,0.714,10,-12.854,1,0.134,0.725,0.0000224,0.582,0.864,103.104,4
spotify:track:7kRQOpRTr0BgyPFoOXt4eJ,"A Luz Que Brilha Meu Viver","With Love, Vol. 2 (Compiled by miche)","Banda 22",2023-10-06,190973,5,false,1130795251,2023-10-11T08:20:04Z,"","Mr Bongo",0.579,0.736,10,-10.345,0,0.0771,0.229,0.00000969,0.245,0.619,109.486,4
spotify:track:4y5WrGUm0ZUK6JV5d6HugB,"Mistério Brilhante","With Love, Vol. 2 (Compiled by miche)","Zé Da Lata",2023-10-06,203920,4,false,1130795251,2023-10-11T15:18:24Z,"","Mr Bongo",0.513,0.675,0,-9.607,1,0.0723,0.0431,0.0000188,0.0221,0.786,105.336,4
spotify:track:4JMz5D6sRFxDe1KOioznyt,"Hei Você","Ivan Lins...Agora","Ivan Lins",1970-01-01,155533,8,false,1130795251,2024-01-04T11:59:16Z,"mpb,samba,latin jazz,brazilian jazz,bossa nova","Universal Music Ltda.",0.438,0.811,0,-10.541,1,0.0937,0.264,0.00551,0.131,0.839,116.231,4
spotify:track:5PlknbMbgjog91CWGfFMSd,"Ilumina","Morango do Nordeste","Walter De Afogados",2018-04-16,212186,28,false,1130795251,2024-01-08T14:14:54Z,"brega","Polydisc",0.754,0.704,0,-9.625,1,0.112,0.339,0,0.14,0.802,127.297,4
spotify:track:6UBrFOga9gz2xo39oEb4oQ,"Agora ou Nunca Mais","Ninguém Vai Me Segurar","Ana Mazzotti",1974-09-13,179290,44,false,1130795251,2024-01-18T17:35:10Z,"brazilian jazz,bossa nova","Far Out Recordings",0.562,0.817,9,-10.942,0,0.052,0.359,0.0136,0.106,0.948,115.599,4
spotify:track:0akidbWT4c9qswio1sFqHS,"Aquelas Coisas Todas","Horizonte Aberto","Sérgio Mendes",1979-01-01,233666,19,false,1130795251,2024-01-23T14:51:24Z,"brazilian jazz,bossa nova,samba","Som Livre",0.536,0.73,0,-10.835,1,0.043,0.0916,0.763,0.145,0.637,101.092,4
spotify:track:70iH55TW2G6tt1IhP7n1BO,"Clã Samba","Colin Curtis presents Jazz Dance Fusion Volume 4","JuJu",2024-03-01,305124,3,false,1130795251,2024-03-01T15:37:21Z,"free jazz","Z Records",0.581,0.721,4,-11.225,1,0.0509,0.642,0.885,0.133,0.761,126.867,4
spotify:track:0MEQNyNQA8huagTIfAnqGC,"Grão de Areia","AS PALAVRAS, VOL. 1 & 2","Rubel;Xande de Pilares",2023-03-03,223765,12,false,1130795251,2024-03-04T11:46:29Z,"new mpb,mpb,samba,pagode","Dorileo e Coala Records",0.738,0.583,1,-9.251,1,0.0501,0.805,0.00122,0.283,0.54,134.122,4
spotify:track:1LeUdD6WhGEfu2Nk15AeWF,"Tema de nos Tres","Greatest Hits, Vol. 1","Jorge Autuori Trio",1967,121506,1,false,1130795251,2024-03-04T15:48:35Z,"brazilian jazz,latin jazz","Mr Bongo",0.552,0.882,1,-10.083,1,0.0341,0.22,0.975,0.0804,0.96,135.712,4
spotify:track:4CyYGPA7YTlZgiC9VhyDvc,"Não Muda Não","Joyce","Joyce Moreno",1968-01-08,147000,20,false,1130795251,2024-03-12T13:57:30Z,"bossa nova,brazilian jazz,mpb","Universal Music Ltda.",0.578,0.446,9,-7.809,1,0.0692,0.804,0,0.15,0.673,77.81,4
spotify:track:6kbq7yE8CbAqWkP1opSd7v,"Nereci","Djavan","Djavan;Marizinha",1978-01-08,199800,48,false,1130795251,2024-03-20T18:44:32Z,"mpb","Universal Music Ltda.",0.684,0.578,0,-12.839,1,0.096,0.226,0,0.246,0.815,99.934,4
spotify:track:7ED2864nexnRieEPm5nnjI,"Bobeira","Brazilian Beats 5 (Mr. Bongo presents)","Edson Frederico",2005-05-23,189573,0,false,1130795251,2024-03-27T16:51:18Z,"brazilian jazz","Mr Bongo",0.729,0.922,9,-8.59,1,0.068,0.0437,0.282,0.0688,0.713,105.06,4
spotify:track:5AZcUaCEXjaIv4sGwy3HuA,"Flor De Maracujá","A Arte De Gal Costa","Gal Costa",2015-10-30,177266,26,false,1130795251,2024-04-14T11:53:25Z,"mpb,bossa nova,brazilian jazz","Universal Music Ltda.",0.682,0.786,7,-9.09,1,0.0333,0.32,0.0121,0.222,0.946,122.483,4
spotify:track:0zYEXdzd3hUPguYf2oFC8d,"Coluna do Meio","Zeca Do Trombone & Roberto Sax","Zeca Do Trombone;Roberto Sax",2023-01-18,174543,24,false,1130795251,2024-04-23T21:17:52Z,"samba,brazilian jazz","Mad About Records",0.574,0.523,4,-14.962,0,0.051,0.247,0.0135,0.0849,0.859,114.22,4
spotify:track:6QFy8lfzC8qP0sMG14daTZ,"Samba Maneiro","Mr Bongo Record Club, Vol. 2","Rosa Maria",2017-11-03,173826,30,false,1130795251,2024-04-23T21:21:25Z,"brazilian jazz,fado","Mr Bongo",0.733,0.805,2,-6.975,1,0.334,0.624,0,0.24,0.962,102.702,4
spotify:track:3P6tp78NKjhldcTAdKlEKs,"Katarina, Katarina","Bem-Vinda Amizade","Jorge Ben Jor",1981,244440,40,false,1130795251,2024-04-30T09:59:48Z,"mpb,bossa nova,samba,brazilian jazz","Som Livre",0.773,0.547,9,-13.586,1,0.0771,0.218,0.00000177,0.0604,0.94,71.98,4
spotify:track:5skhB8zoxARM2DCAcGImyb,"Vou Tirar Você Daqui","Bartô Galeno","Bartô Galeno",1977-05-18,171840,23,false,1130795251,2024-05-12T08:46:54Z,"brega,seresta","Tapecar",0.329,0.687,4,-9.983,1,0.314,0.643,0.000284,0.117,0.781,202.366,4
spotify:track:3H898G8Xqt7Isxz4P3Jpk6,"Nada Sei de Preconceito","Não Faça Drama","Djalma Dias",1974-03-09,160480,14,false,1130795251,2024-05-29T21:28:48Z,"samba","Som Livre",0.667,0.678,0,-10.917,1,0.0765,0.898,0.000095,0.12,0.778,92.809,4
spotify:track:25sGrQ1oHclwiHUzP4jBZf,"Figa de Guiné","O Semideus","Ana Maria;Maurício",1974-09-14,129759,10,false,1130795251,2024-06-09T20:35:00Z,"fado,brazilian jazz","Som Livre",0.499,0.788,9,-8.01,0,0.0582,0.525,0,0.343,0.661,103.131,4
spotify:track:5RyJFn9cUp8afe3XxhJsTx,"Aruê Pan","Aruê Pan / Samba do Ficar","Inema Trio",1970-06-29,147466,6,false,1130795251,2024-06-09T20:35:32Z,"","Som Livre",0.69,0.661,1,-12.428,1,0.155,0.36,0,0.348,0.888,115.174,4
spotify:track:4eoGXIAguewVobC103RGi4,"Quer Queira, Quer Não Queira","Racional (Vol 2)","Tim Maia",1976-03-15,289333,0,false,1130795251,2024-07-04T07:30:04Z,"mpb","Vitória Regia Discos Ltda",0.668,0.893,7,-4.92,1,0.0533,0.165,0.0000739,0.284,0.921,103.979,4
spotify:track:3VjblwH6qphGW2bh0PuOmm,"Olhares Sem Destino","Box Zé Ramalho","Zé Ramalho",1998,214133,12,false,1130795251,2024-07-16T08:58:40Z,"mpb,forró tradicional,sertanejo tradicional,forró","Columbia",0.71,0.849,6,-7.356,0,0.0636,0.297,0,0.222,0.857,102.439,4
spotify:track:3rz9BVnO6DdAVlqZ4nY9bF,"Nunca Mais","O Filho de José e Maria","Odair Jose",1977-06-09,168946,37,false,1130795251,2024-07-23T13:56:18Z,"brega,seresta","Sony Music Entertainment",0.62,0.536,9,-8.698,0,0.0337,0.339,0,0.0961,0.546,99.366,4
spotify:track:4k6UjHhVqWXiDQSeKrtwHH,"Do Feitio de Um Bamba","DO FEITIO DE UM BAMBA - 1978","GRUPO NOSSO SAMBA",2023-05-30,165953,0,false,1130795251,2024-09-11T19:05:30Z,"samba","Ng Digital Music",0.617,0.504,5,-16.608,1,0.0586,0.571,0.00000399,0.597,0.97,86.734,4
spotify:track:7iUV3SSS7nCPZ5yVEoGbFE,"Olha O Menino - Nova Mixagem","Bicho (Nova Mixagem)","Caetano Veloso",1977-01-01,183360,32,false,1130795251,2025-01-30T13:10:38Z,"mpb,bossa nova,samba","Universal Music Ltda.",0.483,0.501,9,-8.831,0,0.0413,0.0595,0,0.213,0.77,171.907,4
spotify:track:5HLWEDao23RV0KL3vUlPsP,"Io Sono Io (Eu Sou Mais Eu)","Io Sono Io (Eu Sou Mais Eu)","Ana Mazzotti",1978-11-04,202937,4,false,1130795251,2025-02-11T14:31:24Z,"brazilian jazz,bossa nova","La Matta Records",0.747,0.849,4,-12.224,0,0.0801,0.104,0.000382,0.114,0.688,106.42,4
spotify:track:4IxPn9zyT1zCqK7X9zmJEg,"Manifesto","Filme Nacional","Marília Barbosa",1978-01-01,186666,14,false,1130795251,2025-03-11T09:10:32Z,"","Joia Moderna [dist. Tratore]",0.605,0.724,6,-7.715,0,0.0798,0.604,0.00000101,0.0723,0.873,102.011,4
spotify:track:2IrkAV3Td1hn87rhzgFIfx,"Vôo Cego","Box Marcos Valle","Marcos Valle",2011-01-01,208133,11,false,1130795251,2025-03-18T09:26:04Z,"bossa nova,brazilian jazz","EMI Brazil",0.473,0.263,4,-17.254,0,0.033,0.625,0.0126,0.222,0.389,115.571,4
spotify:track:4aUCfpSJrsvypVOzWLMw6J,"Ze bede","Sambôa","Sambôa",1983,266293,18,false,1130795251,2025-04-28T15:34:37Z,"traditional folk","Parsifal",0.727,0.835,11,-6.893,0,0.0438,0.34,0.00000594,0.322,0.764,112.032,4
spotify:track:1gqnxnvrRJZsLKdpvjfbpw,"Três Raças Tristes","Passageiro do Vento","Reginaldo Bessa",1978-01-01,194668,14,false,1130795251,2025-05-22T07:55:24Z,"bossa nova","Day End Records",0.531,0.735,11,-10.003,0,0.1,0.627,0.00228,0.218,0.886,84.178,4
spotify:track:50k05awKMHc07P9GvOELVZ,"Rei Morto, Rei Posto","Pure Brazil II - Bossa 4 Two","Edu Lobo;Joyce Moreno;Viva Voz",2005-01-05,232160,1,false,1130795251,2025-05-28T11:27:40Z,"bossa nova,brazilian jazz,mpb","Universal Music Ltda.",0.591,0.649,11,-7.112,1,0.055,0.193,0,0.128,0.469,102.267,4
spotify:track:6XqBNBCqLypx0rubKLtkcC,"A Nível De...","Comissão De Frente","João Bosco",1982-01-01,220066,49,false,1130795251,2025-05-29T20:42:23Z,"mpb,samba,bossa nova,brazilian jazz","Universal Music Ltda.",0.632,0.376,4,-11.302,0,0.044,0.527,0.0000511,0.102,0.741,95.231,4
spotify:track:0gwnkycKNT7PdpXccs0OXk,"Sob o Mar","Jaime e Nair","Jaime e Nair",2009-10-08,251518,33,false,1130795251,2025-06-06T11:51:00Z,"brazilian jazz","CID",0.595,0.639,2,-9.955,0,0.0274,0.54,0.122,0.139,0.573,107.791,4
spotify:track:5WfsYhOLK6A5Q9NAvncEDn,"Futurível","Gilberto Gil (1969)","Gilberto Gil",1969-01-01,345040,20,false,1130795251,2025-09-17T10:16:01Z,"mpb,bossa nova,forró tradicional,samba","Gege",0.379,0.569,7,-6.639,1,0.0344,0.518,0.00204,0.112,0.146,124.705,4
spotify:track:1OXccoHAPpEfT6brTfRIwA,"Agoniza Mas Não Morre","Encanto da Paisagem","Nelson Sargento;Beth Carvalho",2020-02-14,130042,36,false,1130795251,2025-09-18T12:33:48Z,"samba,pagode,mpb","Kuarup Music",0.631,0.59,2,-11.09,1,0.0386,0.178,0,0.299,0.888,110.34,4
spotify:track:5bZRApGzu9KMDEcvb9VKKU,"Chuva","José Roberto Trio","José Roberto Trio;Jose Roberto Bertrami",1966,185606,1,false,1130795251,2025-09-24T09:58:23Z,"brazilian jazz,latin jazz,bossa nova","Far Out Recordings",0.485,0.233,0,-18.963,1,0.0332,0.812,0.746,0.241,0.251,101.765,4
spotify:track:0ySVp2YTLnS8NIFrkMDGHx,"Por Nossa Senhora","Antonio Carlos & Jocafi","Antonio Carlos & Jocafi",1973,185333,20,false,1130795251,2025-10-19T11:36:00Z,"samba,new mpb","Sony Music Entertainment",0.665,0.744,7,-7.257,0,0.0793,0.615,0.00022,0.11,0.937,146.024,4
spotify:track:1B2exkCzK287G4MEI7av5k,"Tamanqueiro","Tamanqueiro","Elizio de Buzios",1980-03-03,218713,38,false,1130795251,2025-11-13T22:37:41Z,"","Universal Music Ltda.",0.779,0.775,10,-10.105,0,0.0524,0.0929,0,0.0947,0.889,108.334,4
spotify:track:66g6PxakHwdVfYHbclKqck,"Samba Da Dona Odete","The Afro Brazilian Experience","Katia Drumond & Ricardo Verocai com MUV",2012-09-30,246226,9,false,1130795251,2025-12-10T16:09:29Z,"","Sounds from Brazil",0.769,0.619,2,-6.677,0,0.0628,0.72,0.0000393,0.0978,0.897,98.001,4
spotify:track:5R43tAl5G6Vxm2dXZmCtDd,"Laíla de Todos os Santos, Laíla de Todos os Sambas","Sambas de Enredo Rio Carnaval 2025","Rio Carnaval;Beija-Flor de Nilópolis;Neguinho Da Beija Flor",2024-11-29,367919,43,false,1130795251,2026-01-05T09:06:18Z,"samba,pagode","Rio Carnaval - Edimusa",0.697,0.63,5,-7.059,1,0.0595,0.298,0,0.333,0.793,142.99,4
spotify:track:7eqz6i3FYUBYxperkaRS2R,"Samba della rosa","La voglia la pazzia l'incoscienza l'allegria","Ornella Vanoni;Toquinho;Vinícius de Moraes",1976-10-25,180800,45,false,1130795251,2026-02-06T14:45:27Z,"italian singer-songwriter,italo disco,bossa nova,mpb,brazilian jazz,samba","NAR International",0.473,0.527,0,-15.564,1,0.0358,0.668,0.58,0.0892,0.683,100.976,4
spotify:track:14fNq8TDtd2buBcWpVt3NG,"Emoriô","Emoriô / Naturalmente","Fafá de Belém",1975-01-05,162548,38,false,1130795251,2026-02-21T23:13:57Z,"mpb,sertanejo tradicional,brega","Universal Music Ltda.",0.628,0.56,2,-9.165,1,0.0509,0.32,0.000509,0.0641,0.926,105.795,4
