Track URI,Track Name,Album Name,Artist Name(s),Release Date,Duration (ms),Popularity,Explicit,Added By,Added At,Genres,Record Label,Danceability,Energy,Key,Loudness,Mode,Speechiness,Acousticness,Instrumentalness,Liveness,Valence,Tempo,Time Signature
spotify:track:7b2q21WVk5VaWpocjM2mlE,"Juan Pablo","Juan Pablo: The Philosopher","Ezra Collective",2017-10-06,302013,0,false,1130795251,2018-03-09T22:40:54Z,"jazz rap,indie soul,nu jazz","Enter The Jungle Records",0.573,0.761,10,-7.747,0,0.0667,0.733,0.819,0.0816,0.586,126.932,4
spotify:track:4EDLy4dledyxYhnTGSS0lW,"Lost Kingdoms","Nubya's 5ive","Nubya Garcia",2017-05-09,458605,0,false,1130795251,2018-03-09T22:41:34Z,"nu jazz,jazz,jazz funk,indie jazz","Jazz Re:freshed",0.432,0.467,11,-10.385,0,0.118,0.0843,0.837,0.0672,0.473,81.444,4
spotify:track:6cJcY66GSVht7tGygSRgz1,"Yeh Yeh","First Takes","Ben Hauke;Nubya Garcia",2018-01-19,334971,0,false,1130795251,2018-03-09T22:41:53Z,"jazz house,lo-fi house,nu jazz,jazz,jazz funk,indie jazz","Woop Records",0.786,0.309,1,-12.416,1,0.326,0.771,0.000189,0.11,0.39,115.014,4
spotify:track:1VB1kfYTbY7vNGy6lWGCIw,"Ashiko","Early Hugh Masekela","Hugh Masekela",2011-01-01,579265,0,false,1130795251,2018-03-09T22:42:08Z,"afro soul,afrobeat","Lignum Vitae Records",0.692,0.931,5,-6.339,1,0.036,0.0371,0.477,0.374,0.822,121.21,4
spotify:track:6dTtt1ytDLLwPaYVXbDyXy,"Pure Shade","We out Here","Ezra Collective",2018-02-09,393546,0,false,1130795251,2018-03-09T22:42:22Z,"jazz rap,indie soul,nu jazz","Brownswood Recordings",0.472,0.419,3,-11.506,0,0.0462,0.233,0.871,0.0843,0.541,136.671,4
spotify:track:0b8CIYRxsJUGcSlNynOtdn,"Abusey Junction","Abusey Junction","Kokoroko",2018-01-10,429093,0,false,1130795251,2018-03-09T22:42:25Z,"","Brownswood Recordings",0.716,0.348,8,-11.86,0,0.0568,0.852,0.937,0.112,0.376,83.308,4
spotify:track:6yV07yVfbB7Gb15o2MqG8q,"Truth","Truth","Kamasi Washington",2017-04-13,810322,0,false,1130795251,2018-03-09T22:44:06Z,"jazz","Young Turks Recordings",0.309,0.838,2,-8.134,1,0.132,0.0851,0.63,0.143,0.391,115.26,4
spotify:track:4xw8UnKYxsiRFjigtQcVAL,"Change of the Guard","The Epic","Kamasi Washington",2015-05-11,735960,36,false,1130795251,2018-03-09T22:44:45Z,"jazz","Brainfeeder",0.293,0.766,9,-8.86,0,0.0668,0.111,0.864,0.101,0.369,117.303,4
spotify:track:3t4DPlzLD3gRia6LjQhwSR,"The Rhythm Changes","The Epic","Kamasi Washington",2015-05-11,464760,36,false,1130795251,2018-03-09T22:44:52Z,"jazz","Brainfeeder",0.544,0.701,10,-10.553,1,0.103,0.292,0.0233,0.312,0.386,89.837,4
spotify:track:6dZojGTd9QNpAulk8WUoeW,"Miss Understanding","The Epic","Kamasi Washington",2015-05-11,526266,28,false,1130795251,2018-03-09T22:45:06Z,"jazz","Brainfeeder",0.312,0.767,5,-7.514,0,0.157,0.0829,0.841,0.04,0.553,80.581,4
spotify:track:23eAha5FzJ56hVF7YzUDsl,"Strugglesville","The Optimist","Ryan Porter",2018-02-23,370623,0,false,1130795251,2018-03-09T22:46:12Z,"indie jazz,jazz","World Galaxy / Alpha Pup Records",0.355,0.578,10,-10.966,0,0.0792,0.00581,0.782,0.172,0.483,92.773,4
spotify:track:0q4SJUYOp0Er9fvREdDyDv,"Enlightenment","Sound Sun Pleasure","Sun Ra",1959,305439,34,false,1130795251,2018-03-09T22:47:53Z,"free jazz,experimental jazz,jazz,avant-garde,hard bop","Enterplanetary Koncepts",0.501,0.303,9,-10.722,0,0.0367,0.734,0.000123,0.139,0.537,130.031,4
spotify:track:6ZgaUtMlUzUf7SqbUUnfbu,"Blue Train - Remastered 2003/Rudy Van Gelder Edition","Blue Train (Expanded Edition)","John Coltrane",1958,644013,46,false,1130795251,2018-03-09T22:50:08Z,"jazz,hard bop,free jazz,bebop,jazz ballads,cool jazz","Blue Note Records",0.506,0.493,8,-7.759,1,0.0427,0.798,0.00355,0.307,0.584,134.77,4
spotify:track:489alJQIWUauqzKTMuXRjm,"Cool Out","Hutson","Leroy Hutson",2017-06-30,179293,0,false,1130795251,2018-03-09T22:50:15Z,"","Acid Jazz",0.453,0.367,2,-16.245,0,0.0343,0.0708,0.00183,0.1,0.127,140.832,3
spotify:track:3INjGuysxsRjLSmZKtS3lq,"Rye Lane Shuffle","Rye Lane Shuffle","Moses Boyd",2016-04-29,266226,16,false,1130795251,2018-03-09T22:57:50Z,"nu jazz,indie jazz,jazz","Exodus Records",0.44,0.906,0,-7.564,0,0.0507,0.298,0.913,0.0941,0.901,134.345,4
spotify:track:374BthVYsnk6lt5MsXlYcv,"When We Are","When We Are","Nubya Garcia",2018-03-08,399039,0,false,1130795251,2018-03-09T22:59:04Z,"nu jazz,jazz,jazz funk,indie jazz","Nyasha Records",0.513,0.701,1,-10.433,1,0.0701,0.0604,0.819,0.122,0.185,142.353,4
spotify:track:7LHwkeAwwXWWMIsPQEBLlx,"Source","When We Are","Nubya Garcia",2018-03-08,531880,0,false,1130795251,2018-03-09T22:59:04Z,"nu jazz,jazz,jazz funk,indie jazz","Nyasha Records",0.466,0.693,5,-9.249,0,0.049,0.459,0.804,0.256,0.448,139.437,4
spotify:track:0ovlyzA0BNlNTH9ZD4F9JJ,"St. Anne's","Ashley Henry's 5ive","Ashley Henry",2017-03-07,412000,0,false,1130795251,2018-03-09T23:02:34Z,"nu jazz,indie jazz,jazz","Jazz Re:freshed",0.498,0.298,0,-17.224,1,0.0331,0.796,0.869,0.255,0.308,114.282,4
spotify:track:51ELlXrQLFkwXoGTYPkXwu,"Easter","Easter - EP","Ashley Henry;The RE: Ensemble",2018-01-19,419906,12,false,1130795251,2018-03-09T23:05:21Z,"nu jazz,indie jazz,jazz","Sony Music CG",0.463,0.931,5,-6.457,0,0.0778,0.0367,0.0369,0.105,0.282,127.061,4
spotify:track:5BxHfyGk49gqbg5BdW6FO4,"Summer Madness","Light Of Worlds","Kool & The Gang",1974-09,257866,57,false,1130795251,2018-03-09T23:48:17Z,"disco,funk","UMC (Universal Music Catalogue)",0.303,0.332,6,-16.471,0,0.032,0.00859,0.864,0.0654,0.41,175.85,4
spotify:track:6NzOdf2JKluJVXEKjGDAMA,"Sun Goddess (feat. Ramsey Lewis)","Sun Goddess","Earth, Wind & Fire;Ramsey Lewis",1974-10-02,509524,45,false,1130795251,2018-03-09T23:49:06Z,"funk,disco,jazz funk,smooth jazz,soul jazz,northern soul,jazz","Columbia",0.543,0.932,7,-6.764,1,0.0548,0.0305,0.0000479,0.0318,0.596,93.185,4
spotify:track:0FVVCCfbSUNwM95JQK1itA,"Transition","Transition","John Coltrane",1970-07,931600,13,false,1130795251,2018-03-10T00:39:39Z,"jazz,hard bop,free jazz,bebop,jazz ballads,cool jazz","Verve Reissues",0.311,0.659,5,-9.379,1,0.0454,0.223,0,0.324,0.412,105.836,4
spotify:track:0Vaot48F85IudjfqLHBSmZ,"The World Is Yours - Ashley Henry Version","Easter - EP","Ashley Henry;The RE: Ensemble",2018-01-19,317320,26,false,1130795251,2018-03-10T11:18:56Z,"nu jazz,indie jazz,jazz","Sony Music CG",0.4,0.536,2,-9.835,1,0.0395,0.0219,0.0216,0.0911,0.475,78.571,4
spotify:track:72UAbTs7TS9ZltCdLm91xc,"Mister Magic","Mister Magic","Grover Washington, Jr.",1974,541826,0,false,1130795251,2018-03-10T11:20:35Z,"soul jazz,smooth jazz","Universal Music Group",0.734,0.641,5,-8.471,0,0.0662,0.00603,0.372,0.0602,0.868,103.813,4
spotify:track:65a0UfvZLC3awOCB9ZlmbV,"Think Twice - Original 2002 Version","Think Twice (Remixes)","The Detroit Experiment",2009-02-20,374453,0,false,1130795251,2018-03-14T15:09:06Z,"jazz house","Juno",0.739,0.76,8,-7.208,1,0.0371,0.00136,0.589,0.0678,0.268,115.107,4
spotify:track:3uMquzWFrihQnEWcsJaFWP,"The Idea","The Idea","Blue Lab Beats;Nubya Garcia;Dylan Jones;Sheldon Agwu",2017-08-11,234843,28,false,1130795251,2018-03-14T17:43:59Z,"nu jazz,indie jazz,soul jazz,jazz,jazz funk,neo soul,ambient jazz,ambient","AllPoints",0.37,0.663,6,-5.665,0,0.065,0.107,0.00475,0.0749,0.568,180.811,4
spotify:track:1TxJFqIP4GVQ8SIm4ifoA1,"Oooo Lala","Oooo Lala","Blue Lab Beats;Kaidi Akinnibi",2018-02-09,212413,6,false,1130795251,2018-03-14T17:44:43Z,"nu jazz,indie jazz,soul jazz","Blue Adventure / AllPoints",0.533,0.832,1,-5.823,0,0.319,0.0566,0.0877,0.345,0.379,81.169,4
spotify:track:6dALL4t31eznFQZk0JPN37,"Montreux Sunrise","Montreux Sunrise / Trans-Alpine Express (feat. Lord Echo)","The Elder Statesman;Lord Echo",2014-05-12,221137,0,false,1130795251,2018-03-21T13:02:17Z,"indie jazz,nu jazz,indie soul,nz reggae","Bastard Jazz Recordings",0.704,0.462,1,-11.012,0,0.0324,0.266,0.00345,0.246,0.439,91.98,4
spotify:track:5gIiRhcpVh4TdkDW2wiNdN,"Yeh-Yeh - 2002 Remastered","Flying Groove","Lambert, Hendricks & Bavan;Yolande Bavan;Jon Hendricks;Dave Lambert",2003-01-31,352000,6,false,1130795251,2018-03-21T13:48:40Z,"vocal jazz,bossa nova,jazz","RCA Bluebird",0.645,0.563,8,-9.72,1,0.098,0.332,0,0.672,0.812,88.735,4
spotify:track:64wRBTQE8ys5xvHfVebSeP,"The Psalmist","The Optimist","Ryan Porter",2018-02-23,393598,0,false,1130795251,2018-04-02T18:18:56Z,"indie jazz,jazz","World Galaxy / Alpha Pup Records",0.468,0.653,0,-9.522,1,0.108,0.243,0.003,0.165,0.598,123.192,1
spotify:track:2VHqsRIajxtscMvCKxqZkb,"Red Planet","La Sombra","Chip Wickham",2017-01-20,344500,0,false,1130795251,2018-04-02T18:26:57Z,"nu jazz,ambient jazz,jazz,soul jazz","Lovemonk",0.552,0.581,0,-9.623,1,0.0263,0.597,0.902,0.121,0.509,104.978,3
spotify:track:3OzFq5rnNeXtu4VCOBPToz,"Cherry Blossom","Fletcher Moss Park","Matthew Halsall",2012-10-15,441458,0,false,1130795251,2018-04-08T15:20:42Z,"ambient jazz,jazz,nu jazz,indie jazz","Gondwana Records",0.292,0.248,11,-13.218,0,0.0419,0.885,0.848,0.116,0.143,50.061,4
spotify:track:23um8NMGWT4CLKam5H9TBx,"Music for a Dancing Mind","On The Go (Special Edition)","Matthew Halsall",2011-10-18,533781,0,false,1130795251,2018-04-08T15:21:59Z,"ambient jazz,jazz,nu jazz,indie jazz","Gondwana Records",0.489,0.485,2,-11.09,0,0.0287,0.305,0.905,0.111,0.315,100.391,3
spotify:track:4vyuHvEqb3Hecylk3Qtkk5,"Peace Begins Within","Peace Begins Within","Zara McFarlane",2017-10-27,249341,0,false,1130795251,2018-04-08T15:24:40Z,"indie jazz,vocal jazz","Brownswood Recordings",0.575,0.584,1,-11.175,1,0.0328,0.486,0.249,0.161,0.569,104.174,4
spotify:track:5wt62HFSYWz87H5dztBufJ,"Piña Colada","Xover","Blue Lab Beats;Nubya Garcia;Richie Seivwright",2018-03-30,239373,31,false,1130795251,2018-04-08T15:25:59Z,"nu jazz,indie jazz,soul jazz,jazz,jazz funk","Blue Adventure / AllPoints",0.751,0.458,7,-10.265,1,0.0805,0.0922,0.891,0.121,0.43,101.003,4
spotify:track:63h35D65fZQqkZubAc5g1r,"Blue Skies","Xover","Blue Lab Beats;Ashley Henry;Piers Haynes;Daniel Casimir;William Francis;Shelia M. Maurice-Grey",2018-03-30,343560,15,false,1130795251,2018-04-08T15:26:43Z,"nu jazz,indie jazz,soul jazz,jazz,malayalam pop,mollywood","Blue Adventure / AllPoints",0.842,0.854,7,-3.94,0,0.054,0.0118,0.778,0.113,0.365,95.541,4
spotify:track:7L7CYIcuAcDh8D0jYWn09s,"Boards and Skins","Deep in the Mudd","Henry Wu",2017-02-27,185881,0,false,1130795251,2018-04-08T16:17:24Z,"nu jazz","Eglo Records",0.442,0.654,1,-8.659,1,0.0308,0.029,0.000574,0.392,0.27,124.229,4
spotify:track:7fr3vjsYO1GuA75vNZ8RKE,"Once","We out Here","Nubya Garcia",2018-02-09,329800,0,false,1130795251,2018-04-09T14:22:19Z,"nu jazz,jazz,jazz funk,indie jazz","Brownswood Recordings",0.473,0.498,1,-13.486,1,0.0643,0.129,0.894,0.0839,0.528,137.539,4
spotify:track:7g8KBX70q8F0y3DqkReyAL,"California Love - Edit","California Love","Sly5thAve;Cory Henry",2018-02-23,208771,0,false,1130795251,2018-04-10T16:01:26Z,"indie jazz,nu jazz,retro soul,Christian jazz,jazz fusion","Tru Thoughts",0.646,0.674,7,-8.126,0,0.0341,0.071,0.33,0.151,0.633,91.991,4
spotify:track:1Etl6q0mmPV60TtOCD0uch,"Fists of Fury","Fists of Fury","Kamasi Washington",2018-04-10,583174,0,false,1130795251,2018-04-13T10:13:55Z,"jazz","Young Turks Recordings",0.4,0.889,3,-8.315,0,0.1,0.284,0.78,0.0885,0.553,103.528,4
spotify:track:6kI9Yt9E4fgx3wnKuEVi6Z,"Idiom","Idiom","Joe Armon-Jones;Maxwell Owin;Oscar Jerome",2017-09-08,276317,0,false,1130795251,2018-04-13T10:27:02Z,"nu jazz,indie jazz,soul jazz,jazz house,indie soul","YAM Recordings",0.548,0.475,4,-12.397,0,0.0482,0.349,0.913,0.278,0.415,114.002,4
spotify:track:7soaJ4bb5VzmPO98G4zjMN,"Keep On","Antiphon","Alfa Mist",2017-03-03,647000,0,false,1130795251,2018-04-13T10:28:45Z,"nu jazz,jazz rap,indie jazz,jazz fusion,jazz","Alfa Mist",0.611,0.328,1,-13.392,0,0.047,0.119,0.786,0.104,0.471,103.343,4
spotify:track:3Ub0ICod7PVvGlx2SNSEzq,"Fly Free","Nubya's 5ive","Nubya Garcia",2017-05-09,581779,0,false,1130795251,2018-04-13T10:47:00Z,"nu jazz,jazz,jazz funk,indie jazz","Jazz Re:freshed",0.425,0.38,10,-14.311,0,0.0488,0.246,0.902,0.0822,0.328,124.263,4
spotify:track:4SDbS863ApOHFH6iNz3Ds3,"IV","IV","BADBADNOTGOOD",2016-07-08,419247,0,false,1130795251,2018-04-13T10:50:27Z,"","Innovative Leisure",0.416,0.611,11,-7.447,1,0.0423,0.647,0.891,0.329,0.217,124.474,4
spotify:track:0vh3TFs4WUHenuW76cainA,"Satania Our Solar System","Planetary Prince","Cameron Graves",2017-02-24,522775,0,false,1130795251,2018-05-03T08:59:39Z,"jazz fusion,experimental jazz","Mack Avenue Records",0.456,0.83,10,-7.671,0,0.0434,0.248,0.747,0.133,0.529,120.082,4
spotify:track:4PWB2khkVGD2EUNvKwpUry,"Starting Today","Starting Today","Joe Armon-Jones;Asheber",2018-05-04,543760,0,false,1130795251,2018-05-10T08:48:17Z,"nu jazz,indie jazz,soul jazz","Brownswood Recordings",0.543,0.651,9,-10.748,0,0.0763,0.0377,0.00666,0.82,0.469,132.132,4
spotify:track:0QrYTOVDDIGbA3RTZe9KNo,"It's Too Late","Breakout","Johnny ""Hammond"" Smith",1971,657960,18,false,1130795251,2018-05-24T20:57:34Z,"jazz funk,soul jazz,jazz fusion,acid jazz","Epic/Legacy",0.619,0.724,7,-8.545,1,0.0306,0.211,0.131,0.095,0.87,110.001,4
spotify:track:4Mxv2NpWywFrS477J9dIuC,"Untitled Original 11383","Untitled Original 11383","John Coltrane",2018-06-08,341213,0,false,1130795251,2018-06-20T21:07:00Z,"jazz,hard bop,free jazz,bebop,jazz ballads,cool jazz","Verve Label Group",0.456,0.369,8,-14.078,1,0.0401,0.71,0.0000019,0.296,0.613,111.717,4
spotify:track:1EWPMNHfdVNJwBpG9BcxXB,"Blue Horizon","Jazz Classics","Sidney Bechet",1993-01-01,264933,32,false,1130795251,2018-06-25T17:24:56Z,"jazz,swing music,ragtime","Jazz",0.327,0.372,3,-13.696,1,0.0542,0.865,0.835,0.153,0.38,66.036,4
spotify:track:413QOyyKLF0lgAoa97Eb0g,"Into the Darkness","Kavuma","Mark Kavuma;Mussinghi Brian Edwards;Ruben Fox;Reuben James;Conor Chaplin;Kyle Poole",2018-06-15,413160,0,false,1130795251,2018-07-23T13:05:18Z,"jazz ballads,jazz,jazz fusion","Ubuntu Music",0.467,0.669,8,-10.879,1,0.0554,0.0267,0.833,0.108,0.616,108.366,4
spotify:track:3pUZjKQq7bImJILcfoHNIk,"London's Face","Starting Today","Joe Armon-Jones;Oscar Jerome",2018-05-04,588946,0,false,1130795251,2018-09-13T13:06:06Z,"nu jazz,indie jazz,soul jazz,indie soul,jazz house","Brownswood Recordings",0.394,0.59,8,-10.678,0,0.0857,0.153,0.123,0.0953,0.529,101.481,4
spotify:track:2WdigsuSZiQxbRtWxPKWrs,"Axis Blue","Displaced Diaspora","Moses Boyd",2018-09-28,310760,18,false,1130795251,2018-10-11T11:07:03Z,"nu jazz,indie jazz,jazz","Exodus Records",0.633,0.437,1,-9.172,1,0.0423,0.592,0.858,0.375,0.237,98.658,4
spotify:track:3zUFnOiLMm6DOgjUzI0za1,"Osiris","There Is a Place","Maisha",2018-11-09,709346,0,false,1130795251,2018-11-13T17:06:45Z,"nu jazz,ambient jazz,experimental jazz","Brownswood Recordings",0.435,0.729,11,-11.231,0,0.0847,0.503,0.813,0.111,0.383,119.839,4
spotify:track:5rvu1PDJac6FQvast5ggKh,"Mariposa","Mosaic","The Expansions",2018-10-19,401750,5,false,1130795251,2018-12-07T23:25:57Z,"nu jazz,indie jazz","Albert's Favourites",0.434,0.76,8,-7.693,0,0.0413,0.00252,0.698,0.121,0.402,131.236,4
spotify:track:3uiWoSzIrftIjYzfffqPvU,"Eleven Grapes","Eleven Grapes / One Mo' Dram","Ruby Rushton",2019-02-22,284488,0,false,1130795251,2019-03-01T15:15:44Z,"nu jazz,indie jazz,jazz","22a Music",0.458,0.53,0,-7.166,1,0.0386,0.133,0.508,0.137,0.414,99.262,4
spotify:track:3e27LKDCPU5EJSmdrlIKT6,"SV Interlude","The Shakedown","Tenderlonious",2018-06-15,177869,0,false,1130795251,2019-03-01T15:26:03Z,"nu jazz,jazz funk,indie jazz","22a Music",0.456,0.611,10,-14.549,0,0.0739,0.56,0.908,0.0992,0.132,96.094,4
spotify:track:1Y1SQCIXNZjwQO1Uo3u0C7,"Moonlight Woman","Trudi's Songbook, Vol. 1","Ruby Rushton",2017-05-19,544512,0,false,1130795251,2019-03-01T15:26:44Z,"nu jazz,indie jazz,jazz","22a",0.614,0.241,7,-16.523,1,0.0711,0.696,0.846,0.182,0.634,93.312,4
spotify:track:4oAYFNmplIBRhm4QBMaNF5,"Uman","Uman","Kokoroko",2019-01-07,312266,0,false,1130795251,2019-03-04T12:20:57Z,"","Brownswood Recordings",0.687,0.616,7,-9.905,0,0.066,0.135,0.862,0.249,0.0657,123.137,4
spotify:track:5dkjMBUcskwXqew5Wctf9P,"Bradbury Street","Infection in the Sentence","Sarah Tandy",2019-03-08,384946,6,false,1130795251,2019-03-14T16:03:23Z,"nu jazz,jazz","Jazz re:freshed",0.475,0.464,11,-10.277,0,0.0618,0.00371,0.83,0.071,0.513,110.078,4
spotify:track:1Ac46UKyCsVuuE00zOjOG3,"Pinkham V","NÉRIJA EP","Nérija;Nubya Garcia;Shirley Tetteh;Cassie Kinoshi;Sheila Maurice-Grey;Rosie Turton",2016-09-30,325337,12,false,1130795251,2019-03-17T15:22:11Z,"nu jazz,jazz,indie jazz,jazz funk","Domino Recording Co",0.477,0.572,0,-7.673,1,0.0488,0.131,0.747,0.106,0.396,132.465,4
spotify:track:4O6lNi3vOg0pHfXEC4qIEf,"Return of the Hero","Ironside","Ruby Rushton",2019-04-05,492703,0,false,1130795251,2019-04-05T12:40:53Z,"nu jazz,indie jazz,jazz","22a Music",0.38,0.623,4,-8.431,0,0.0929,0.0809,0.423,0.104,0.198,62.041,4
spotify:track:6XlUozbeccFRvIZbxZjNkq,"Ceora - Remastered","The Sidewinder","Lee Morgan",2015-11-04,381760,0,false,1130795251,2019-04-10T17:42:07Z,"hard bop,jazz,bebop,jazz ballads,cool jazz","U-5",0.697,0.254,5,-13.285,0,0.0419,0.944,0.875,0.093,0.35,126.365,4
spotify:track:4qRgxfH6iNLvzka1X19CSm,"Dark Honey (4TheStorm) (feat. Makaya McCraven)","Dark Honey (4TheStorm) (feat. Makaya McCraven)","Ashley Henry;Makaya McCraven",2019-04-06,348773,12,false,1130795251,2019-04-15T16:11:13Z,"nu jazz,indie jazz,jazz,experimental jazz,free jazz","Sony Classical",0.396,0.612,7,-10.851,0,0.0382,0.27,0.817,0.118,0.626,110.618,3
spotify:track:14CChaI2DSw9BrqzU0yCLV,"Dilla Mix 1","Dilla","Abstract Orchestra",2017-06-30,408260,0,false,1130795251,2019-04-26T13:58:33Z,"jazz rap","ATA Records",0.522,0.571,5,-8.314,0,0.0418,0.0249,0.334,0.0411,0.662,87.719,4
spotify:track:1q9WxzhxeDoc6oeoAS1VTs,"Mambocito Mio (12-13-54)","Complete Jazz Series 1953 - 1955","Illinois Jacquet",2009-03-30,173853,0,false,1130795251,2019-04-29T12:36:51Z,"swing music,jazz,hard bop,bebop,jazz ballads,big band","Complete Jazz Series",0.565,0.829,1,-3.624,1,0.0715,0.789,0.000529,0.154,0.922,107.862,4
spotify:track:5CEyBtMq03mmwYbRIxHciI,"Shakara","You Can't Steal My Joy","Ezra Collective;Kokoroko",2019-04-26,317360,35,false,1130795251,2019-05-02T08:23:11Z,"jazz rap,indie soul,nu jazz","Enter The Jungle",0.744,0.681,10,-9.41,0,0.109,0.07,0.842,0.104,0.918,135.288,4
spotify:track:2c9JplHZlT12VuWcId8Pqb,"Ti-de","KOKOROKO","Kokoroko",2019-03-08,372386,0,false,1130795251,2019-05-02T08:25:01Z,"","Brownswood Recordings",0.77,0.354,9,-12.028,0,0.0333,0.468,0.893,0.11,0.438,109.879,4
spotify:track:2fgjZEZ0NlwoPvUMfvVzUP,"Adwa","KOKOROKO","Kokoroko",2019-03-08,356760,0,false,1130795251,2019-05-02T08:25:09Z,"","Brownswood Recordings",0.432,0.797,9,-10.302,0,0.0482,0.0144,0.755,0.31,0.687,85.647,5
spotify:track:0unfcADFdJP2NDTXF5yhew,"Giant Steps","Love Affair","Gary Bartz",1978-05-05,362586,8,false,1130795251,2019-05-26T19:23:04Z,"jazz funk,jazz fusion,jazz","CM BLUE NOTE (A92)",0.589,0.704,6,-9.875,1,0.0399,0.239,0.605,0.0742,0.563,119.649,4
spotify:track:2FEfuxZ2lmJnRNrgsKEUdr,"Butterfly","Rosie's 5ive","Rosie Turton",2019-01-11,432000,7,false,1130795251,2019-05-26T19:24:51Z,"indie jazz,nu jazz","Jazz re:freshed",0.39,0.677,4,-9.004,0,0.0323,0.425,0.868,0.126,0.484,94.298,4
spotify:track:7LGLpb1L9DzWl7dlVA3Usf,"The Darkies","Driftglass","seed.",2019-02-08,444625,5,false,1130795251,2019-05-26T19:27:35Z,"indie jazz,nu jazz","Jazz re:freshed",0.59,0.489,0,-12.7,1,0.141,0.272,0.628,0.0844,0.309,85.342,4
spotify:track:2SpXWoSCGOb4NvIXKG6JTJ,"Afronaut (feat. XANA)","Driftglass","seed.;XANA",2019-02-08,511551,8,false,1130795251,2019-05-26T19:27:42Z,"indie jazz,nu jazz","Jazz re:freshed",0.497,0.755,5,-10.078,0,0.124,0.0279,0.132,0.061,0.673,100.745,4
spotify:track:1Gupa09fVTpeyGO3utFNFq,"Interplanetary Migration (feat. Mr Ekow)","Driftglass","seed.;Mr Ekow",2019-02-08,432000,3,false,1130795251,2019-05-26T19:28:16Z,"indie jazz,nu jazz,jazz rap","Jazz re:freshed",0.525,0.941,4,-5.186,0,0.125,0.00582,0.00768,0.664,0.683,127.199,4
spotify:track:6ovCztL3wO6XvgXJKujUsp,"One Mo' Dram","Eleven Grapes / One Mo' Dram","Ruby Rushton",2019-02-22,300755,0,false,1130795251,2019-05-26T20:04:52Z,"nu jazz,indie jazz,jazz","22a Music",0.511,0.51,9,-9.999,0,0.0325,0.152,0.682,0.0889,0.127,110.567,4
spotify:track:37O5BWTGTlzrl9OC8juyny,"Ready Yet","Ready Yet","Ben Hayes;Nubya Garcia",2019-01-30,298476,10,false,1130795251,2019-05-26T20:05:11Z,"nu jazz,jazz,jazz funk,indie jazz","R&S Records",0.607,0.52,9,-11.486,1,0.339,0.276,0.221,0.114,0.582,201.962,4
spotify:track:4u8aaCar4JfjxganuQNbvl,"Triceratops / The Caller","Triceratops / The Caller","Ruby Rushton",2019-03-15,315199,0,false,1130795251,2019-05-26T20:11:28Z,"nu jazz,indie jazz,jazz","22a Music",0.4,0.62,10,-8.517,0,0.0468,0.0846,0.482,0.0979,0.514,160.655,3
spotify:track:4CtGyc0srVZwB6Z2MFp509,"Mulago","Mulago","Alfa Mist",2019-03-29,247106,0,false,1130795251,2019-05-26T20:12:40Z,"nu jazz,jazz rap,indie jazz,jazz fusion,jazz","Sekito",0.393,0.299,1,-13.634,0,0.0307,0.776,0.831,0.11,0.0906,113.789,3
spotify:track:4vSr1vd8orhImu2ek1XgEz,"Nursery Rhyme","Infection in the Sentence","Sarah Tandy",2019-03-08,398560,8,false,1130795251,2019-05-26T20:14:25Z,"nu jazz,jazz","Jazz re:freshed",0.343,0.499,3,-12.645,0,0.041,0.0798,0.86,0.274,0.118,98.086,3
spotify:track:7kj9z5Zpp8krH0672EnHyJ,"São Paulo","You Can't Steal My Joy","Ezra Collective",2019-04-26,239160,36,false,1130795251,2019-05-26T20:17:14Z,"jazz rap,indie soul,nu jazz","Enter The Jungle",0.809,0.859,0,-7.494,1,0.148,0.154,0.868,0.0628,0.947,130.088,4
spotify:track:0E8q2Fx2XuzXCO2NSAppkR,"In A Sentimental Mood","Duke Ellington & John Coltrane","Duke Ellington;John Coltrane",1963-02,255226,69,false,1130795251,2019-05-26T20:20:25Z,"jazz,big band,swing music,cool jazz,jazz ballads,hard bop,free jazz,bebop","Impulse!",0.464,0.305,3,-12.435,0,0.0316,0.936,0.0848,0.208,0.281,107.854,4
spotify:track:3Wyk48LdSb4TNDk9jglucm,"Taking Flight","Taking Flight","Resavoir;Brandee Younger",2019-05-29,217546,0,false,1130795251,2019-06-10T15:29:52Z,"experimental jazz,jazz house,ambient jazz,jazz","International Anthem",0.236,0.463,11,-11.889,1,0.0368,0.785,0.844,0.0926,0.431,78.364,4
spotify:track:4jsrNHgIswF4l2Up2HI4Kv,"Pick Up / Galaxy","Pick Up / Galaxy","Dufresne",2019-06-11,387026,0,false,1130795251,2019-06-18T22:25:54Z,"","Brownswood Recordings",0.525,0.556,1,-13.247,1,0.119,0.275,0.804,0.0797,0.665,120.737,4
spotify:track:07KpZGRnhFKK9sLx6nIEE0,"Déjà Vu","Ashley Henry's 5ive","Ashley Henry",2016-03-10,414000,12,false,1130795251,2019-06-25T21:16:18Z,"nu jazz,indie jazz,jazz","Jazz re:freshed",0.386,0.421,6,-15.902,1,0.0405,0.817,0.921,0.0883,0.453,147.414,4
spotify:track:2gEOUPrIi4NgX175mZbKH7,"The Magnificent Moon","Phase","Mildlife",2017-11-02,532066,0,false,1130795251,2019-07-10T14:09:15Z,"neo-psychedelic","Research Records",0.59,0.802,5,-5.776,0,0.0371,0.558,0.699,0.164,0.637,112.024,4
spotify:track:0lwkL0G07NYtLrQCugi8lX,"Pineapple","Xover","Blue Lab Beats;Moses Boyd;Nérija",2018-03-30,196586,43,false,1130795251,2019-07-12T10:20:43Z,"nu jazz,indie jazz,soul jazz,jazz","Blue Adventure / AllPoints",0.849,0.529,7,-10.038,1,0.141,0.392,0.191,0.105,0.538,99.983,4
spotify:track:69px0hSsVlqCMOKijWz6fx,"Panamanian Aire","Virbrations In Time","Byron Morris and Unity",1994-01-01,350466,4,false,1130795251,2019-07-17T17:47:27Z,"free jazz,soul jazz","By-Mor Music",0.65,0.53,7,-14.327,1,0.0692,0.403,0.539,0.136,0.771,98.857,4
spotify:track:6Gxz7ON8RNy0i9N9t9veZR,"You've Got To Have Freedom","Pharoah Sanders' Finest","Pharoah Sanders",2008,606160,0,false,1130795251,2019-07-17T17:54:55Z,"free jazz,ambient jazz,jazz,experimental jazz,hard bop","Dopeness Galore",0.399,0.786,0,-6.551,0,0.0388,0.0664,0.807,0.178,0.66,130.147,4
spotify:track:2CXPFR5RwI4Ao4g1u1RCYW,"Vi Lua Vi Sol","Heaven and Earth","Kamasi Washington",2018-06-22,667324,0,false,1130795251,2019-07-17T17:59:45Z,"jazz","Young Turks Recordings",0.415,0.767,11,-8.507,0,0.11,0.366,0.797,0.117,0.477,104.817,3
spotify:track:1sD1sWIBodQF4W4d0vxY8c,"Tiffakonkae","Heaven and Earth","Kamasi Washington",2018-06-22,564869,0,false,1130795251,2019-07-17T17:59:56Z,"jazz","Young Turks Recordings",0.319,0.698,7,-10.275,0,0.0517,0.604,0.897,0.093,0.389,99.038,4
spotify:track:4p4XgwnZJCYOWSvz8ruiOY,"Take the ""A"" Train","Jazz Profiles","Duke Ellington",2008-07-14,332640,46,false,1130795251,2019-07-19T10:21:53Z,"jazz,big band,swing music,cool jazz,jazz ballads","Sony BMG Music Entertainment",0.503,0.284,0,-15.59,1,0.0403,0.272,0.0453,0.12,0.573,93.486,4
spotify:track:1PBAWURPkLrJZrk3Xp9FxX,"Bleeding Hearts","Sunny Side Up","Audrey Powne",2019-07-19,389000,0,false,1130795251,2019-07-19T11:06:57Z,"","Brownswood Recordings",0.285,0.361,7,-13.853,0,0.0383,0.151,0.241,0.0848,0.182,119.1,5
spotify:track:5z8eOnPiOC22EYpniAX3Qg,"Blue World","Blue World","John Coltrane",2019-08-16,368253,0,false,1130795251,2019-08-27T14:14:43Z,"jazz,hard bop,free jazz,bebop,jazz ballads,cool jazz","Verve Label Group",0.477,0.733,8,-8.301,1,0.0682,0.732,0.0756,0.153,0.385,120.42,3
spotify:track:0LpR9z9zm8ALJSTunRlZ35,"Under the Skin","Infection in the Sentence","Sarah Tandy",2019-03-08,333560,7,false,1130795251,2019-08-31T20:04:30Z,"nu jazz,jazz","Jazz re:freshed",0.377,0.532,10,-11.457,0,0.0363,0.0102,0.79,0.275,0.222,134.374,4
spotify:track:1HeJEdlBii9gm6G36kBaA2,"Have A Little Faith","Code Noir","Carmen Lundy;Patrice Rushen;Ben Williams;Kendrick Scott;Jeff Parker",2017-02-17,176373,5,false,1130795251,2019-09-12T13:38:56Z,"vocal jazz,post-disco,jazz funk,disco,funk,nu jazz,jazz,ambient jazz,experimental jazz,free jazz","Afrasia Productions",0.516,0.697,5,-9.533,1,0.0477,0.928,0.499,0.134,0.743,196.111,4
spotify:track:38tv5oXEujmdXaYu0mpRdn,"Something is Missing","Foulden Road","Neue Grafik Ensemble;Neue Grafik",2019-09-27,360200,6,false,1130795251,2019-10-03T12:40:38Z,"nu jazz","Total Refreshment Centre",0.504,0.723,10,-8.092,0,0.12,0.0156,0.8,0.0845,0.367,72.736,3
spotify:track:0aWMVrwxPNYkKmFthzmpRi,"Blue in Green (feat. John Coltrane & Bill Evans)","Kind Of Blue (Legacy Edition)","Miles Davis;John Coltrane;Bill Evans",1959-08-17,337733,67,false,1130795251,2019-10-13T11:54:00Z,"jazz,cool jazz,hard bop,bebop,jazz fusion,jazz ballads,free jazz","Columbia/Legacy",0.421,0.0162,2,-25.358,0,0.0388,0.808,0.0024,0.0978,0.154,110.479,4
spotify:track:4a4CI4yG8nZtlOlvxrYbiW,"nuevo roquero estéreo","nuevo roquero estéreo","Jaimie Branch",2019-10-02,511130,0,false,1130795251,2019-10-14T20:00:01Z,"experimental jazz,free jazz,jazz","International Anthem",0.541,0.923,11,-10.991,0,0.0777,0.19,0.859,0.107,0.704,115.77,4
spotify:track:4gRBcSfSwV4GYc33sYUMek,"It's What We Do","It's What We Do","Matthew Halsall",2019-10-11,463133,0,false,1130795251,2019-12-02T08:37:30Z,"ambient jazz,jazz,nu jazz,indie jazz","Gondwana Records",0.415,0.336,6,-12.395,0,0.0314,0.787,0.748,0.11,0.153,67.809,4
spotify:track:2MbiFonNfrPseRanbvH8Iu,"Colour Yes","Colour Yes (Special Edition)","Matthew Halsall",2009-10-26,521373,0,false,1130795251,2019-12-02T08:37:55Z,"ambient jazz,jazz,nu jazz,indie jazz","Gondwana Records",0.396,0.334,9,-12.47,0,0.0316,0.249,0.904,0.169,0.284,127.095,4
spotify:track:7D7U2ZElcO9HJNxe9juGhO,"Hometown","Hometown: Detroit Sessions 1990-2014","Tribe",2019-11-08,478506,0,false,1130795251,2019-12-02T08:38:05Z,"","Strut",0.42,0.575,5,-10.373,0,0.0368,0.694,0.556,0.0723,0.481,133.499,4
spotify:track:2u9mRfYp5vzMCCSLxS85X9,"Yardley Suite","Yardley Suite","Ruby Rushton",2019-11-08,235803,0,false,1130795251,2019-12-02T08:45:57Z,"nu jazz,indie jazz,jazz","22a Music",0.579,0.529,10,-11.433,0,0.0801,0.0121,0.88,0.0579,0.555,124.681,4
spotify:track:6Z9m3J4V10fsBfLAamIsl5,"Mirrors","Driftglass","seed.",2019-02-08,465750,8,false,1130795251,2019-12-29T22:53:13Z,"indie jazz,nu jazz","Jazz re:freshed",0.48,0.622,1,-10.153,1,0.049,0.0722,0.466,0.0875,0.4,137.098,5
spotify:track:2pMWWIs4JlTP3ca8xn4qeg,"Alex The Great","Wailin' (Reissue)","Harold Mabern",1994-01-01,438440,3,false,1130795251,2020-01-05T21:43:57Z,"hard bop,jazz,vocal jazz,soul jazz","Prestige",0.613,0.357,5,-17.681,0,0.0354,0.895,0.861,0.108,0.766,150.505,4
spotify:track:49zxViMrgMAEahBHujo2So,"nuevo roquero estéreo","FLY or DIE II: bird dogs of paradise","Jaimie Branch",2019-10-11,493514,0,false,1130795251,2020-01-15T11:11:21Z,"experimental jazz,free jazz,jazz","International Anthem",0.546,0.921,11,-10.881,0,0.0719,0.193,0.876,0.286,0.682,115.633,4
spotify:track:5jdUHAw4amtEPUZvbKu6Me,"Woah","Resavoir","Resavoir",2019-06-28,249053,0,false,1130795251,2020-01-17T12:49:57Z,"experimental jazz,jazz house,ambient jazz","International Anthem Recording Co.",0.31,0.444,5,-12.994,0,0.0372,0.768,0.96,0.089,0.373,159.679,4
spotify:track:0ticqfu6cs0965HcaFWorQ,"On the Other Side of the World","Sending My Love (Special Edition)","Matthew Halsall",2008-05-06,536986,0,false,1130795251,2020-01-23T13:24:25Z,"ambient jazz,jazz,nu jazz,indie jazz","Gondwana Records",0.364,0.26,7,-14.113,0,0.0353,0.768,0.895,0.106,0.404,144.313,3
spotify:track:6NyX1QP8dpmyLSXoEDrpmj,"A Taste of Honey (Remastered)","Portrait","Stanley Turrentine;Bobby Scott;Richard Marlow",2014-04-15,237826,0,false,1130795251,2020-01-24T13:01:46Z,"hard bop,jazz,soul jazz,jazz ballads,cool jazz,bebop,vocal jazz,choral,gregorian chant","U-5",0.461,0.616,7,-5.644,0,0.0315,0.535,0.00000397,0.0809,0.805,92.973,4
spotify:track:0ViXT6NXUoHYLSKKpsA9ST,"Eternal / Internal Peace","Sunny Side Up","Silentjay",2019-07-19,533000,0,false,1130795251,2020-02-03T22:36:25Z,"","Brownswood Recordings",0.364,0.549,7,-13.726,1,0.0549,0.326,0.84,0.118,0.165,102.328,4
spotify:track:4yPAUHO82LMNzNrOEiPTSi,"Pick Up / Galaxy","Sunny Side Up","Dufresne",2019-07-19,387026,0,false,1130795251,2020-02-03T22:36:39Z,"","Brownswood Recordings",0.525,0.556,1,-13.247,1,0.119,0.275,0.804,0.0797,0.665,120.737,4
spotify:track:4M35ioHUBhuAejKgDmcrDN,"The Wake-Up","Sunny Side Up","Horatio Luna",2019-07-19,453000,0,false,1130795251,2020-02-03T22:36:44Z,"jazz house,indie jazz,nu jazz,lo-fi house","Brownswood Recordings",0.606,0.465,1,-15.358,0,0.0722,0.0803,0.677,0.11,0.363,124.355,4
spotify:track:6G2e47WHsPtB3mjYT39MW0,"Overture 1","Overture 1 / Yardley Suite","Ruby Rushton",2019-12-06,188118,0,false,1130795251,2020-02-03T22:51:27Z,"nu jazz,indie jazz,jazz","22a Music",0.445,0.413,7,-10.398,0,0.0321,0.327,0.554,0.337,0.39,141.466,3
spotify:track:0cJGye5ibCT6evRPO71MSr,"Forest Dance","Forest Dance","Ross McHenry",2020-01-31,495266,0,false,1130795251,2020-02-03T22:54:48Z,"nu jazz","First Word Records",0.443,0.446,0,-12.802,1,0.0312,0.751,0.931,0.266,0.441,151.632,4
spotify:track:7u0qMyswi9bxgXxVOvOupK,"The Dream Keeper (feat. Cherise Adams-Burnett)","Driftglass","seed.;Cherise Adams-Burnett",2019-02-08,431469,5,false,1130795251,2020-02-11T11:08:16Z,"indie jazz,nu jazz","Jazz re:freshed",0.394,0.679,8,-10.358,1,0.0487,0.148,0.213,0.108,0.249,122.776,1
spotify:track:2HbpOucCYcPyVEBpjTiJK8,"Night Dreamer - Remastered 2004 / Rudy Van Gelder Edition","Night Dreamer","Wayne Shorter",1964-11-01,435440,45,false,1130795251,2020-02-20T10:21:25Z,"hard bop,jazz,jazz ballads,bebop,cool jazz,free jazz,jazz fusion","Blue Note Records",0.459,0.545,3,-9.626,1,0.055,0.781,0.00789,0.162,0.438,100.398,4
spotify:track:46EYL9pQysbES3ZjfkBTQ3,"Spring High","Love Notes","Ramsey Lewis",1977,257800,30,false,1130795251,2020-02-20T10:21:36Z,"jazz funk,smooth jazz,soul jazz,northern soul,jazz","SBCMG",0.721,0.748,1,-8.401,1,0.0326,0.109,0.795,0.102,0.925,114.912,4
spotify:track:1wl5b2lw3YagQtZiYZbQWP,"'Round Midnight","Genius Of Modern Music (Vol.1, Expanded Edition)","Thelonious Monk",1951,193840,58,false,1130795251,2020-02-20T10:21:42Z,"jazz,bebop,hard bop,cool jazz,free jazz","Blue Note Records",0.542,0.32,8,-9.975,1,0.0387,0.907,0.649,0.0609,0.206,116.648,4
spotify:track:0pA3ccQoUU83NyhXc9qCeU,"Village of the Sun","Village of the Sun","Village of the Sun;Binker and Moses",2020-01-24,414100,0,false,1130795251,2020-02-20T11:18:01Z,"nu jazz,experimental jazz,free jazz,jazz,indie jazz","Gearbox Records",0.333,0.434,3,-11.889,0,0.0348,0.0384,0.701,0.083,0.234,143.892,3
spotify:track:1xicvSO4CJ2ymqYgpk7DFh,"Milestones (feat. John Coltrane, Cannonball Adderley, Red Garland, Paul Chambers & Philly Joe Jones)","Milestones","Miles Davis;John Coltrane;Cannonball Adderley;Red Garland;Paul Chambers;Philly Joe Jones",1958-04,342066,59,false,1130795251,2020-03-01T12:55:35Z,"jazz,cool jazz,hard bop,bebop,jazz fusion,jazz ballads,free jazz","Columbia/Legacy",0.553,0.546,9,-7.459,0,0.0341,0.439,0.000557,0.167,0.7,118.214,4
spotify:track:1tO5IV6beNuuSTAVVZuI0N,"The Blessing Song","Pneuma","Michael White",1972-01-01,374786,38,false,1130795251,2020-03-02T14:48:24Z,"free jazz,experimental jazz","Verve Reissues",0.479,0.351,8,-14.815,1,0.0856,0.797,0.457,0.0681,0.654,73.221,4
spotify:track:4LmqWRYIGz502LI2avSOo7,"Nutty","Mønk","Thelonious Monk",2018-09-28,569199,0,false,1130795251,2020-03-02T17:47:02Z,"jazz,bebop,hard bop,cool jazz,free jazz","Gearbox Records",0.48,0.402,0,-13.072,0,0.05,0.496,0.00194,0.227,0.497,171.403,4
spotify:track:0lELi5BqmUO4hXTFfAUf60,"Passion Dance","The Real McCoy (Remastered / Rudy Van Gelder Edition)","McCoy Tyner",1967,527426,38,false,1130795251,2020-03-10T18:41:05Z,"jazz,hard bop,jazz ballads,cool jazz,bebop,free jazz","Blue Note Records",0.473,0.771,1,-8.653,1,0.0457,0.437,0,0.113,0.474,118.942,4
spotify:track:79RXo9QQNREbGI1vITMJGj,"The Coming Of The Strange Ones","We Are Sent Here By History","Shabaka and the Ancestors",2020-03-13,388080,15,false,1130795251,2020-03-17T11:57:17Z,"nu jazz,free jazz,jazz,indie jazz","Impulse!",0.487,0.669,1,-7.528,1,0.223,0.364,0.877,0.154,0.445,72.101,4
spotify:track:4aw9Pzlm7OYk0NUq2HUr6Y,"Tidal Wave","Tidal Wave","Butcher Brown",2020-03-06,210546,0,false,1130795251,2020-03-18T21:52:06Z,"nu jazz,indie jazz,jazz fusion,jazz funk","Concord Jazz",0.54,0.618,10,-6.963,1,0.0286,0.131,0.89,0.0861,0.182,97.781,4
spotify:track:3rF8VDYAj1ZkI7aNvgdeKZ,"Rippin' & Runnin'","Rippin' & Runnin'","Farnell Newton;Brandon Wright;Brian Charette;Rudy Royston",2020-03-06,374850,1,false,1130795251,2020-03-21T21:22:44Z,"jazz beats,lo-fi,lo-fi beats,jazz rap,blues,jazz fusion,jazz ballads,jazz","Posi-Tone Records",0.515,0.5,10,-9.811,0,0.0384,0.624,0.64,0.313,0.467,124.597,4
spotify:track:1J9iVCaEriyoMXpj2XszhU,"When Sunny Gets Blue","Today And Tomorrow","McCoy Tyner",1964,282320,65,false,1130795251,2020-03-22T10:09:10Z,"jazz,hard bop,jazz ballads,cool jazz,bebop,free jazz","GRP",0.427,0.114,2,-22.546,0,0.0509,0.843,0.863,0.0966,0.114,60.484,4
spotify:track:4ylmA1135YpyaRZ7ir7tZq,"Take Me to the Clouds","About Time","Malcolm Strachan",2020-03-27,376989,7,false,1130795251,2020-04-02T14:51:33Z,"nu jazz","Haggis Records",0.608,0.703,5,-8.705,0,0.0374,0.385,0.942,0.0867,0.559,111.975,4
spotify:track:2C2mTHeGmprExfFwPuSOk1,"Better Late Than Never","About Time","Malcolm Strachan",2020-03-27,325296,5,false,1130795251,2020-04-07T17:18:49Z,"nu jazz","Haggis Records",0.707,0.52,5,-10.396,0,0.0322,0.728,0.957,0.118,0.586,108.119,4
spotify:track:0qxiaagtTvTeNvzxHHc441,"Speak No Evil - Remastered1998/Rudy Van Gelder Edition","Speak No Evil (The Rudy Van Gelder Edition)","Wayne Shorter",1966-06-01,503786,50,false,1130795251,2020-04-11T16:58:41Z,"hard bop,jazz,jazz ballads,bebop,cool jazz,free jazz,jazz fusion","Blue Note Records",0.459,0.632,5,-7.153,0,0.0406,0.612,0,0.274,0.517,106.338,3
spotify:track:1ZjMwvmvqg6PPHVgRjNGT4,"Blues for Chocolate","Suite For Chocolate","Joe Bonner",1989,282400,0,false,1130795251,2020-04-12T11:49:07Z,"","SteepleChase",0.57,0.211,0,-21.885,0,0.0357,0.774,0.169,0.12,0.381,81.683,4
spotify:track:3Nl3bHBQN4MsL36s8aLJ6g,"Genesis","Tales of Life","Etuk Ubong",2018-05-07,550103,0,false,1130795251,2020-04-15T14:58:56Z,"","Etuk Ubong",0.584,0.561,10,-9.69,0,0.0499,0.392,0.91,0.118,0.282,101.78,4
spotify:track:3bS8DzEJL54LK7hIzzUpnK,"Soul Shoutin'","Soul Shoutin'","Shirley Scott;Stanley Turrentine",1962-11-25,338112,10,false,1130795251,2020-04-26T10:55:00Z,"soul jazz,hard bop,jazz,acid jazz,jazz ballads,cool jazz,bebop","Poppydisc",0.655,0.427,0,-11.983,1,0.0418,0.617,0.000665,0.141,0.742,81.801,4
spotify:track:40ejMAGDvSFWkst5ptwZOc,"Fibra","Fibra","Paulo Moura",2007-01-18,149693,10,false,1130795251,2020-05-01T12:04:37Z,"brazilian jazz,bossa nova,samba","Atração",0.464,0.587,7,-8.386,1,0.0622,0.742,0.0294,0.0858,0.39,100.81,4
spotify:track:1zygGcnxCNBzy54bSiiwOF,"The time of this world is at hand","When Destiny Calls","Billy Gault",1994,431866,7,false,1130795251,2020-05-07T15:47:10Z,"free jazz","SteepleChase",0.511,0.333,0,-15.75,0,0.0373,0.418,0.0226,0.1,0.448,121.519,3
spotify:track:6L2UMjkjxqW2gUVrdgabgJ,"Ode to Saint Cecilie","Free Spirits","Mary Lou Williams",1987,355266,21,false,1130795251,2020-05-11T08:31:20Z,"jazz,bebop","SteepleChase",0.471,0.223,10,-23.888,0,0.0425,0.614,0.82,0.109,0.629,166.69,4
spotify:track:6N0BnFJsaODAeuXgZsLji3,"Fly Little Bird Fly","Mustang","Donald Byrd",1966,327533,10,false,1130795251,2020-05-11T11:50:32Z,"hard bop,jazz funk,jazz,soul jazz,jazz fusion,acid jazz,bebop","Blue Note Records",0.495,0.54,2,-11.537,1,0.0515,0.663,0.0000136,0.143,0.554,79.478,4
spotify:track:3ba4sbG38xZVmYk7z0DLbq,"Tyrannosaurus Rex","The Language Of Truth","Julian Joseph",1991-01-04,293433,0,false,1130795251,2020-05-11T11:55:10Z,"","East West Records",0.403,0.105,10,-21.973,0,0.0409,0.975,0.745,0.301,0.0785,133.721,4
spotify:track:5M7RSNTPYGT6vWywxsorxN,"Uncle Ben & Aunt Jemma","The New Love","Carlos Garnett",2014-10-03,313410,6,false,1130795251,2020-05-11T13:22:30Z,"jazz funk,free jazz,soul jazz","Soul Brother Records",0.515,0.919,3,-9.437,1,0.0942,0.035,0.73,0.0624,0.919,125.479,3
spotify:track:3ven4ZKSspshBwiLMMibEa,"Early Summer","シーナリィ","Ryo Fukui",1976,644466,0,false,1130795251,2020-05-12T08:49:02Z,"jazz,jazz fusion,bebop","TRIO RECORDS",0.348,0.63,2,-10.103,0,0.0541,0.615,0.402,0.159,0.392,85.404,4
spotify:track:0QzDamz7rPOFxh55QJLYxn,"Ngiculela-Es Una Historia-I Am Singing","Ruby Ruby","Gato Barbieri",2007-01-01,345400,7,false,1130795251,2020-05-16T17:06:07Z,"latin jazz,smooth jazz,afro-cuban jazz,free jazz,jazz","A&M JAZZ",0.333,0.928,2,-7.208,1,0.185,0.221,0.14,0.174,0.292,141.087,4
spotify:track:66XasNYRNFi6b5EYs6o4RU,"Spirit's Samba","Colin Curtis presents Jazz Dance Fusion","Dave Pike",2018-03-23,409130,0,false,1130795251,2020-05-27T10:00:32Z,"latin jazz,exotica,afro-cuban jazz","Z Records",0.475,0.815,7,-8.379,0,0.0417,0.519,0.0511,0.124,0.786,124.07,4
spotify:track:1uRae9TF1gJ5qMzKgNEqAp,"Pistachio","So Nobody Else Can Hear","Jimmy Cobb;Gregory Hines;Freddie Hubbard;Pee Wee Ellis;Steve Khan;Marilyn Redfield",1983,238600,0,false,1130795251,2020-05-27T10:00:57Z,"jazz,hard bop,bebop,jazz ballads,cool jazz,jazz funk","Expansion Records",0.494,0.608,5,-9.276,0,0.0494,0.773,0.000576,0.0586,0.693,135.109,4
spotify:track:6bfUKVbNibJV0sjzNNjgSM,"Pace","Pace","Nubya Garcia",2020-05-28,472733,12,false,1130795251,2020-05-28T10:59:54Z,"nu jazz,jazz,jazz funk,indie jazz","Concord Jazz",0.366,0.631,8,-10.139,1,0.0586,0.123,0.444,0.12,0.364,147.2,1
spotify:track:0s4uT726VIRoMw07kFs6Lb,"Soho Strut","Shamal Wind","Chip Wickham",2018-05-25,253317,0,false,1130795251,2020-05-31T13:44:35Z,"nu jazz,ambient jazz,jazz,soul jazz","Lovemonk",0.567,0.836,3,-5.935,1,0.0378,0.558,0.0925,0.0823,0.594,122.915,4
spotify:track:5jY2fC4kHyTwFfThR7CFTh,"Sun Khosi","Sun Khosi","Ruby Rushton",2020-05-22,236886,0,false,1130795251,2020-05-31T14:59:31Z,"nu jazz,indie jazz,jazz","22a Music",0.523,0.51,2,-10.511,1,0.0673,0.601,0.791,0.0771,0.403,108.886,3
spotify:track:6tr02pXYsa62NHYvLhJIQ0,"Blue Latin","Blue Latin","Gerardo Frisina",2017-03-27,303000,46,false,1130795251,2020-05-31T15:00:51Z,"nu jazz,latin jazz,acid jazz,jazz house","Schema Records",0.781,0.743,9,-9.907,0,0.0418,0.036,0.9,0.104,0.764,125.013,4
spotify:track:3L1kD0jgSfbdSyciyWc27i,"Uno Esta","Fancy Dancer (Reissue)","Bobbi Humphrey",1975-01-01,403306,36,false,1130795251,2020-05-31T15:03:17Z,"jazz funk,jazz fusion,soul jazz","Blue Note Records",0.62,0.705,10,-11.012,0,0.0729,0.11,0.0161,0.118,0.686,95.792,4
spotify:track:41eywgVC3YN7RmdZNmwpyC,"Movementt","Movementt","Emma-Jean Thackray",2020-03-04,213540,0,false,1130795251,2020-05-31T16:43:26Z,"nu jazz,acid jazz,indie jazz","Movementt",0.705,0.719,8,-8.329,0,0.0822,0.00629,0.601,0.111,0.927,118.112,4
spotify:track:0uBltyVGLx3LoNYIBhrjq2,"Harlem to Haarlem","Night Dreamer Direct-To-Disc Sessions","Gary Bartz;Maisha",2020-05-29,505480,0,false,1130795251,2020-06-01T16:04:27Z,"jazz funk,jazz fusion,jazz,nu jazz,ambient jazz,experimental jazz","Night Dreamer",0.654,0.702,10,-12.046,0,0.0559,0.198,0.708,0.0627,0.859,101.344,4
spotify:track:55ROnr8xwaT7xW9qmkbQhj,"Hop Scotch","Marching In The Street","Harvey Mason",1975-03-24,423826,11,false,1130795251,2020-06-06T21:15:57Z,"jazz funk,post-disco,smooth jazz","Arista",0.733,0.739,5,-9.689,1,0.0719,0.153,0.527,0.0707,0.901,119.633,4
spotify:track:1Wcf2V95GsjkcxwiAjLCtM,"Keep On Movin' On","One for Me","Shirley Scott",2020-05-22,592213,0,false,1130795251,2020-06-10T14:04:44Z,"soul jazz,hard bop,jazz,acid jazz","Arc Records",0.545,0.391,10,-11.846,1,0.0351,0.8,0.884,0.106,0.508,136.856,4
spotify:track:1WFPTf7PV29lWVowZBGI83,"The Groove","You'll Never Know","Rodney Franklin",1980-01-01,292760,42,false,1130795251,2020-06-10T20:19:42Z,"jazz funk,jazz fusion,smooth jazz","Columbia/Legacy",0.62,0.632,0,-13.548,1,0.0321,0.32,0.632,0.22,0.743,108.406,4
spotify:track:0eqAf7ElS9GiqJDwq7DSCP,"Palmeiras","Paz E Futebol 2 (Compiled by Jazzanova)","Candeias",2016-09-02,460826,0,false,1130795251,2020-06-17T09:46:08Z,"brazilian jazz,bossa nova","Sonar Kollektiv",0.447,0.859,1,-10.094,0,0.0658,0.254,0.0772,0.0753,0.744,111.195,4
spotify:track:0nY9DcfG0Jffrg6r2apqJf,"Route One","Blue to Red","Chip Wickham",2020-05-08,418066,0,false,1130795251,2020-06-22T22:08:17Z,"nu jazz,ambient jazz,jazz,soul jazz","Lovemonk",0.439,0.695,7,-8.109,1,0.0375,0.482,0.0656,0.0839,0.669,103.246,4
spotify:track:7LUmAEreVhdHVhqQCNM1og,"Odyssey","Inexpressible Infinity","Levitation Orchestra",2019-10-25,565060,0,false,1130795251,2020-06-23T10:30:45Z,"ambient jazz","Astigmatic Records",0.318,0.669,2,-8.899,1,0.0642,0.155,0.00691,0.483,0.212,103.231,3
spotify:track:7q9WYacnmCSZiZrgEl51oN,"Caravan","Rituals","Nicola Conte;Philipp Weiss",2008-10-13,338053,10,false,1130795251,2020-06-23T14:46:39Z,"nu jazz,acid jazz,bossa nova,brazilian jazz,latin jazz,cool jazz,vocal jazz","Schema Records",0.507,0.691,0,-7.476,1,0.0434,0.552,0.00785,0.11,0.552,131.993,4
spotify:track:2tFWAJiwcPMm85eUzXoOuU,"Look At The Birdie - 1999 Remaster; 24 Bit Mastering","Roots And Herbs","Art Blakey & The Jazz Messengers",1999-01-01,405893,7,false,1130795251,2020-07-04T15:43:49Z,"hard bop,jazz,bebop,cool jazz","Blue Note Records",0.502,0.567,7,-9.84,1,0.0427,0.657,0.000839,0.117,0.484,108.221,4
spotify:track:1vzbY4OAZNmrCWsLwLOCST,"Ley Lines","Ley Lines","Emma-Jean Thackray",2018-05-11,284868,0,false,1130795251,2020-07-14T19:20:41Z,"nu jazz,acid jazz,indie jazz","Movementt",0.832,0.45,9,-11.783,0,0.234,0.288,0.00991,0.0591,0.637,114.062,3
spotify:track:3byyzUkqKg6gjBc5vYzCfA,"Trenton Place","The Piccolo - Tender Plays Tubby","Tenderlonious;Hamish Balfour;Pete Martin;Tim Carnegie",2020-05-29,341920,0,false,1130795251,2020-07-21T09:54:43Z,"nu jazz,jazz funk,indie jazz,rockabilly","Jazz Detective Records",0.371,0.433,7,-8.719,1,0.0361,0.626,0.748,0.0828,0.239,101.582,4
spotify:track:6tpfot22ph8eYBbN9WLe49,"Voodoo Rain","Voodoo Rain","Neue Grafik Ensemble;Neue Grafik;Nubya Garcia",2019-09-18,179133,10,false,1130795251,2020-07-21T09:56:42Z,"nu jazz,jazz,jazz funk,indie jazz","Total Refreshment Centre",0.596,0.59,2,-10.953,1,0.263,0.13,0.132,0.0385,0.423,157.128,3
spotify:track:6fRzSawArP8NTKOTgRwD7e,"The Butter Tree","Bird Curtis Quintet","Bird Curtis Quintet",1968-01-01,387973,2,false,1130795251,2020-07-21T10:49:49Z,"","Afro7",0.63,0.297,10,-13.581,0,0.0415,0.925,0.815,0.072,0.556,131.837,4
spotify:track:5yXrnPw4M18msKa3Rq1lG3,"Five, Four And Three","Stereokonitz","Lee Konitz",1969-03-25,212960,10,false,1130795251,2020-08-12T13:55:50Z,"cool jazz,jazz,bebop,hard bop,jazz ballads","OKEH",0.415,0.418,2,-11.505,1,0.029,0.441,0.0525,0.105,0.543,83.672,3
spotify:track:2eEIS8pb4htZiQMAluqfq3,"Interlude","Interlude","Justo Almario",1981,323733,9,false,1130795251,2020-08-14T13:47:32Z,"latin jazz,afro-cuban jazz","Expansion Records",0.661,0.553,10,-11.924,0,0.037,0.246,0.768,0.0986,0.773,124.234,4
spotify:track:6uKjq8aIA7YuPGpwIk1mtn,"Invitation","Coltrane '58: The Prestige Recordings","John Coltrane",2019-03-29,621113,9,false,1130795251,2020-08-27T14:08:06Z,"jazz,hard bop,free jazz,bebop,jazz ballads,cool jazz","Craft Recordings",0.458,0.122,8,-16.632,1,0.0371,0.919,0.51,0.124,0.303,117.625,4
spotify:track:2LwUU9aaoKxjnnHQRXHAIq,"Body and Soul","'Round Midnight - Original Motion Picture Soundtrack","Herbie Hancock",1977,354666,8,false,1130795251,2020-09-21T14:19:38Z,"jazz,jazz fusion,jazz funk,hard bop,cool jazz","Columbia/Legacy",0.446,0.118,1,-14.663,1,0.0338,0.919,0.114,0.111,0.116,79.696,4
spotify:track:1dUhBmll1DfMO90682PlKQ,"Frontline","#KingButch","Butcher Brown",2020-09-18,292813,44,false,1130795251,2020-09-22T21:02:53Z,"nu jazz,indie jazz,jazz fusion,jazz funk","Concord Jazz",0.502,0.699,1,-6.935,1,0.0371,0.136,0.541,0.127,0.441,88.362,4
spotify:track:1ayCvZ1RylLfkMi42HGaEO,"Flump - Ishmael Ensemble Rework","New Horizons: A Bristol Jazz Sound","Snazzback;Ishmael Ensemble",2020-09-04,273146,0,false,1130795251,2020-09-22T21:05:00Z,"nu jazz,indie jazz,jazz fusion,experimental jazz,ambient jazz","Worm Discs",0.564,0.403,1,-15.466,0,0.0463,0.174,0.662,0.0924,0.199,103.923,4
spotify:track:7IHkwssA47uNCZVUZvxdjx,"Strange Beautiful Remembered","Abstractions of Reality Past and Incredible Feathers","Binker Golding;Joe Armon-Jones",2019-09-27,474503,0,false,1130795251,2020-09-29T10:31:16Z,"free jazz,jazz,nu jazz,indie jazz,soul jazz","Gearbox Records",0.51,0.443,8,-12.531,1,0.0299,0.216,0.798,0.0604,0.528,155.977,4
spotify:track:5Vh0qIHVVshiLtt5rruqeW,"Emakhaya","Next Stop ... Soweto Vol. 3: Giants, Ministers and Makers: Jazz in South Africa 1963-1984","Heshoo Beshoo Group",2010-08-02,438126,0,false,1130795251,2020-10-01T14:05:33Z,"","Strut",0.807,0.652,2,-9.918,1,0.195,0.27,0.392,0.373,0.493,122.675,4
spotify:track:1YaHNy87E9EiQG4cLH96Sk,"Fezile","Neo Native","Bokani Dyer Trio",2018-04-16,348586,2,false,1130795251,2020-10-08T08:05:58Z,"","Dyertribe Music",0.304,0.723,10,-12.131,0,0.0313,0.711,0.768,0.108,0.798,118.596,4
spotify:track:5QYsKeHC8uBsZvQ0Er3E4U,"Tema Pro Gaguinho","Salvador Trio","Salvador Trio",1965,197773,0,false,1130795251,2020-10-13T12:08:19Z,"brazilian jazz","Mr Bongo",0.544,0.815,7,-8.213,1,0.029,0.29,0.000562,0.0607,0.861,90.519,4
spotify:track:6KxrisxhFIxxYxBpvBx3sd,"Das Rosas","Salvador Trio","Salvador Trio",1965,218400,0,false,1130795251,2020-10-13T12:10:54Z,"brazilian jazz","Mr Bongo",0.38,0.534,11,-9.385,0,0.0313,0.545,0.0241,0.105,0.41,141.826,3
spotify:track:10uLpwELn4w9UxW9Qd2dIv,"Flameback Dance","Flameback Dance","Ariwo",2020-07-22,405824,0,false,1130795251,2020-10-13T20:48:45Z,"","On The Corner",0.51,0.731,0,-6.986,1,0.062,0.0285,0.0137,0.084,0.256,112.027,4
spotify:track:6PxUDG3FlDF1yicBVjLCLP,"The Late Late Blues","Bags & Trane","Milt Jackson;John Coltrane",2005-03-22,570626,16,false,1130795251,2020-10-15T20:20:21Z,"hard bop,jazz,bebop,cool jazz,jazz ballads,free jazz","Rhino Atlantic",0.511,0.348,8,-12.624,1,0.0376,0.794,0.00159,0.0837,0.445,88.189,4
spotify:track:43gn9AXGDIIrUr1MbaYPWJ,"The Phantom","The Phantom","Duke Pearson",1968-01-01,619200,24,false,1130795251,2020-10-29T11:02:15Z,"hard bop,jazz,soul jazz,bebop","CM BLUE NOTE (A92)",0.492,0.49,2,-13.378,1,0.0359,0.663,0.616,0.08,0.693,85.197,4
spotify:track:5rcEapnWT4NrPSFT5co106,"Greasy","New Soil","Jackie McLean",1989-01-01,445426,29,false,1130795251,2020-11-02T11:10:51Z,"hard bop,bebop,jazz,free jazz,jazz ballads","Blue Note Records",0.62,0.324,3,-14.199,1,0.0606,0.682,0.00108,0.112,0.596,78.89,4
spotify:track:46qrqcOlSXd70Sa0tuSYtv,"Montara","Montara","Bobby Hutcherson",1975,298373,44,false,1130795251,2020-11-02T12:37:16Z,"hard bop,jazz,free jazz,jazz funk,jazz ballads,bebop,cool jazz","CM BLUE NOTE (A92)",0.721,0.268,0,-16.844,1,0.0395,0.888,0.832,0.0681,0.54,94.907,4
spotify:track:66qtHFsLUkQjwpJThbs3rV,"Sam Blues","Brazilian Beats 1 (Mr Bongo presents)","Sambalanca Trio",1999,133706,27,false,1130795251,2020-11-24T09:43:39Z,"brazilian jazz","Mr Bongo",0.42,0.638,8,-13.608,0,0.0305,0.821,0.933,0.0868,0.903,106.834,4
spotify:track:4wwuuiyk9cwEF7MZGRafrz,"Cascavel","Viralata","Antonio Adolfo",2010-11-17,176426,39,false,1130795251,2020-12-02T11:26:04Z,"brazilian jazz,latin jazz,bossa nova","Artezanal/AAM Music",0.54,0.685,7,-10.931,1,0.0437,0.793,0.932,0.167,0.714,179.187,4
spotify:track:2uU00hLVkXefJyolfer1Xs,"I Remember Carmen","Sabu's Jazz Espagnole","Sabu Martinez",1961-01-01,241093,13,false,1130795251,2020-12-22T13:34:03Z,"latin jazz,afro-cuban jazz,exotica","Fania",0.574,0.702,5,-10.215,0,0.0564,0.647,0.117,0.0618,0.914,128.152,4
spotify:track:1Pt7htydCAL9lJzrKmAkyV,"Not A Tear","It's All Right!","Wynton Kelly Trio",1964-01-01,358346,33,false,1130795251,2021-01-02T16:05:38Z,"hard bop,jazz,bebop,jazz ballads,cool jazz","Verve Reissues",0.443,0.311,5,-19.021,0,0.0451,0.817,0.867,0.109,0.484,127.748,4
spotify:track:2IWxvc6jWENEZdApQqLaRy,"Gemini","Triple Threat","Jimmy Heath",1962-01-01,372560,18,false,1130795251,2021-01-02T22:49:44Z,"hard bop,bebop,jazz,jazz ballads,experimental jazz","Riverside",0.307,0.34,8,-17.345,1,0.0302,0.32,0.0000046,0.161,0.626,180.967,3
spotify:track:6WY4wvlmgccWapnIg14Vy0,"Merry Christmas Mr. Lawrence","1996","Ryuichi Sakamoto",1996,286626,52,false,1130795251,2021-02-01T17:04:27Z,"japanese classical,ambient","FOR LIFE MUSIC ENTERTAINMENT,INC.",0.483,0.179,10,-17.525,0,0.0364,0.95,0.846,0.11,0.252,105.482,4
spotify:track:0BMDkkgVtH36poL8MfZtD3,"The Underdog","Implicate Order","Nick Walters;The Paradox Ensemble",2021-02-05,237538,0,false,1130795251,2021-02-05T09:16:56Z,"nu jazz","D.O.T. Records",0.49,0.496,1,-11.66,1,0.194,0.281,0.884,0.0757,0.711,67.812,3
spotify:track:1dW9W2CgdpA6PRCa6botCt,"Portobello Superhero","Portobello Superhero","Myele Manzanza;Benjamin Muralt;Ashley Henry;George Crowley;Mark de Clive-Lowe;James Copus",2021-02-04,507020,7,false,1130795251,2021-02-12T14:45:15Z,"nu jazz,jazz,soul jazz,indie jazz,acid jazz","DeepMatter Records",0.547,0.815,9,-9.279,0,0.0705,0.0213,0.521,0.106,0.815,116.102,4
spotify:track:148RngIZxtVep2RxeYd7RD,"Implicate Order","Implicate Order","Nick Walters;The Paradox Ensemble",2021-02-05,350962,0,false,1130795251,2021-02-16T14:12:24Z,"nu jazz","D.O.T. Records",0.461,0.365,7,-12.664,0,0.0327,0.0809,0.51,0.121,0.291,143.477,4
spotify:track:5ZVgiWySiGOav9Ztuj5XXW,"Brixton Blues","Brixton Blues","Myele Manzanza;Benjamin Muralt;Ashley Henry;George Crowley;Mark de Clive-Lowe;James Copus",2021-03-04,428323,14,false,1130795251,2021-03-21T18:32:56Z,"nu jazz,jazz,soul jazz,indie jazz,acid jazz","DeepMatter Records",0.525,0.506,6,-11.043,1,0.0365,0.131,0.918,0.0958,0.645,90.731,5
spotify:track:5zlCB1wL5NYPxd26p2gFFi,"Spring","Essence of Spring","Ibrahim Khalil Shihab;Lionel Beukes",2019-05-10,518373,8,false,1130795251,2021-03-22T10:41:41Z,"","Mountain Records",0.511,0.607,0,-12.349,1,0.0319,0.379,0.213,0.124,0.351,135.726,4
spotify:track:2tEDc3nnMPTDkITUVg7XJx,"Los Conquistadores Chocolates","Gears","Johnny ""Hammond"" Smith",1975-09-01,368590,34,false,1130795251,2021-03-22T13:47:29Z,"jazz funk,soul jazz,jazz fusion,acid jazz","Craft Recordings",0.517,0.874,7,-8.583,1,0.0485,0.0104,0.5,0.0474,0.639,122.773,4
spotify:track:3hxmtoHNbWDdbrfivvGVIo,"Pointe Vénus","Symphonie Pacifique","Greg Foat",2020-07-03,437559,0,false,1130795251,2021-03-29T11:42:28Z,"ambient jazz,nu jazz,experimental jazz","Strut",0.401,0.362,9,-13.202,1,0.0302,0.899,0.913,0.107,0.475,80.477,4
spotify:track:20fs7sFGBU10V0Lw05poNv,"Bara-Bara","Skate Board Park","Joe Farrell;Chick Corea;Bob Magnusson;Lawrence Marable",1979-01-29,385866,6,false,1130795251,2021-03-31T10:53:25Z,"jazz funk,jazz fusion,hard bop,jazz,latin jazz,free jazz,cool jazz","Xanadu Records, Ltd.",0.456,0.355,4,-15.865,0,0.0346,0.781,0.00299,0.134,0.754,120.314,4
spotify:track:2DWG1TwirF12sSteIaBkzZ,"Robyn","Robyn","cktrl",2020-11-27,330838,0,false,1130795251,2021-03-31T10:58:54Z,"ambient jazz","Touching Bass",0.285,0.149,4,-11.634,0,0.0367,0.983,0.902,0.112,0.0686,67.309,3
spotify:track:4Jr3hjNCULjKlEVEth6K8u,"South Seas","It's All Right!","Wynton Kelly Trio",1964-01-01,328213,16,false,1130795251,2021-04-01T11:34:28Z,"hard bop,jazz,bebop,jazz ballads,cool jazz","Verve Reissues",0.545,0.44,1,-16.417,1,0.0317,0.801,0.768,0.082,0.931,155.262,4
spotify:track:0Qa1WtVgIPClol80Vcwagu,"A Foggy Day","Relaxed Piano Moods","Hazel Scott",1955-01-21,366866,15,false,1130795251,2021-04-01T11:35:01Z,"jazz","Debut",0.528,0.148,10,-23.422,1,0.0391,0.918,0.929,0.102,0.746,89.702,4
spotify:track:4cFToOICF97xuyTPwOGLKB,"Holdin' Court","The Life Of A Song","Geri Allen;Dave Holland;Jack DeJohnette",2004-08-24,279533,7,false,1130795251,2021-04-01T11:35:30Z,"jazz,free jazz,jazz fusion","Telarc",0.514,0.542,7,-12.498,1,0.0331,0.586,0.821,0.169,0.689,113.032,4
spotify:track:2ehV1aHQC92xL9T7X5NDeq,"Day By Day","Gary Bartz JID006","Gary Bartz;Ali Shaheed Muhammad;Adrian Younge",2021-04-02,295733,0,false,1130795251,2021-04-07T13:23:42Z,"jazz funk,jazz fusion,jazz","Jazz Is Dead",0.435,0.582,5,-6.824,1,0.034,0.236,0.00641,0.0894,0.64,95.302,4
spotify:track:0SvC4cGQUuUQbApmp6CNN9,"Done Away With","The Music of Sven Libaek (Themes from 1960's Cinesound Film Soundtracks)","Sven Libaek",2019-05-13,271280,6,false,1130795251,2021-04-08T20:26:04Z,"exotica","Votary Records",0.457,0.506,0,-11.926,1,0.0415,0.219,0.0000643,0.298,0.281,98.922,4
spotify:track:5UxwlZLKXSHaHpXlaXJCKY,"Elevator Groove","2020","Kuja Orchestra",2020-12-08,303250,1,false,1130795251,2021-04-08T15:00:46Z,"","Jazzaggression",0.641,0.494,7,-11.502,0,0.0391,0.311,0.521,0.146,0.455,115.061,4
spotify:track:3odK8LbY1PGZ1FmLElw9MP,"A Love Supreme, Pt. II - Resolution","THE ESSENCE OF SOIL","SOIL & “PIMP” SESSIONS",2021-03-17,417746,0,false,1130795251,2021-04-12T12:55:34Z,"jazz fusion,bebop,jazz,acid jazz","Victor",0.451,0.682,10,-9.351,0,0.0411,0.0933,0.879,0.364,0.33,94.185,4
spotify:track:1oyjOD9uza4Ieb6OvR9nIU,"Inner Glimpse","4 x 4","McCoy Tyner Quartet",1980-01-01,377866,8,false,1130795251,2021-04-12T13:02:00Z,"hard bop,bebop","Milestone",0.404,0.626,5,-14.166,0,0.038,0.194,0.866,0.108,0.765,126.408,4
spotify:track:62H6djpDSy29Qx30q4yi5u,"Sausalito","Live At The Bijou","Grover Washington, Jr.",1978,607173,24,false,1130795251,2021-04-27T17:21:23Z,"soul jazz,smooth jazz","Hip-O (UC)",0.529,0.82,9,-6.307,1,0.0405,0.222,0.818,0.985,0.942,110.052,4
spotify:track:77d0KyNdtFugTB6yzCJJWR,"Mission","UNITY","Kyoto Jazz Sextet",2017-06-14,406173,15,false,1130795251,2021-05-10T12:30:03Z,"nu jazz","Universal Music LLC",0.594,0.674,7,-10.643,0,0.0496,0.101,0.934,0.0806,0.493,124.88,4
spotify:track:0mFq0zv99j8zw7sgiCcnRg,"Kachin'","Imagination","Curtis Fuller",2013-01-01,413746,2,false,1130795251,2021-05-13T08:35:32Z,"hard bop,jazz ballads,bebop,jazz","Supreme Media",0.524,0.357,1,-11.264,1,0.0373,0.92,0.144,0.111,0.521,114.97,4
spotify:track:4FiGWq2kjnsLh1p2qogmJE,"Gibraltar","Born To Be Blue","Freddie Hubbard",1982-01-01,732760,15,false,1130795251,2021-06-16T14:59:16Z,"hard bop,jazz,bebop,jazz ballads,cool jazz,jazz funk","Original Jazz Classics",0.47,0.411,0,-16.208,0,0.0373,0.333,0.857,0.0829,0.69,125.919,4
spotify:track:3uTBXQSCZBCYcHN8qSR0WZ,"Daisy Mae","Don't Ask My Neighbors","Raul De Souza",1978-01-01,270893,11,false,1130795251,2021-06-20T19:26:35Z,"brazilian jazz,latin jazz","CAPITOL CATALOG MKT (C92)",0.666,0.784,10,-8.888,0,0.0397,0.0958,0.821,0.0526,0.841,129.511,4
spotify:track:7gNrC7OWXD4sp3JZiGEjUc,"Loran's Dance","Reed Seed","Grover Washington, Jr.",1978-01-01,457880,34,false,1130795251,2021-06-20T19:53:33Z,"soul jazz,smooth jazz","Verve Reissues",0.579,0.437,1,-12.721,1,0.0526,0.0427,0.0483,0.0603,0.732,91.866,4
spotify:track:0n7Tl3oIMB1Nj5AGQTqs8y,"A Time There Was","Foreign Affairs","Tõnu Naissoo",2019-04-01,433306,0,false,1130795251,2021-06-24T13:00:35Z,"","ArtBeat music",0.428,0.5,10,-9.82,0,0.03,0.691,0.716,0.352,0.336,151.64,4
spotify:track:20FtAk0iYCjXfv2EZ8Uqnt,"Mambo Mindoro","The Best Of The Concord Years","Cal Tjader",2004-04-13,228333,3,false,1130795251,2021-07-04T20:04:35Z,"latin jazz,afro-cuban jazz,exotica,cool jazz,jazz,brazilian jazz","Concord Picante",0.475,0.836,5,-7.85,1,0.0333,0.632,0.00438,0.0546,0.618,145.714,4
spotify:track:6NCt4GB1ftFpvUF2hjOuH7,"Bacchanal","For the Record","Kieran Overs Quartet",2020-06-23,445773,0,false,1130795251,2021-07-05T16:57:16Z,"","Kieran Overs",0.488,0.513,1,-11.606,1,0.0452,0.0998,0.0131,0.117,0.371,105.158,3
spotify:track:4jyiIviLyWUegRLSSddNKr,"Mother of the Future","Black Love","Carlos Garnett",1974,460720,3,false,1130795251,2021-07-12T14:45:30Z,"jazz funk,free jazz,soul jazz","Soul Brother Records",0.389,0.827,0,-5.473,0,0.147,0.387,0.0000502,0.689,0.572,139.402,4
spotify:track:1AvCrGze8WoTf3PxS0ELWW,"Let Your Spirits Be Free","The Glitter of the City","Ron Everett",2021-06-04,509493,8,false,1130795251,2021-07-15T13:26:17Z,"jazz funk","Jazzman",0.52,0.518,9,-15.988,0,0.0663,0.325,0.182,0.0664,0.837,161.636,4
spotify:track:6Nbj7ac86nySzb47qL5NLg,"Afrodisia","Blue Note Trip: Jazzanova - Lookin' Back / Movin' On","Kenny Dorham",2005-01-01,305066,13,false,1130795251,2021-08-09T15:11:20Z,"hard bop,jazz,afro-cuban jazz,bebop,jazz ballads,cool jazz,latin jazz","Blue Note Records",0.643,0.683,5,-8.107,1,0.0914,0.876,0.83,0.311,0.895,107.76,4
spotify:track:1z0LlPVNmBLagzK9NgzPcR,"Song for Unity","UNITY","Kyoto Jazz Sextet;トモキ・サンダース",2017-06-14,781760,6,false,1130795251,2021-08-09T15:55:04Z,"nu jazz","Universal Music LLC",0.469,0.732,0,-8.048,0,0.0489,0.594,0.132,0.251,0.37,113.787,4
spotify:track:7jJvFw9OUzlZVS4XXTntNr,"Speak Low","Africa","Pharoah Sanders",2008-10-03,488160,18,false,1130795251,2021-08-10T14:40:08Z,"free jazz,ambient jazz,jazz,experimental jazz,hard bop","Timeless Records",0.384,0.449,7,-13.645,0,0.0334,0.514,0.754,0.339,0.687,194.956,4
spotify:track:5uBhxCjIZbTYTlDnyPaG9t,"Jungle Strut","The Boss Is Back!","Gene Ammons",1994-01-01,311226,32,false,1130795251,2021-08-12T07:07:16Z,"jazz,hard bop,jazz ballads,soul jazz,bebop,cool jazz,acid jazz","Prestige",0.646,0.625,3,-13.969,0,0.0756,0.714,0.115,0.0549,0.55,132.603,4
spotify:track:3HqkZQP8zPRathO94XQLCC,"Effi","Members Don't Get Weary","Max Roach",1968,373706,32,false,1130795251,2021-08-31T13:29:14Z,"hard bop,bebop,jazz,free jazz","Rhino Atlantic",0.381,0.774,9,-10.261,0,0.0465,0.0693,0.436,0.086,0.543,94.106,3
spotify:track:0UWTbwuPKwb0HCCx0rRdqN,"Where You At","Where You At?","Karin Krog;Steve Kuhn",2003-01-18,235560,5,false,1130795251,2021-09-01T09:51:08Z,"vocal jazz,jazz","enja yellowbird",0.462,0.341,10,-11.067,0,0.0469,0.734,0,0.104,0.494,169.828,4
spotify:track:44arqpmusmkp8kPGKIzPkJ,"Impressions","Coltrane (Deluxe Edition - Rudy Van Gelder Remaster)","John Coltrane",1962,390106,22,false,1130795251,2021-09-01T09:55:25Z,"jazz,hard bop,free jazz,bebop,jazz ballads,cool jazz","Impulse!",0.391,0.713,0,-5.928,1,0.0796,0.312,0,0.553,0.609,136.735,4
spotify:track:487GVYirmLocFp5DFcyrkq,"Nancy Wilson","Brian Jackson JID008","Adrian Younge;Ali Shaheed Muhammad;Brian Jackson",2021-08-06,162613,0,false,1130795251,2021-09-02T17:59:04Z,"jazz,jazz funk,soul jazz","Jazz Is Dead",0.595,0.543,4,-7.908,0,0.0645,0.714,0.94,0.244,0.697,88.946,4
spotify:track:6tg2cXZiQRZgBJJWZ484Of,"Listen Here","The Electrifying Eddie Harris","Eddie Harris",1999-12-10,463000,27,false,1130795251,2021-09-02T18:01:24Z,"soul jazz,jazz funk,hard bop,jazz,jazz ballads","Rhino Atlantic",0.694,0.364,8,-15.941,1,0.0386,0.411,0.0746,0.234,0.903,144.481,4
spotify:track:5CQXgM1xnIbbhQxAgWmrZL,"Mambo Inn","The Billy Taylor Trio With Candido / A Touch of Taylor","Billy Taylor",2012-09-11,293511,4,false,1130795251,2021-09-16T10:41:18Z,"hard bop,jazz,jazz ballads","Universe Remasterings",0.524,0.539,3,-16.4,1,0.0445,0.976,0.902,0.124,0.672,127.112,4
spotify:track:2wad01jbW8ngGLtjyPycqF,"Yakhal' Inkomo","Yakhal' Inkomo","Winston Mankunku Ngozi",2007-06-07,532800,0,false,1130795251,2021-09-24T06:26:37Z,"jazz","Gallo Record Company",0.427,0.534,3,-6.316,1,0.0419,0.603,0.847,0.0967,0.462,81.808,3
spotify:track:5ZVqeIqZqlHdrazpuqt24H,"All I Do Is Dream Of You","Movin' Right Along","Arnett Cobb",2014-11-01,245160,0,false,1130795251,2021-10-02T19:44:25Z,"hard bop,jazz ballads,jazz,bebop,acid jazz","CoolNote",0.694,0.628,7,-10.382,0,0.0418,0.864,0.176,0.107,0.64,123.131,4
spotify:track:42TEhlxkOFgLi0Gp0adUbE,"How High The Moon","Slim Gaillard Rides Again","Slim Gaillard",1958-01-01,272560,15,false,1130795251,2021-10-21T11:04:32Z,"swing music,bebop","Verve",0.837,0.168,7,-17.893,1,0.121,0.153,0.0533,0.0679,0.629,95.57,4
spotify:track:7hQp1ah6LN6wKGjXrQYJ0V,"Poo's Shuffle","What Goes Around","Jean Toussaint",1992-01-01,350626,0,false,1130795251,2021-10-21T11:05:11Z,"","World Circuit",0.518,0.348,10,-16.4,1,0.0738,0.663,0.0505,0.0585,0.521,161.245,4
spotify:track:6DH9qxj2GJi0lU2Y5FDHky,"A Night In Tunisia - Remastered 2005","A Night In Tunisia (Remaster)","Art Blakey & The Jazz Messengers",2004-01-01,676320,35,false,1130795251,2021-10-24T12:37:09Z,"hard bop,jazz,bebop,cool jazz","Blue Note Records",0.41,0.761,5,-8.036,1,0.111,0.0634,0.532,0.0994,0.418,155.267,4
spotify:track:7eR3xmVscEKMA2MurG680b,"Back To The Land","The Gifted Ones","Count Basie;Dizzy Gillespie",1979-01-01,440466,11,false,1130795251,2021-11-07T10:25:44Z,"big band,swing music,jazz,vocal jazz,bebop,afro-cuban jazz,hard bop,latin jazz,cool jazz","Original Jazz Classics",0.613,0.271,5,-15.849,0,0.0329,0.681,0.74,0.128,0.453,100.869,3
spotify:track:2lxmW2ZnXunveoFBWF0Dca,"River People - Live","Mr. Gone","Weather Report",1978,288840,18,false,1130795251,2021-11-08T10:09:55Z,"jazz fusion,jazz,jazz funk,free jazz","Legacy/Columbia",0.619,0.574,5,-11.029,1,0.0382,0.525,0.0311,0.373,0.403,102.91,4
spotify:track:6hXdca2IVaXzKIKECIDOxO,"Kempton","What's Real?","JK Group;Joshua Moshe",2021-10-01,430694,0,false,1130795251,2021-11-08T15:40:09Z,"nu jazz,indie jazz","La Sape",0.442,0.72,1,-7.998,1,0.0724,0.00767,0.0396,0.139,0.396,126.171,3
spotify:track:6MNgABUCuMoC4Z5zOksOQr,"Snowblower","Best of The Soul Jazz From the Groove Merchant Vault","B. Baker Chocolate Company;L. Quinn",2012-07-02,409333,12,false,1130795251,2021-11-09T13:18:21Z,"jazz funk,soul jazz","LRC Ltd. / Groove Merchant Records",0.641,0.781,10,-5.754,0,0.0336,0.0236,0.00054,0.108,0.556,102.486,4
spotify:track:1lSoXH0vKYX45yBOGY2cYf,"Forget About This","Iaspis","The Bop Collective;Irene Reig;Héctor Floría;Marta Garrett;Joan Casares;Joan Mar Sauqué;Miguel Rodríguez;Alba Pujals;Giuseppe Campisi",2019-09-02,302973,2,false,1130795251,2021-11-11T09:04:47Z,"cool jazz,hard bop","The Changes",0.4,0.602,2,-9.286,1,0.0431,0.887,0.847,0.188,0.322,133.821,4
spotify:track:7I0Xw0ojCMrXy5YDiQdb46,"Mr Shmingle Bangle","Soho Filth (Live from Dean St Studios, London)","The Filthy Six",2021-11-12,278556,0,false,1130795251,2021-11-13T09:45:26Z,"jazz funk,acid jazz,funk","Color Red",0.584,0.638,5,-8.695,0,0.0385,0.747,0.946,0.18,0.896,116.225,4
spotify:track:2qUmQvqFLcmFEWuu5cHQzm,"Space 2","Space 1.8","Nala Sinephro",2021-09-03,294000,0,false,1130795251,2021-11-15T11:57:01Z,"ambient jazz,ambient,experimental jazz,nu jazz","Warp Records",0.35,0.124,8,-20.301,0,0.034,0.865,0.711,0.102,0.039,123.145,4
spotify:track:3xRWVt5tDRLmSWhOSQEJ4z,"Safe, Pt. 1","Boxed In","Daniel Casimir",2021-11-05,427121,8,false,1130795251,2021-11-15T12:56:27Z,"nu jazz,jazz","Jazz re:freshed",0.341,0.578,2,-10.481,1,0.0416,0.00272,0.823,0.135,0.237,74.838,4
spotify:track:3kwichsXjjATXPRffRg4ux,"Safe, Pt. 3","Boxed In","Daniel Casimir",2021-11-05,377796,2,false,1130795251,2021-11-16T13:04:44Z,"nu jazz,jazz","Jazz re:freshed",0.304,0.756,9,-10.772,0,0.0619,0.0225,0.885,0.319,0.653,140.768,4
spotify:track:3Zd5aNC8UHGKOfDpk7uHni,"Shortie's Portion","Piano, Bass and Drums","Patrice Rushen;Derek Oleszkiewicz;Leon ""Ndugu"" Chancler",2006,402720,3,false,1130795251,2021-11-30T07:03:06Z,"post-disco,jazz funk,disco,funk","StarVista Music",0.395,0.447,5,-19.167,0,0.0489,0.277,0.74,0.165,0.421,129.215,4
spotify:track:4CAvHxo3YcmU0OgGaOMFYE,"How Nehemiah Got Free","How Nehemiah Got Free","Camilla George;Sarah Tandy;Daniel Casimir;Winston Clifford",2018-09-14,274466,0,false,1130795251,2021-12-03T13:26:45Z,"nu jazz,jazz","Ubuntu Music",0.527,0.67,0,-11.74,0,0.0517,0.594,0.771,0.0885,0.71,131.07,4
spotify:track:04wBqc0Hk0YYGDyj2FDE5T,"Afrikanization","Afrikanization","The SN Project",2020-06-12,341323,15,false,1130795251,2021-12-06T13:29:30Z,"afro soul,neo soul","The SN Project",0.688,0.531,8,-10.398,1,0.0315,0.744,0.901,0.0889,0.711,102.502,4
spotify:track:1l27GB8qsdLvDIaNjmS7qO,"Satori Ways","Satori Ways","Web Web;Max Herre;Brandee Younger",2021-07-30,336773,0,false,1130795251,2021-12-09T19:07:15Z,"ethiopian jazz,ambient jazz,nu jazz,german hip hop,german pop,experimental jazz,jazz","Compost Records",0.406,0.346,10,-11.385,0,0.0323,0.979,0.189,0.115,0.273,79.268,4
spotify:track:6ATGPaFs4mMNemqPxyGteB,"Frank's Tune","Frank's Tune","Makaya McCraven",2021-08-25,217133,12,false,1130795251,2021-12-09T19:09:45Z,"nu jazz,experimental jazz,indie jazz,jazz,free jazz","Blue Note Records",0.565,0.52,11,-8.307,0,0.0756,0.849,0.928,0.111,0.358,83.498,4
spotify:track:4I9RL6z6TTeI4H2iI2CqcO,"Salsamba","Chet Baker and the Boto Brazilian Quartet","Chet Baker and The Boto Brazilian Quartet",1981-01-01,346733,0,false,1130795251,2021-12-17T08:26:48Z,"","Dreyfus Jazz",0.427,0.399,9,-16.391,0,0.0515,0.471,0.926,0.0967,0.434,129.439,4
spotify:track:2nuD3zk0lrBx1pfJ78jdA1,"Unicorn","Free Ride","Dizzy Gillespie",1977-01-01,408706,43,false,1130795251,2022-01-02T12:20:03Z,"bebop,jazz,afro-cuban jazz,hard bop,latin jazz,big band,cool jazz","Original Jazz Classics",0.845,0.519,0,-11.498,1,0.0685,0.118,0.507,0.0716,0.751,102.71,4
spotify:track:7LzT5lb4b2i1DlOAUxxiTK,"Cumulonimbus","Spacing Out","Shigeharu Mukai",1978-02-25,534333,4,false,1130795251,2022-01-04T17:51:51Z,"jazz fusion,city pop","Nippon Columbia Co., Ltd./NIPPONOPHONE",0.424,0.747,10,-11.508,1,0.0507,0.146,0.13,0.0573,0.792,142.958,4
spotify:track:3YLGS1L9SDdimlgPKRIzqd,"Oleo","Milestones of Legends Jazz Trumpets, Vol.5","Miles Davis",2021-10-01,314613,0,false,1130795251,2022-01-06T11:33:13Z,"jazz,cool jazz,hard bop,bebop,jazz fusion,jazz ballads,free jazz","Intense Media GmbH",0.589,0.321,7,-12.529,0,0.0486,0.793,0.0176,0.0932,0.69,112.079,4
spotify:track:0sTZYXQKE8FKaehEUcygd4,"Glenford Crescent","Reflections","Charlie Mariano",1974,338360,4,false,1130795251,2022-01-06T18:34:43Z,"cool jazz,bebop,jazz,jazz ballads,jazz fusion","WM Finland",0.417,0.697,10,-7.322,1,0.0378,0.785,0.776,0.148,0.466,95.967,3
spotify:track:4eB5UveH5MYvJchYpUfcgN,"Viscosity","Blue Trombone (Expanded Edition)","J.J. Johnson",1957,261040,5,false,1130795251,2022-01-11T14:11:13Z,"hard bop,bebop,jazz,jazz ballads,cool jazz","Columbia/Legacy",0.605,0.34,8,-13.425,1,0.0385,0.878,0.0254,0.137,0.672,116.02,4
spotify:track:2Uyv4IymecQUPjKchJKC3R,"Cast Your Fate To The Wind","Jazz Impressions Of Black Orpheus","Vince Guaraldi Trio",1990-01-01,185866,38,false,1130795251,2022-01-13T12:29:52Z,"christmas","Original Jazz Classics",0.449,0.141,8,-20.982,1,0.0407,0.782,0.235,0.116,0.311,124.658,4
spotify:track:2h1o6yFR9Gjh8DqHwTy3M9,"Soul Eyes","Coltrane (Deluxe Edition - Rudy Van Gelder Remaster)","John Coltrane Quartet",1962,323146,53,false,1130795251,2022-01-19T08:03:22Z,"jazz,jazz ballads,cool jazz,hard bop,free jazz,bebop","Impulse!",0.391,0.304,5,-11.857,0,0.0433,0.936,0.163,0.0908,0.199,78.167,4
spotify:track:6bzsEnLMmWRKv0POOzwJ0A,"Nebulosa","Embalo","Tenorio Jr.",1964-01-01,113333,34,false,1130795251,2022-01-19T08:08:05Z,"brazilian jazz,bossa nova","Som Livre",0.42,0.867,5,-7.348,1,0.0363,0.57,0.871,0.134,0.48,101.276,4
spotify:track:4vLYewWIvqHfKtJDk8c8tq,"So What (feat. John Coltrane, Cannonball Adderley & Bill Evans)","Kind Of Blue (Legacy Edition)","Miles Davis;John Coltrane;Cannonball Adderley;Bill Evans",1959-08-17,562640,65,false,1130795251,2022-02-03T08:11:04Z,"jazz,cool jazz,hard bop,bebop,jazz fusion,jazz ballads,free jazz","Columbia/Legacy",0.532,0.151,0,-17.266,1,0.0376,0.706,0.00136,0.116,0.211,136.759,4
spotify:track:04qmznV6KfBoQmzxn12q6Z,"Paris Walking II","Dingo - Selections From the Motion Picture Soundtrack","Miles Davis;Michel Legrand",1991-11-05,197133,9,false,1130795251,2022-02-07T10:18:22Z,"jazz,cool jazz,hard bop,bebop,jazz fusion,jazz ballads,free jazz,french jazz","Rhino/Warner Records",0.539,0.606,9,-10.538,0,0.0855,0.144,0.00408,0.194,0.647,73.733,4
spotify:track:4AtYmZ3WlZ1EZ0KfBrZKI2,"From The Point of Love","O, What A Beautiful Morning!","Henry Franklin;Theo Saunders;Azar Lawrence;Tony Austin",2008-05-07,409426,0,false,1130795251,2022-02-10T10:05:55Z,"free jazz,jazz,hard bop,jazz fusion","SKIPPER PRODUCTIONS",0.411,0.421,7,-12.355,1,0.0314,0.0445,0.148,0.141,0.532,88.899,4
spotify:track:6Z5yT9TBB5ipCVBQxEskzy,"Me and You - Special Edition","Colour Yes (Special Edition)","Matthew Halsall",2009-10-26,404133,35,false,1130795251,2022-02-10T11:46:36Z,"ambient jazz,jazz,nu jazz,indie jazz","Gondwana Records",0.43,0.189,11,-15.972,1,0.0338,0.843,0.887,0.0836,0.0676,122.506,4
spotify:track:1A88CCfUoTx1nxWFCEBNUH,"Interstellar Lowways","Dancing Shadows","Tyler Mitchell;Marshall Allen",2022-01-28,444843,0,false,1130795251,2022-02-11T09:37:24Z,"free jazz,avant-garde","Mahakala Music",0.494,0.45,5,-8.327,1,0.0321,0.551,0.157,0.122,0.465,122.354,4
spotify:track:56r7qwEjOZeZCzaN0g4v1S,"Crisis","Crisis","Louis Hayes",2021-11-12,347466,2,false,1130795251,2022-02-19T20:32:55Z,"hard bop,jazz,bebop","Savant",0.476,0.458,0,-11.028,1,0.0275,0.534,0.0000315,0.0966,0.374,100.99,4
spotify:track:7unF2ARDGldwWxZWCmlwDM,"A Love Supreme, Pt. II - Resolution","A Love Supreme","John Coltrane",1965-02,437840,46,false,1130795251,2022-02-28T08:08:06Z,"jazz,hard bop,free jazz,bebop,jazz ballads,cool jazz","GRP",0.341,0.57,8,-11.71,1,0.0673,0.581,0,0.0966,0.392,89.754,4
spotify:track:1iZbbP8mQmiC6oyoFWuvmk,"Samba Miaou","Spiritual Jazz 3: Europe","Full Moon Ensemble",2012-09-03,452226,8,false,1130795251,2022-03-11T16:35:55Z,"french jazz,free jazz","Jazzman",0.316,0.704,7,-10.79,1,0.0596,0.615,0,0.196,0.503,132.566,4
spotify:track:0pKJLkEcMZ2XQ41MTs4Ar5,"First Light","First Light","Freddie Hubbard",1971,665066,13,false,1130795251,2022-03-24T12:11:44Z,"hard bop,jazz,bebop,jazz ballads,cool jazz,jazz funk","CBS Associated",0.38,0.366,3,-19.81,0,0.0431,0.711,0.916,0.16,0.551,156.713,4
spotify:track:3OqOtyJl2xqwl5fqT572FB,"Keep on Moving On","The Power of Feeling (Digitally Remastered)","Sir Edward",2014-10-21,270489,3,false,1130795251,2022-03-27T20:04:53Z,"jazz funk","Essential Media Group",0.41,0.622,10,-9.032,1,0.0335,0.726,0.224,0.269,0.517,136.264,4
spotify:track:0wIjLBtF13wkJ5MGPYmFSZ,"First Light","Two For Mistake","Alfa Mist",2021-11-17,372548,20,false,1130795251,2022-03-29T13:40:04Z,"nu jazz,jazz rap,indie jazz,jazz fusion,jazz","Anti/Epitaph",0.36,0.664,9,-5.915,0,0.0356,0.148,0.887,0.12,0.64,92.969,4
spotify:track:5DMLaVP3jasV30j6b4qDOb,"Doodlin'","Yakhal' Inkomo","Winston Mankunku Ngozi",2007-06-07,363573,0,false,1130795251,2022-03-30T11:19:48Z,"jazz","Gallo Record Company",0.651,0.524,10,-6.28,1,0.0509,0.482,0.861,0.0957,0.289,115.795,3
spotify:track:2mDbELkHPTwr3ctwH3GPEv,"Father Forest","Father Forrest","Kyoto Jazz Sextet;森山威男",2022-03-30,328600,1,false,1130795251,2022-03-30T13:59:38Z,"nu jazz,free jazz","Universal Music LLC",0.396,0.648,9,-8.057,0,0.046,0.383,0.774,0.0644,0.448,117.944,4
spotify:track:2uLixwkQkcWUwiKzkpBkTQ,"You Can't Get Away","Jazz on Air","Wynton Kelly",2014-10-30,380087,0,false,1130795251,2022-04-05T10:04:54Z,"hard bop,jazz,bebop,jazz ballads,cool jazz","What a Wonderful Masterpieces Recordings World",0.581,0.158,0,-14.817,1,0.057,0.945,0.907,0.108,0.542,76.182,4
spotify:track:1MxI0HnDB0yai6eXiBnNrE,"Nefertiti - Alternative Version","Other Directions (Remastered and Unreleased Tracks)","Nicola Conte",2004,383386,12,false,1130795251,2022-04-05T11:35:13Z,"nu jazz,acid jazz,bossa nova,brazilian jazz,latin jazz","Schema Records",0.623,0.664,5,-8.334,0,0.0467,0.416,0.9,0.0535,0.934,100.97,4
spotify:track:5agwTdTIbgGkTVHd0REK2I,"theme 001","theme 001","Jaimie Branch",2021-04-26,281920,0,false,1130795251,2022-04-13T15:38:28Z,"experimental jazz,free jazz,jazz","International Anthem",0.516,0.809,4,-10.504,0,0.112,0.0649,0.86,0.075,0.432,140.055,4
spotify:track:2ViZ7lfdf82BjoRBEcojBT,"Infusion","Ultra/Sound","The IgG Band",2022-04-01,521000,1,false,1130795251,2022-04-15T07:37:15Z,"","Kalita Records",0.595,0.815,5,-7.825,1,0.0696,0.0656,0.00217,0.116,0.537,145.85,4
spotify:track:2nnPVgSBdaTb2PNmT9fRMn,"Enredo","Indian Summer","Alberto Netto;Dino Govoni;Alain Mallet;Oscar Stagnaro",1997-09-20,332917,0,false,1130795251,2022-04-17T18:14:46Z,"","Artdrums",0.484,0.729,5,-8.424,0,0.0366,0.555,0.38,0.078,0.81,129.625,4
spotify:track:3Vw6jxsmxkwMgYwNSyGO0v,"Mars Blues","The New Heritage","Telemakus;Chino Corvalán;Ted Taforo;Corydrums",2021-10-13,230782,32,false,1130795251,2022-04-25T10:20:40Z,"nu jazz,jazz fusion,jazz funk,experimental jazz,jazz beats,indie jazz","Radio Juicy",0.424,0.514,1,-13.421,1,0.0773,0.495,0.792,0.0633,0.497,93.728,3
spotify:track:23xKdsgskHulMZenfi7YxB,"Forest Mode","SUCCESSION","Kyoto Jazz Sextet;Takeo Moriyama",2022-04-13,497773,3,false,1130795251,2022-04-25T15:00:51Z,"nu jazz,free jazz,experimental jazz","Universal Music LLC",0.402,0.839,7,-8.79,0,0.0592,0.274,0.213,0.205,0.513,132.541,4
spotify:track:5teGey2upNiHtMwBX9jaUQ,"Evidence","Ya Yo Me Curé","Jerry Gonzalez",1980-01-01,537106,0,false,1130795251,2022-04-26T12:48:42Z,"latin jazz,afro-cuban jazz","Sunnyside",0.581,0.58,5,-15.349,0,0.0841,0.051,0.327,0.0665,0.824,135.887,4
spotify:track:4zyWDUryo6CEMXanUIf2bV,"Part II","Part II","Rosie Turton;Johanna Burnheart;Maria Chiara Argirò;Twm Dylan;Jake Long;Ben Hayes",2021-06-01,401693,3,false,1130795251,2022-04-28T10:29:18Z,"indie jazz,nu jazz","Rosie Turton",0.352,0.598,7,-9.492,1,0.0401,0.558,0.947,0.0874,0.284,119.879,4
spotify:track:1bCnIUFvdOavyG8gnMfj0U,"Cedar Tree","Back to Back","Artie Zaitz;Mark Kavuma;William Cleasby",2022-03-04,485670,1,false,1130795251,2022-05-05T07:05:25Z,"jazz ballads,jazz","Banger Factory Records",0.49,0.537,2,-12.339,0,0.0594,0.696,0.451,0.114,0.15,106.023,4
spotify:track:5Pldw6q3Qa9tfWqXFWRSGY,"SMiLE","SMiLE","DOMi & JD BECK",2022-04-29,191361,24,false,1130795251,2022-05-05T09:28:49Z,"jazz fusion","Blue Note Records",0.774,0.513,10,-11.059,0,0.0444,0.753,0.937,0.105,0.713,96.025,5
spotify:track:3T86cxtAEWDx1Nv8gp77A1,"ディス・プラネット・イズ・アワーズ","ヒップ・シーガル","Terumasa Hino",2017-09-20,417066,13,false,1130795251,2022-05-05T14:49:27Z,"jazz fusion,free jazz,city pop","JVC",0.591,0.662,2,-5.769,0,0.032,0.504,0.447,0.0759,0.326,131.064,4
spotify:track:4RsL2ZlU4P0CIKDrOwQkzz,"Romance","WaJazz: Japanese Jazz Spectacle Vol.I - Deep, Heavy and Beautiful Jazz from Japan 1968-1984 - The Nippon Columbia masters - Selected by Yusuke Ogawa (Universounds)","Hiroshi Suzuki",2022-04-08,356352,0,false,1130795251,2022-05-17T09:25:06Z,"cool jazz","180g",0.467,0.315,7,-11.339,0,0.0268,0.719,0.898,0.0727,0.249,147.971,4
spotify:track:72wP2qnBz48qHEutvvnpfY,"Piece of Mind","Power Of Soul","Idris Muhammad",1974,561626,35,false,1130795251,2022-05-19T07:44:41Z,"jazz funk,soul jazz","Epic",0.462,0.571,2,-10.858,0,0.0327,0.0419,0.099,0.0675,0.575,81.826,4
spotify:track:3ZOJLaTkvHJeqJEr5HpnSD,"Dorian","The Classic Albums Collection: 1954-1964","Roy Haynes",2018-04-06,408333,1,false,1130795251,2022-05-19T09:16:28Z,"hard bop,bebop,jazz","ENLIGHTENMENT",0.4,0.323,0,-15.215,0,0.0344,0.776,0.102,0.0971,0.585,149.595,3
spotify:track:1gar8iI5WymD6lqKfLSr5B,"Language Of The Unheard","Black Lives - from Generation to Generation","Black Lives - from Generation to Generation;E.J. Strickland",2022-03-25,382053,0,false,1130795251,2022-05-29T14:07:24Z,"","Jammin'colorS",0.28,0.573,9,-10.932,1,0.0415,0.22,0.943,0.134,0.372,176.225,4
spotify:track:3FbfmIk5HTatLxCrGH22z5,"We Change - Part I","Interstellar Black Space","Brandon Coleman;Kamasi Washington",2022-05-20,294826,26,false,1130795251,2022-05-29T15:15:08Z,"jazz funk,jazz","Brainfeeder",0.315,0.795,5,-8.527,1,0.0592,0.0115,0.0402,0.362,0.11,169.703,4
spotify:track:08DPZpMCmtydDTdcpi8yIO,"Mutha Afrika","Interstellar Black Space","Brandon Coleman",2022-05-20,261226,2,false,1130795251,2022-06-10T08:43:51Z,"jazz funk","Brainfeeder",0.696,0.763,10,-9.476,0,0.0442,0.122,0.752,0.0833,0.912,124.935,4
spotify:track:1iHmPCqMfAy6MaIcy7wuUO,"Matrix","Best of Perception Records Sampler: Matrix B/W Take It Easy My Brother Charlie","Dizzy Gillespie",2012-02-06,241480,37,false,1130795251,2022-06-12T09:11:33Z,"bebop,jazz,afro-cuban jazz,hard bop,latin jazz,big band,cool jazz","BBE Music",0.63,0.551,5,-7.429,0,0.0551,0.46,0.866,0.133,0.537,102.543,4
spotify:track:45gtpT8r1X9Q5EmAl7Fz7g,"Eastern Joy Dance","Mambo Diablo","Tito Puente & His Latin Ensemble",1985-09-30,353493,14,false,1130795251,2022-07-02T14:11:31Z,"latin jazz,afro-cuban jazz,cha cha cha,mambo","Concord Picante",0.462,0.431,8,-15.466,1,0.0319,0.434,0.0896,0.109,0.845,100.975,3
spotify:track:7A1UgsY87h3i14TeYpg6HL,"Spiritual - Live At The Village Vanguard, 1961","Live At The Village Vanguard - The Master Takes","John Coltrane Quartet",1998-02-24,827960,26,false,1130795251,2022-08-03T09:14:50Z,"jazz,jazz ballads,cool jazz,hard bop,free jazz,bebop","Impulse!",0.457,0.489,7,-14.248,0,0.0423,0.474,0.00379,0.66,0.263,116.394,3
spotify:track:1WbVJv8vuOkbOtqJeaSKKW,"Mambo Inn","The Billy Taylor Trio With Candido","Billy Taylor Trio",1954-01-01,289066,8,false,1130795251,2022-08-10T07:27:31Z,"latin jazz,jazz","Prestige",0.5,0.639,4,-13.808,1,0.0453,0.976,0.918,0.118,0.677,127.017,4
spotify:track:4jU0Qd7Ev32vN5M6SUAsAf,"Sandunga","Manhattan Latin","Dave Pike",1964-01-01,158880,30,false,1130795251,2022-08-14T15:20:36Z,"latin jazz,exotica,afro-cuban jazz","GRP",0.651,0.732,5,-7.218,1,0.0316,0.831,0.629,0.102,0.723,115.973,4
spotify:track:1sxRufRKMer2iOqxUkdhN4,"You've Got to Have Freedom","Africa","Pharoah Sanders",2008-10-03,606160,35,false,1130795251,2022-08-16T13:39:19Z,"free jazz,ambient jazz,jazz,experimental jazz,hard bop","Timeless Records",0.402,0.557,0,-12.786,0,0.0358,0.0904,0.883,0.173,0.648,130.5,4
spotify:track:4IIxBK0L8uj7viwxhmuSc4,"Love Is Everywhere","Wisdom Through Music","Pharoah Sanders",1973-01-01,318626,48,false,1130795251,2022-08-16T13:39:29Z,"free jazz,ambient jazz,jazz,experimental jazz,hard bop","Verve Reissues",0.507,0.726,5,-11.719,0,0.0375,0.886,0.341,0.154,0.751,127.825,4
spotify:track:2dO2JaCAZBe3vZWNFsIRAI,"September Sun","September Sun / Morning Song","September Sun",2022-06-24,300880,3,false,1130795251,2022-08-24T10:00:51Z,"","Lazy Robot Records",0.783,0.65,4,-8.427,0,0.0343,0.398,0.857,0.086,0.696,116.022,4
spotify:track:3WBOCI8zM5SKfTXq41wM4e,"Our Love Is Here To Stay - Rudy Van Gelder Edition / 2003 Remaster","Our Man In Paris (Rudy Van Gelder Edition)","Dexter Gordon",1963,339160,32,false,1130795251,2022-09-07T15:21:42Z,"hard bop,jazz,jazz ballads,bebop,cool jazz","Blue Note Records",0.521,0.471,5,-8.49,1,0.0504,0.587,0,0.301,0.723,165.215,4
spotify:track:36tS6yHM1vIat3PEVuMm1u,"Earth Fire","The Temple Within","Matthew Halsall",2022-08-26,335253,8,false,1130795251,2022-09-08T15:21:55Z,"ambient jazz,jazz,nu jazz,indie jazz","Gondwana Records",0.423,0.438,8,-12.199,0,0.0366,0.712,0.94,0.101,0.566,143.484,3
spotify:track:3InLKqnXS5rIJlKHvwa4IC,"Jungoso","What's New?","Sonny Rollins",1962-08-13,652666,12,false,1130795251,2022-09-20T07:43:29Z,"hard bop,jazz,bebop,jazz ballads,cool jazz","RCA Victor",0.644,0.442,3,-15.059,1,0.137,0.941,0.905,0.0939,0.233,114.237,4
spotify:track:674hHvIwxhLLPdBhdZENFU,"From the Lonely Afternoon","Carry On","Flora Purim",1979,205360,20,false,1130795251,2022-10-17T08:51:53Z,"brazilian jazz,jazz fusion,latin jazz,bossa nova,vocal jazz","Rhino/Warner Records",0.494,0.891,5,-9.873,0,0.161,0.243,0.000077,0.216,0.742,112.786,3
spotify:track:32ycj6GO8VzQJyQdQHVTqI,"Rising Part I","Rising","JK Group;Joshua Moshe",2022-10-14,309225,0,false,1130795251,2022-10-17T09:43:52Z,"nu jazz,indie jazz","La Sape",0.474,0.556,1,-9.358,1,0.0346,0.529,0.787,0.135,0.158,123.019,4
spotify:track:3SytOaGHVXhXTbJMhRpA5J,"Fantasy In D","Peacemaker","Per Husby Septett",1977,267506,0,false,1130795251,2022-10-28T12:22:16Z,"","BBE Music",0.441,0.607,2,-8.103,1,0.0343,0.663,0.0384,0.0895,0.494,113.373,4
spotify:track:3On2Z61FnTpoqwNwljhAqE,"Fire","Reflections","Alina Bzhezhinska;HipHarpCollective",2022-09-23,430373,13,false,1130795251,2022-10-28T15:29:50Z,"ambient jazz","BBE Music",0.596,0.506,4,-12.565,0,0.0717,0.176,0.711,0.116,0.472,110.64,4
spotify:track:2pAIITHOMIQIfmBWvgdMwx,"I'm Beginning To See The Light","Up Tight!","Gene Ammons",1994-01-01,287866,1,false,1130795251,2022-10-30T10:05:22Z,"jazz,hard bop,jazz ballads,soul jazz,bebop,cool jazz,acid jazz","Prestige",0.538,0.35,5,-13.254,0,0.0527,0.674,0.0000916,0.147,0.622,154.263,4
spotify:track:3QdPiKdp1kARwfaVefO8Jm,"Barlovento","Espejismo","Virgilio Armas y su Grupo",2022-04-30,250506,7,false,1130795251,2022-11-02T09:53:55Z,"experimental jazz","IC RECORD",0.528,0.458,10,-13.111,1,0.0525,0.978,0.917,0.101,0.756,175.992,3
spotify:track:1OtISG0K02k06m1BENey4H,"Equinox","Coltrane's Sound","John Coltrane",1964-06,487279,52,false,1130795251,2022-11-03T12:50:14Z,"jazz,hard bop,free jazz,bebop,jazz ballads,cool jazz","Rhino Atlantic",0.62,0.203,8,-15.599,0,0.0341,0.798,0.501,0.0649,0.27,116.8,4
spotify:track:6t14aZ2IJnPbCeAX2KXEYS,"The Peacemaker","Peacemaker","Per Husby Septett",1977,406760,3,false,1130795251,2022-11-04T10:21:54Z,"","BBE Music",0.437,0.345,3,-13.293,1,0.0292,0.841,0.909,0.111,0.396,115.204,3
spotify:track:20Lzd1MB6F6tNdt6stA7IL,"Journey in Satchidananda","Journey in Satchidananda / Blue Nile","Matthew Halsall;The Gondwana Orchestra",2015-03-02,406234,33,false,1130795251,2022-11-17T13:54:41Z,"ambient jazz,jazz,nu jazz,indie jazz","Gondwana Records",0.315,0.302,2,-12.27,1,0.0377,0.718,0.327,0.108,0.141,100.222,3
spotify:track:0Y8V5ca5o6lXASp8EzDTVq,"Abasi Enyong","Ibio-Ibio","Camilla George",2022-09-30,307426,7,false,1130795251,2022-11-17T13:55:17Z,"nu jazz,jazz","Eternal Source Of Light",0.533,0.239,8,-10.557,1,0.0351,0.891,0.279,0.22,0.281,105.095,4
spotify:track:55EWwfLdj6P8O4OZlu67nS,"Ukpong","Ibio-Ibio","Camilla George",2022-09-30,347251,9,false,1130795251,2022-11-17T13:55:30Z,"nu jazz,jazz","Eternal Source Of Light",0.523,0.67,8,-8.946,1,0.0384,0.776,0.513,0.16,0.645,100.386,4
spotify:track:2U9py7MKJ1lyVcxRDMpwMF,"New Beginnings","Horizons","Jasmine Myra",2022-07-15,379520,31,false,1130795251,2022-11-18T09:59:38Z,"ambient jazz,nu jazz,jazz","Gondwana Records",0.497,0.35,9,-12.708,1,0.0275,0.796,0.907,0.0993,0.185,92.634,4
spotify:track:5p1K5ApHnLzertZJPbhUv5,"Blessed Blackness","Food For Thought","The J.B.'s",1972-01-01,226693,25,false,1130795251,2022-11-21T11:13:59Z,"funk","Universal Records",0.605,0.677,5,-9.319,0,0.0399,0.417,0.31,0.0736,0.764,131.938,4
spotify:track:4Ag0bpdJVnaGU9xOXOSQQ3,"Flight 19","Point Of Departure (The Rudy Van Gelder Edition)","Andrew Hill",1964,258320,18,false,1130795251,2022-11-21T11:30:07Z,"free jazz,hard bop,jazz,experimental jazz,avant-garde,bebop","Blue Note Records",0.45,0.445,5,-12.153,0,0.0595,0.644,0.00000255,0.124,0.812,152.148,4
spotify:track:78C8UUiUKS96V8WNmFwkor,"White Sand","Doin' It Right Now","Von Freeman",2006-09-19,284893,2,false,1130795251,2022-12-01T10:04:48Z,"hard bop,jazz","Rhino Atlantic",0.565,0.445,5,-13.218,0,0.0549,0.75,0.4,0.0794,0.61,113.423,4
spotify:track:0DWU6lDxGXt555jdXRUPuz,"Mr. P.C. - 2020 Remaster","Giant Steps (60th Anniversary Super Deluxe Edition) [2020 Remaster]","John Coltrane",1960,417445,31,false,1130795251,2022-12-12T12:52:52Z,"jazz,hard bop,free jazz,bebop,jazz ballads,cool jazz","Rhino Atlantic",0.462,0.494,1,-12.677,1,0.0767,0.128,0.000241,0.424,0.52,130.969,4
spotify:track:52PbXYeqhcrXsQRsqqgM58,"Epilogue","Planets","Masaru Imada Trio + 1",1977,253506,7,false,1130795251,2022-12-27T12:23:00Z,"","BBE Music",0.274,0.129,10,-21.3,1,0.0358,0.989,0.887,0.0887,0.0399,106.028,1
spotify:track:5prTXatyO9ZFRfgfwfugca,"Morgan The Pirate","Retrospective","Lee Morgan;Grant Green",2002-01-01,392960,3,false,1130795251,2022-12-28T22:55:41Z,"hard bop,jazz,bebop,jazz ballads,cool jazz,jazz funk,soul jazz","Blue Note Records",0.412,0.534,3,-10.653,1,0.0386,0.649,0.00129,0.0963,0.538,175.823,3
spotify:track:35P9RQi2YnX7qkGIO3O8S1,"Freedom as a Heartfelt Song","Thought, Action, Reaction, Interaction","Work Money Death",2022-11-25,657398,0,false,1130795251,2023-01-09T10:43:20Z,"free jazz","ATA Records",0.212,0.692,8,-9.026,1,0.0531,0.578,0.0104,0.341,0.438,63.49,4
spotify:track:20jyBVnGtIVFXvnwASe6LT,"One Finger Snap - Remastered","Empyrean Isles (Expanded Edition)","Herbie Hancock",1964-06-17,441386,35,false,1130795251,2023-01-11T19:25:22Z,"jazz,jazz fusion,jazz funk,hard bop,cool jazz","Blue Note Records",0.472,0.8,5,-8.427,0,0.0694,0.624,0.00153,0.321,0.731,136.898,4
spotify:track:1GhB8zvwqvpTMH7eISMVeD,"Pharomba","Love Will Find a Way (Expanded Edition)","Pharoah Sanders",1978-01-01,271120,19,false,1130795251,2023-01-16T14:47:52Z,"free jazz,ambient jazz,jazz,experimental jazz,hard bop","Arista/Legacy",0.487,0.859,8,-10.304,1,0.17,0.184,0.189,0.0654,0.594,135.42,4
spotify:track:2JITVZu8o6ls9k8SoMRy7w,"Footprints - Remastered","Adam's Apple (Rudy Van Gelder Edition)","Wayne Shorter",1967,449773,53,false,1130795251,2023-01-24T22:28:12Z,"hard bop,jazz,jazz ballads,bebop,cool jazz,free jazz,jazz fusion","Blue Note Records",0.53,0.454,7,-11.19,0,0.028,0.768,0.116,0.113,0.492,135.947,3
spotify:track:2LZlFFi7DUeJV3pX8ExJIY,"Odyssey","Portrait In Soul","Valerie Capers",1965-06-15,533186,0,false,1130795251,2023-01-26T10:42:34Z,"","Rhino Atlantic",0.508,0.253,0,-15.8,0,0.0443,0.542,0.00985,0.202,0.375,124.597,4
spotify:track:7Gk6sVBkx92MOp3DhhtfwH,"New Moon","Spirit of the New Land","Doug Carn;Jean Carn",1972-12-03,325632,3,false,1130795251,2023-02-05T20:53:19Z,"jazz funk,free jazz,jazz,soul jazz,philly soul,post-disco,classic soul,quiet storm","Black Jazz Records",0.441,0.574,0,-12.669,0,0.0333,0.553,0.847,0.183,0.654,106.188,4
spotify:track:4ECqQ5sJ5s2fKiUp4sD0nI,"Dakar","The Loneliest Flower in the Village","Nostalgia 77",2023-01-27,555168,3,false,1130795251,2023-02-20T14:51:12Z,"nu jazz,acid jazz","Jazzman",0.45,0.321,0,-16.11,1,0.0419,0.457,0.721,0.0836,0.64,94.069,3
spotify:track:0KofLK9XoxLOG1sx2cbj3A,"Wail Bait - Remastered","Memorial Album (Remastered / Rudy Van Gelder Edition)","Clifford Brown",2001-01-01,242826,10,false,1130795251,2023-02-21T19:59:30Z,"hard bop,bebop,jazz,jazz ballads,cool jazz","Blue Note Records",0.629,0.404,5,-9.286,0,0.0389,0.884,0.442,0.121,0.597,83.311,4
spotify:track:4qRJ7ZJyfzchEd2fjle7Bz,"Search For Peace","The Real McCoy (Remastered / Rudy Van Gelder Edition)","McCoy Tyner",1967,392000,50,false,1130795251,2023-02-26T22:22:32Z,"jazz,hard bop,jazz ballads,cool jazz,bebop,free jazz","Blue Note Records",0.456,0.222,0,-16.879,1,0.0354,0.938,0.806,0.24,0.15,112.725,4
spotify:track:1CDBaGlisZlOJzvx88lL8A,"Song For My Father","Song For My Father","Horace Silver",1964,438280,58,false,1130795251,2023-02-26T22:27:46Z,"hard bop,jazz,bebop,cool jazz,soul jazz,jazz ballads","Blue Note Records",0.742,0.671,5,-8.142,0,0.0407,0.794,0.00441,0.122,0.591,127.359,4
spotify:track:0QRcIGOrLvLNhIB9SLXW9F,"Adam's Apple - Remastered 2000 / Rudy Van Gelder Edition","Adam's Apple (Rudy Van Gelder Edition)","Wayne Shorter",1967,409626,43,false,1130795251,2023-02-26T22:33:12Z,"hard bop,jazz,jazz ballads,bebop,cool jazz,free jazz,jazz fusion","Blue Note Records",0.511,0.524,3,-10.604,0,0.0329,0.739,0.00166,0.116,0.644,85.056,4
spotify:track:6fw1b1bCVNY5EVurncxIss,"Witch Hunt - Remastered1998/Rudy Van Gelder Edition","Speak No Evil (The Rudy Van Gelder Edition)","Wayne Shorter",1966-06-01,491493,42,false,1130795251,2023-02-26T22:39:47Z,"hard bop,jazz,jazz ballads,bebop,cool jazz,free jazz,jazz fusion","Blue Note Records",0.417,0.688,5,-7.234,0,0.0412,0.581,0.0000175,0.0284,0.407,99.948,4
spotify:track:0X7rCA8YKz31S3uzJ2qsF9,"Cool Struttin' - Remastered","Cool Struttin’","Sonny Clark",1958-01-05,560655,18,false,1130795251,2023-02-26T22:42:21Z,"hard bop,jazz,bebop,jazz ballads,cool jazz","CM BLUE NOTE (A92)",0.624,0.326,7,-12.11,0,0.0358,0.812,0.0191,0.247,0.456,108.387,4
spotify:track:0h7ChrEg2UJFl3P5RpHrds,"Locomotion","Blue Train: The Complete Masters","John Coltrane",2022-09-16,434320,23,false,1130795251,2023-03-02T13:41:03Z,"jazz,hard bop,free jazz,bebop,jazz ballads,cool jazz","CM BLUE NOTE (A92)",0.496,0.474,3,-13.083,1,0.048,0.826,0.179,0.0978,0.879,133.85,4
spotify:track:3GXYGbyvprPqiH9do6ewY3,"Moment's Notice","Blue Train","John Coltrane",1957-11-01,550189,48,false,1130795251,2023-03-02T22:43:13Z,"jazz,hard bop,free jazz,bebop,jazz ballads,cool jazz","Blue Note Records",0.532,0.372,8,-13.911,1,0.0408,0.613,0.0019,0.32,0.783,123.322,4
spotify:track:1cjVMCYoLlzZ6AeC6fUvZJ,"Ping Pong","Roots And Herbs","Art Blakey & The Jazz Messengers",1999-01-01,426866,14,false,1130795251,2023-03-04T15:31:05Z,"hard bop,jazz,bebop,cool jazz","Blue Note Records",0.505,0.534,5,-10.919,0,0.043,0.503,0.000231,0.0872,0.595,119.209,4
spotify:track:4alnEVY9raqdYH4RCiyUGJ,"Pug Nose","Introducing Wayne Shorter (Expanded Edition)","Wayne Shorter",1959,415093,9,false,1130795251,2023-03-05T09:39:11Z,"hard bop,jazz,jazz ballads,bebop,cool jazz,free jazz,jazz fusion","Vee-Jay Records",0.669,0.266,10,-14.63,0,0.0393,0.526,0.513,0.103,0.509,127.907,4
spotify:track:5xxHyBIK5bo3Uruer0hlGh,"Horizons","Horizons","Jasmine Myra",2022-07-15,323320,46,false,1130795251,2023-03-07T10:36:43Z,"ambient jazz,nu jazz,jazz","Gondwana Records",0.413,0.329,9,-14.006,1,0.026,0.721,0.919,0.101,0.139,98.896,4
spotify:track:6AanQLrt4GtYXutqNiiQJG,"Nefertiti","Nefertiti (Expanded Edition)","Miles Davis",1968-03,470733,31,false,1130795251,2023-03-09T08:12:46Z,"jazz,cool jazz,hard bop,bebop,jazz fusion,jazz ballads,free jazz","Columbia/Legacy",0.396,0.464,1,-10.553,1,0.0315,0.326,0.309,0.312,0.129,107.331,4
spotify:track:3adOstnpR3h59VbfGpOkhf,"Search For The New Land - Remastered 2000/Rudy Van Gelder Edition","Search For The New Land (Rudy Van Gelder Edition/2000 Remastered)","Lee Morgan",1966,945493,27,false,1130795251,2023-03-09T08:13:22Z,"hard bop,jazz,bebop,jazz ballads,cool jazz","Blue Note Records",0.368,0.374,5,-12.846,0,0.0374,0.785,0.00997,0.122,0.317,92.93,4
spotify:track:4b8Urmk1C8zuXnVIzJHRNf,"No Me Esqueca","Rick Laird, Tom Grant","Joe Henderson;Rick Laird;Ron Steen;Tom Grant",1989,360826,4,false,1130795251,2023-03-16T08:18:52Z,"hard bop,jazz,jazz ballads,bebop,cool jazz,free jazz,smooth jazz,jazz fusion","Timeless Records",0.53,0.517,5,-13.776,1,0.0331,0.62,0.308,0.143,0.689,105.813,4
spotify:track:1VzXzBWxpNqegHMDJ9p725,"Unforgotten, Unforgiven","Unforgotten, Unforgiven","Scrimshire;Nat Birchall",2023-03-17,276588,8,false,1130795251,2023-03-20T09:30:00Z,"nu jazz,indie jazz,free jazz,ambient jazz","Albert's Favourites",0.362,0.237,7,-17.113,0,0.042,0.483,0.356,0.137,0.101,103.736,3
spotify:track:33beCwijArQqDiW4ybDhlX,"Flying","Cayenne","Bill Summers;Summers Heat",2023-02-03,392645,10,false,1130795251,2023-03-28T13:36:01Z,"jazz funk","Craft Recordings",0.508,0.63,0,-10.375,1,0.103,0.162,0.861,0.0473,0.629,81.508,4
spotify:track:2u30UWRXnlXcj7uoBs0fuq,"Sayonara Blues","Hideo Shiraki Plays Bossa Nova","Hideo Shiraki",2021-01-29,400453,0,false,1130795251,2023-03-28T14:23:28Z,"jazz fusion","ReUP",0.44,0.691,0,-11.399,0,0.0338,0.567,0.886,0.219,0.627,98.84,4
spotify:track:43HfhwCGlQSQX38zxXdVaR,"Half And Half","Illumination!","Elvin Jones;Jimmy Garrison Sextet;McCoy Tyner",1964-01-01,385653,20,false,1130795251,2023-04-04T08:24:03Z,"hard bop,jazz,free jazz,bebop,jazz ballads,cool jazz","Verve Reissues",0.308,0.386,10,-14.835,0,0.0394,0.78,0.0000117,0.385,0.562,175.855,4
spotify:track:3NYiJLsWCBMBekvF6J4s0B,"Oliloqui Valley - Remastered","Empyrean Isles (Expanded Edition)","Herbie Hancock",1964-06-17,510653,34,false,1130795251,2023-04-11T10:56:12Z,"jazz,jazz fusion,jazz funk,hard bop,cool jazz","Blue Note Records",0.461,0.496,4,-9.734,0,0.0651,0.859,0.0593,0.0976,0.338,91.226,4
spotify:track:3FBHUgNaKpWvTn9ArrGFmH,"The Eye Of The Hurricane - Remastered 1999/Rudy Van Gelder Edition","Maiden Voyage (Remastered 1999/Rudy Van Gelder Edition)","Herbie Hancock",1965-05-17,361453,36,false,1130795251,2023-04-12T14:29:24Z,"jazz,jazz fusion,jazz funk,hard bop,cool jazz","Blue Note Records",0.36,0.63,5,-8.947,0,0.0446,0.388,0,0.35,0.653,89.307,3
spotify:track:7CnOzCWGrTINcDExG6u99y,"Cool Struttin'","Cool Struttin' (Remastered / Rudy Van Gelder Edition)","Sonny Clark",1958,563613,50,false,1130795251,2023-04-17T21:35:47Z,"hard bop,jazz,bebop,jazz ballads,cool jazz","Blue Note Records",0.58,0.48,7,-7.682,0,0.0339,0.837,0.00432,0.171,0.48,108.892,4
spotify:track:3PJMsxg6rz9FOo6xNiASXz,"Goodbye Pork Pie Hat","Mingus Ah Um","Charles Mingus",1959,344306,56,false,1130795251,2023-05-20T11:07:30Z,"jazz,hard bop,bebop,free jazz,cool jazz,jazz ballads","Columbia/Legacy",0.356,0.0937,8,-16.64,0,0.0353,0.957,0.096,0.209,0.278,86.669,3
spotify:track:2QpBPKW1SJr4H4bSz7kcmm,"Sweet Spot","The Soul & Jazz of Timo Lassy","Timo Lassy",2007-08-01,248453,5,false,1130795251,2023-06-30T18:46:50Z,"jazz,nu jazz","Diamond T",0.777,0.67,0,-7.573,1,0.0633,0.505,0.427,0.0875,0.964,96.144,4
spotify:track:6uMXMsP6pK7qf4wh5sNwdB,"Hunt Up Wind","Oriental Jazz Essentials","Hiroshi Fukumura",2011-03-29,370866,23,false,1130795251,2023-06-30T20:33:20Z,"","Prodisc",0.626,0.625,7,-11.736,0,0.051,0.29,0.341,0.144,0.918,117.367,4
spotify:track:7JPNvoMjoIXkTDAMx9Aajj,"Tezeta","New York - Addis - London: The Story of Ethio Jazz 1965-1975","Mulatu Astatke",1969,368539,58,false,1130795251,2023-08-01T08:28:36Z,"ethiopian jazz","Strut",0.549,0.254,10,-14.48,1,0.0416,0.962,0.931,0.0994,0.541,81.484,3
spotify:track:5MV6WABwAu4DnSlAHgdbUM,"The Sphinx","Something Else!!!!: The Music Of Ornette Coleman","Ornette Coleman",1988-01-01,255760,5,false,1130795251,2023-08-10T10:43:31Z,"free jazz,jazz,avant-garde,experimental jazz,hard bop,bebop","Original Jazz Classics",0.501,0.199,7,-20.279,1,0.0871,0.217,0.00624,0.108,0.434,76.626,4
spotify:track:2TPC49QAGnO5YmcgfcRjXz,"La Bonita","TLC & Friends","Terri Lyne Carrington",1981-01-01,331693,0,false,1130795251,2023-08-23T09:24:06Z,"jazz,vocal jazz","Candid",0.443,0.61,8,-12.67,1,0.0567,0.222,0.731,0.229,0.5,137.329,4
spotify:track:3pXbEignfHxOSrMaLez5Uy,"Sao Paulo - Remastered","Una Mas","Kenny Dorham",1963,440213,27,false,1130795251,2023-08-23T21:23:43Z,"hard bop,jazz,afro-cuban jazz,bebop,jazz ballads,cool jazz,latin jazz","Blue Note Records",0.543,0.408,3,-9.554,0,0.0488,0.908,0.499,0.112,0.514,155.45,4
spotify:track:4wupMhFWAQzP8CGROC1D2r,"Straight Ahead - Remasted 1998/ Rudy Van Gelder Edition","Una Mas","Kenny Dorham",1963,538973,19,false,1130795251,2023-08-23T21:28:43Z,"hard bop,jazz,afro-cuban jazz,bebop,jazz ballads,cool jazz,latin jazz","Blue Note Records",0.585,0.569,8,-9.147,1,0.051,0.835,0.00789,0.0713,0.725,123.133,4
spotify:track:3R9xVqmWBjvULH9C24C9fF,"Bootin' It","Dial S For Sonny","Sonny Clark",1957,315333,13,false,1130795251,2023-09-26T09:00:11Z,"hard bop,jazz,bebop,jazz ballads,cool jazz","Blue Note Records",0.58,0.518,3,-9.248,1,0.0417,0.936,0.636,0.17,0.811,122.42,4
spotify:track:64KJlRhJmdws647AvXw3mX,"Libra","Members Don't Get Weary","Max Roach",1968,295866,25,false,1130795251,2023-09-28T09:44:02Z,"hard bop,bebop,jazz,free jazz","Rhino Atlantic",0.44,0.677,3,-10.694,0,0.263,0.125,0.00428,0.343,0.687,145.782,4
spotify:track:0wzEJs7lyylyDk97xqrGP0,"Lazy Afternoon","The Love Connection","Freddie Hubbard",1979-07-28,603560,6,false,1130795251,2023-09-29T12:52:03Z,"hard bop,jazz,bebop,jazz ballads,cool jazz,jazz funk","Columbia/Legacy",0.433,0.261,7,-11.031,1,0.0502,0.962,0.947,0.106,0.181,131.024,4
spotify:track:6FxmF5SH2620KQrrF188L4,"Tilda","Common Language","A.J. Jazz Quintet",2017-03-17,207453,0,false,1130795251,2023-10-04T10:30:42Z,"","Aquarius Records",0.344,0.424,1,-9.919,0,0.0509,0.933,0.00826,0.243,0.639,206.567,3
spotify:track:3rXJbXaRGLK1A6vPmRafRR,"Black Nile - Remastered 2004 / Rudy Van Gelder Edition","Night Dreamer","Wayne Shorter",1964-11-01,388146,38,false,1130795251,2023-11-13T15:43:22Z,"hard bop,jazz,jazz ballads,bebop,cool jazz,free jazz,jazz fusion","Blue Note Records",0.438,0.594,7,-10.111,0,0.0583,0.78,0.177,0.0751,0.589,75.926,3
spotify:track:1s1UN3QMJGyhXQAuMqNcbK,"True Blue","True Blue","Tina Brooks",1960,297680,42,false,1130795251,2023-11-22T11:52:29Z,"hard bop,bebop,jazz,cool jazz","Blue Note Records",0.631,0.514,5,-6.68,0,0.029,0.677,0.868,0.106,0.768,118.876,4
spotify:track:3RRUAXYYC2xVtE4uMzcAPv,"Mau Mau","The Art Farmer Septet","Art Farmer Septet",1993-01-01,314293,12,false,1130795251,2023-11-23T08:58:09Z,"bebop,latin jazz","Original Jazz Classics",0.551,0.722,7,-8.092,0,0.0312,0.209,0.00154,0.105,0.767,114.204,4
spotify:track:4Y7HzF77HCIxxNQItaxlFk,"Samambaia","Song For Andy","Janet Grice",1988,405466,0,false,1130795251,2023-12-22T12:52:11Z,"free jazz,experimental jazz,avant-garde","Optimism, Inc.",0.564,0.423,9,-14.725,0,0.0334,0.897,0.818,0.259,0.417,148.648,4
spotify:track:0xa6IpXH766gq9prbIGdHb,"Plaza De Toros","Into Somethin'","Larry Young",1998-01-01,578933,15,false,1130795251,2024-01-09T12:11:54Z,"hard bop,jazz,soul jazz,free jazz,bebop","Blue Note Records",0.479,0.466,2,-14.299,1,0.0413,0.705,0.00586,0.189,0.558,115.443,4
spotify:track:69KzcVxzsz1KvLzaxMMobe,"Giant Steps - 2020 Remaster","Giant Steps (2020 Remaster)","John Coltrane",1960-02-01,287843,40,false,1130795251,2024-01-13T12:15:29Z,"jazz,hard bop,free jazz,bebop,jazz ballads,cool jazz","Rhino Atlantic",0.417,0.42,0,-13.046,0,0.06,0.186,0.00111,0.185,0.517,147.143,4
spotify:track:69k61OD5QalC2EcDgzjA8f,"Backstage Sally - Remastered 2003/Rudy Van Gelder Edition","Buhaina's Delight (Rudy Van Gelder Edition / Remastered)","Art Blakey & The Jazz Messengers",1963-07-01,358440,33,false,1130795251,2024-01-18T16:21:19Z,"hard bop,jazz,bebop,cool jazz","Blue Note Records",0.546,0.428,10,-11.224,0,0.0402,0.623,0.000856,0.31,0.558,119.845,4
spotify:track:38uCbmg1cRElNGLTj645oE,"Contemplation - Remastered","Buhaina's Delight (Rudy Van Gelder Edition / Remastered)","Art Blakey & The Jazz Messengers",1963-07-01,376400,13,false,1130795251,2024-01-18T16:21:26Z,"hard bop,jazz,bebop,cool jazz","Blue Note Records",0.428,0.311,8,-12.635,1,0.0399,0.793,0.0347,0.0366,0.168,117.891,4
spotify:track:1caaPKXsfmGTT1t5Zcu243,"Little Sunflower","Backlash","Freddie Hubbard",1967,475200,39,false,1130795251,2024-01-23T14:48:38Z,"hard bop,jazz,bebop,jazz ballads,cool jazz,jazz funk","Rhino Atlantic",0.541,0.186,9,-21.91,0,0.0324,0.787,0.914,0.0905,0.762,136.965,4
spotify:track:1XPfk40ydaHjxLcl4999Ci,"Flight-Time","Blackbyrd","Donald Byrd",1973-01-01,511760,34,false,1130795251,2024-01-29T14:17:23Z,"hard bop,jazz funk,jazz,soul jazz,jazz fusion,acid jazz,bebop","Blue Note Records",0.774,0.807,5,-9.398,1,0.0359,0.511,0.9,0.42,0.968,114.338,4
spotify:track:3kYpZwEa1yBOBSzNVpItas,"East to West","Hot Latin Jazz","Bernie Daulton",2017,307920,0,false,1130795251,2024-02-06T15:45:35Z,"latin jazz","Music Manager",0.388,0.68,8,-10.573,0,0.0349,0.901,0.836,0.407,0.866,134.019,4
spotify:track:4Vkk3iD1VrENHJEACNddvt,"Moanin'","Moanin' (Expanded Edition)","Art Blakey & The Jazz Messengers",1959-01-01,570720,61,false,1130795251,2024-02-06T16:40:56Z,"hard bop,jazz,bebop,cool jazz","Blue Note Records",0.612,0.493,5,-8.589,0,0.0467,0.804,0.266,0.202,0.484,126.358,4
spotify:track:0Uaw0hpSbiJ72wv6Wv8RAN,"Unit 31","Silver Lines","Raffy Bushman",2023-05-12,302500,9,false,1130795251,2024-02-08T22:03:12Z,"jazz funk,nu jazz,jazz,indie jazz,jazz beats","Bridge The Gap",0.542,0.377,2,-14.132,1,0.0364,0.162,0.851,0.111,0.293,103.218,4
spotify:track:0GQbxe7QlgZBs8m3YlRIuK,"A Shade Of Jade","Mode For Joe","Joe Henderson",1966-09-01,427820,12,false,1130795251,2024-02-15T15:59:20Z,"hard bop,jazz,jazz ballads,bebop,cool jazz,free jazz","Blue Note (BLU)",0.444,0.571,5,-12.748,0,0.0383,0.595,0,0.129,0.596,126.071,4
spotify:track:5NgqgpKQz0zjyERVrmY9hb,"The Joker - Remastered 2000/Rudy Van Gelder Edition","Search For The New Land (Rudy Van Gelder Edition/2000 Remastered)","Lee Morgan",1966,304453,23,false,1130795251,2024-02-15T16:09:33Z,"hard bop,jazz,bebop,jazz ballads,cool jazz","Blue Note Records",0.595,0.503,3,-8.81,1,0.0426,0.834,0.00966,0.0785,0.74,133.568,4
spotify:track:67NljhR78dVZyfl4dzjGMv,"Rio","Reachin'","Roger Glenn",2020-10-30,350610,16,false,1130795251,2024-02-19T11:27:11Z,"jazz funk,jazz fusion,latin jazz","Craft Recordings",0.333,0.966,2,-7.127,1,0.0541,0.175,0.494,0.273,0.828,146.761,4
spotify:track:2J8zEC95MQuuQSSzdVXJg5,"March On Selma - Remastered 2005/Rudy Van Gelder Edition","Down With It! (Remastered 2005/Rudy Van Gelder Edition)","The Blue Mitchell Quintet",1966-01-01,376333,27,false,1130795251,2024-02-21T18:03:00Z,"hard bop,bebop,soul jazz,jazz","Blue Note Records",0.483,0.45,5,-9.47,0,0.0383,0.482,0,0.28,0.664,149.605,4
spotify:track:28QYWPjIfPPWze0bpSXPyS,"アルファ・レイ","ALPHA RAY（アルファ・レイ）","前田憲男トリオ",1969,342013,6,false,1130795251,2024-03-05T15:12:52Z,"avant-garde","Nippon Columbia Co., Ltd./NIPPONOPHONE",0.421,0.513,8,-15.726,1,0.0485,0.276,0.000431,0.0673,0.794,140.346,4
spotify:track:4N6JkrGD78eLooaTDmwo9s,"Weaver Of Dreams - Remastered 2003/Rudy Van Gelder Edition","Ready For Freddie (Rudy Van Gelder Remaster Edition)","Freddie Hubbard",1961,395560,45,false,1130795251,2024-03-05T21:11:08Z,"hard bop,jazz,bebop,jazz ballads,cool jazz,jazz funk","Blue Note Records",0.418,0.227,4,-15.537,0,0.0379,0.912,0.822,0.0956,0.21,103.586,4
spotify:track:51rjxO4PLrWelh4izyiLg7,"Crisis - Remastered","Ready For Freddie (Rudy Van Gelder Remaster Edition)","Freddie Hubbard",1961,693666,25,false,1130795251,2024-03-05T21:15:30Z,"hard bop,jazz,bebop,jazz ballads,cool jazz,jazz funk","Blue Note Records",0.54,0.464,4,-12.53,0,0.0545,0.407,0.0156,0.157,0.404,87.657,4
spotify:track:3qffN5wh3fpnaP3iy5ljA9,"Mode For Joe","Mode For Joe","Joe Henderson",1966-09-01,483244,12,false,1130795251,2024-03-27T13:05:28Z,"hard bop,jazz,jazz ballads,bebop,cool jazz,free jazz","Blue Note (BLU)",0.552,0.222,3,-18.763,1,0.0308,0.824,0.000873,0.0964,0.489,91.565,4
spotify:track:1CYCbOgXy2en1ctPlQAvXD,"Spring","Spring","The Chris Schilder Quintet;Mankunku",1969-03-17,639066,13,false,1130795251,2024-04-14T19:08:30Z,"hard bop","Gallo Record Company",0.517,0.761,6,-4.01,0,0.0288,0.604,0.763,0.163,0.551,133.237,4
spotify:track:0gA8FMnNC3TWGmlwyzpbCo,"Watarase","Watarase","板橋文夫",1982-02-25,456653,15,false,1130795251,2024-04-16T11:13:03Z,"","Nippon Columbia Co., Ltd./NIPPONOPHONE",0.308,0.336,3,-14.794,0,0.0281,0.904,0.923,0.129,0.311,84.389,4
spotify:track:328vw0mO4NJV3lOzPbvByC,"Waltz (For Joanna)","Waltz (For Joanna)","Mike Westbrook Concert Band",1969,356010,5,false,1130795251,2024-05-01T09:49:05Z,"","Decca (UMO)",0.248,0.548,4,-10.949,1,0.0343,0.212,0.0493,0.267,0.335,81.884,1
spotify:track:3XtjUn1Bn184WDTmlCOOmU,"Segabird","Segazz","Thomas Brothers;Linley Marthe;Menwar;Mike Rajamahendra;Paco Sery",2024-04-30,354000,4,false,1130795251,2024-05-01T12:20:27Z,"maloya,funk rock,jazz fusion","Babani Records",0.652,0.777,8,-9.831,1,0.0464,0.113,0.844,0.101,0.453,103.719,3
spotify:track:0X5DcGkbxCXSadgj01ZXd7,"Autumn Leaves","Somethin' Else (Rudy Van Gelder Edition)","Cannonball Adderley",1958,659520,59,false,1130795251,2024-05-05T21:04:25Z,"hard bop,jazz,bebop,cool jazz,jazz ballads","Blue Note Records",0.535,0.258,7,-9.499,0,0.033,0.768,0.0000895,0.115,0.281,110.953,4
spotify:track:53okP0YJ4Y48AB4n97JZGV,"Merceditas","Bolivia","Gato Barbieri",1973-01-01,556735,13,false,1130795251,2024-05-12T15:23:03Z,"latin jazz,smooth jazz,afro-cuban jazz,free jazz,jazz","Ace Records",0.433,0.802,2,-14.154,0,0.0773,0.349,0.253,0.101,0.572,115.078,3
spotify:track:4UhwM6XCxeiUbvFJVHG2p8,"New Delhi","New Delhi","James Clay",2016-01-22,399760,3,false,1130795251,2024-06-06T08:29:28Z,"hard bop,bebop","ZYX Music",0.542,0.132,2,-19.355,0,0.0345,0.918,0.0517,0.0565,0.333,97.485,4
spotify:track:5tIDZCixAvskZRL867Ewh5,"House Of Jade - Rudy Van Gelder 24 Bit Mastering/1999 Digital Remaster","JuJu","Wayne Shorter",1965-07-01,413640,38,false,1130795251,2024-07-07T20:08:07Z,"hard bop,jazz,jazz ballads,bebop,cool jazz,free jazz,jazz fusion","Blue Note Records",0.43,0.308,7,-10.087,0,0.0283,0.894,0.00559,0.117,0.179,98.545,3
spotify:track:2PGjqrXgOBqP8G4R6EKmpR,"Yes Or No - Rudy Van Gelder 24 Bit Mastering/1999 Digital Remaster","JuJu","Wayne Shorter",1965-07-01,399466,42,false,1130795251,2024-07-07T20:14:50Z,"hard bop,jazz,jazz ballads,bebop,cool jazz,free jazz,jazz fusion","Blue Note Records",0.469,0.684,7,-7.875,1,0.0375,0.716,0.0000205,0.0797,0.479,128.604,4
spotify:track:5KH5yyf3O0tKhg4NhXbjlF,"Canción de la Tarde","Lo Mejor de Cuba, Vol. 1","Chucho Valdés;Irakere",2016-01-08,169493,22,false,1130795251,2024-07-08T10:17:42Z,"latin jazz,afro-cuban jazz,son cubano,jazz,timba","Circulo Musical",0.526,0.478,2,-14.09,1,0.0367,0.155,0.791,0.264,0.488,97.776,4
spotify:track:1cRkhIEn9RQiuzvSTB2p2A,"Speedball","The Gigolo","Lee Morgan",1966-01-01,330560,22,false,1130795251,2024-07-22T14:47:19Z,"hard bop,jazz,bebop,jazz ballads,cool jazz","CM BLUE NOTE (A92)",0.611,0.633,1,-10.651,1,0.0323,0.535,0.0236,0.131,0.851,99.018,4
spotify:track:1sce5VJvCOYYDAR9rp9KdG,"Stolen Moments","The Blues And The Abstract Truth","Oliver Nelson",1961-08-01,525613,58,false,1130795251,2024-08-01T09:58:28Z,"hard bop,jazz,bebop,cool jazz,big band,free jazz","Verve Reissues",0.575,0.187,0,-13.081,0,0.0512,0.927,0.877,0.166,0.342,107.469,4
spotify:track:2ROhhfIYLAhqrZoWkHj7XN,"Avotcja One","Taru","Lee Morgan",1980-01-01,405866,14,false,1130795251,2024-08-05T11:49:01Z,"hard bop,jazz,bebop,jazz ballads,cool jazz","Blue Note Records",0.449,0.539,7,-10.309,0,0.029,0.826,0.00473,0.158,0.633,103.758,4
spotify:track:5UtXfOXvxjiRRw7UVvFNod,"Leigh Ann's Dance","Peace Chant","Sheila Landis",2016-06-03,316990,9,false,1130795251,2024-08-22T12:53:58Z,"","Tramp Records",0.539,0.478,4,-10.015,0,0.0297,0.715,0.848,0.117,0.714,89.288,4
spotify:track:27r7nfuOPRdc8MnIMf7O8C,"Motherless Child","The Little Giant","Luis Gasca",2005-07-19,409693,7,false,1130795251,2024-09-02T19:14:43Z,"latin jazz","Rhino Atlantic",0.516,0.678,2,-12.62,0,0.0418,0.693,0.476,0.12,0.888,137.652,4
spotify:track:7elFfaDPcd1SYZl0swE73K,"Let's Get Together","Moon Stone","益田幹夫",1978-03-25,444933,15,false,1130795251,2024-09-04T08:32:40Z,"jazz fusion,jazz funk","Nippon Columbia Co., Ltd./NIPPONOPHONE",0.5,0.648,9,-9.902,0,0.0461,0.709,0.183,0.0608,0.753,147.139,4
spotify:track:0FL1BwPR1V1tItgXFNMUAL,"Boss Trés Bien","Boss Trés Bien","Quartette Tres Bien",1964-07-01,328093,26,false,1130795251,2024-09-17T13:20:45Z,"latin jazz,acid jazz","Verve Reissues",0.582,0.803,3,-12.619,1,0.0964,0.309,0.491,0.102,0.811,118.879,4
spotify:track:6FwwvhKVJJqTSDq3a1lVJC,"Inconsequential Narrative","Feathers","Greg Foat;Eero Koivistoinen",2023-09-29,283786,9,false,1130795251,2024-09-17T13:21:00Z,"ambient jazz,nu jazz,experimental jazz,free jazz","Jazzaggression",0.416,0.512,10,-12.686,0,0.0427,0.369,0.555,0.0986,0.619,167.033,4
spotify:track:4HcDLyRzWVGoy6glu9X8VB,"Bwaata","Multiple","Joe Henderson",1973-01-01,654440,0,false,1130795251,2024-09-27T13:13:39Z,"hard bop,jazz,jazz ballads,bebop,cool jazz,free jazz","Original Jazz Classics",0.427,0.544,5,-11.885,1,0.0375,0.348,0.133,0.242,0.414,117.882,4
spotify:track:6dRx7OUXfvosnXG3g9lWGi,"Flamenco Sketches (feat. John Coltrane, Cannonball Adderley & Bill Evans)","Kind Of Blue (Legacy Edition)","Miles Davis;John Coltrane;Cannonball Adderley;Bill Evans",1959-08-17,566133,55,false,1130795251,2024-09-30T20:07:20Z,"jazz,cool jazz,hard bop,bebop,jazz fusion,jazz ballads,free jazz","Columbia/Legacy",0.348,0.0219,2,-21.065,0,0.0427,0.899,0.112,0.0906,0.225,178.698,3
spotify:track:11OjltBiLbW7UaZIVdO3tM,"Spring Feelings","Time Machine","Frederic Rabold",2024-10-04,197549,0,false,1130795251,2024-10-08T19:16:50Z,"free jazz","Tramp Records",0.404,0.549,1,-8.008,1,0.0302,0.4,0.00621,0.144,0.586,121.105,4
spotify:track:20SwBWSZrUiir9D7xQO5Le,"Are You Sitting Comfortably?","The Modern Sound Of Harry Beckett","Harry Beckett",2008,250826,1,false,1130795251,2024-11-01T18:52:33Z,"free jazz","On-U Sound",0.76,0.537,10,-8.472,0,0.04,0.0292,0.634,0.199,0.83,119.977,4
spotify:track:0Eo24viwNLA3gPFTNPiNGR,"Triton","Nueva Vision - Latin Jazz & Soul From The Cuban Label EGREM / AREITO","Chucho Valdés;Su Quinteto",2007-11-02,397520,2,false,1130795251,2024-11-05T12:54:00Z,"latin jazz,afro-cuban jazz,son cubano,jazz","Sonar Kollektiv",0.414,0.727,2,-6.361,1,0.0327,0.559,0.85,0.0867,0.935,150.881,4
spotify:track:5PK7tol2VTBufCjKHNgezl,"Evening in Paris","Art Farmer Septet","Art Farmer",2012-10-01,160440,0,false,1130795251,2024-11-08T13:03:41Z,"hard bop,jazz,cool jazz,bebop,jazz ballads","Lumi Entertainment",0.433,0.238,3,-11.787,0,0.0412,0.906,0,0.152,0.312,63.044,4
spotify:track:6ofAT73brMaDHDqs1DW2sg,"Up In Quincy's Room","My Blue Heaven","Art Farmer",2016-05-24,241840,0,false,1130795251,2024-11-08T13:59:21Z,"","Awa Music",0.169,0.0867,0,-14.931,1,0.033,0.959,0.864,0.204,0.0381,99.621,3
spotify:track:10kVwPSRjUYja0EtdqmXHe,"Dig Dis - Remastered 1999/Rudy Van Gelder Edition","Soul Station","Hank Mobley",1960-10-01,369386,53,false,1130795251,2024-11-12T09:23:33Z,"hard bop,jazz,bebop,jazz ballads,cool jazz","Blue Note Records",0.599,0.444,5,-8.648,0,0.044,0.82,0.000474,0.122,0.508,142.81,4
spotify:track:5FsKNbwv7BlR7crawTE3IZ,"No Room For Squares - Remastered 2000 / Rudy Van Gelder Edition","No Room For Squares (Remastered 2000 / Rudy Van Gelder Edition)","Hank Mobley",1963,417720,36,false,1130795251,2024-11-25T20:32:11Z,"hard bop,jazz,bebop,jazz ballads,cool jazz","Blue Note Records",0.561,0.748,0,-8.175,0,0.0551,0.598,0.00315,0.216,0.777,121.714,4
spotify:track:1pKMZZe25iXeTJX9qufNou,"Good Gracious","Good Gracious!","Lou Donaldson",1963-01-01,412306,6,false,1130795251,2024-11-18T09:52:25Z,"hard bop,jazz,soul jazz,bebop,jazz ballads,jazz funk,cool jazz","Blue Note Records",0.644,0.484,5,-11.102,1,0.0448,0.894,0.105,0.228,0.7,120.903,4
spotify:track:6QB4PwCnYMViewPUoSQmaT,"It's Time - Remastered 2006","It's Time","Jackie McLean",2006-01-01,393080,14,false,1130795251,2024-11-18T14:42:08Z,"hard bop,bebop,jazz,free jazz,jazz ballads","Blue Note Records",0.5,0.624,2,-8.309,0,0.0563,0.62,0.000382,0.277,0.442,126.455,4
spotify:track:4lZwiTziwQ23OixxuRJrkQ,"Cubano Chant","The Magic of Peggy O'Keefe","Peggy O'Keefe",2024-07-08,218320,1,false,1130795251,2024-11-29T21:53:09Z,"","Gordon Cree Music",0.535,0.618,7,-13.692,0,0.0507,0.642,0.0448,0.157,0.954,128.519,4
spotify:track:4cHWcSzC8EJlFZ9Xoibu3r,"JB","That's What's Up","Mike LeDonne;Eric Alexander;Jeremy Pelt",2024-11-22,326971,7,false,1130795251,2024-12-01T16:49:12Z,"hard bop,jazz,jazz ballads","Cellar Live",0.388,0.672,7,-6.593,0,0.0438,0.529,0.0308,0.835,0.65,79.724,4
spotify:track:3GllRoQEPcIcTneaxZEosW,"台北藍調 Blue Note Taipei","爵士詩靈魂夜 A Soulful Night of Jazz Poetry","Hung Hung;Minyen Hsieh;林理惠 Mars Lin",2022-05-20,258000,1,false,1130795251,2024-12-17T12:07:01Z,"taiwanese indie,chinese indie,taiwanese pop,cantopop","黑眼睛文化事業有限公司",0.653,0.274,8,-16.583,1,0.0441,0.63,0.00897,0.0712,0.415,106.937,3
spotify:track:4roT1GUP8OdoX0hY5gSyIn,"New Bomba","Human Geography","Michael Eckroth Group",2024-06-21,368053,0,false,1130795251,2025-01-03T10:24:57Z,"latin jazz","Trrcollective",0.615,0.884,5,-6.102,0,0.0404,0.47,0.904,0.151,0.747,114.609,4
spotify:track:22mcXZUpEcyE2bZQNhTXby,"Yes and No","Yes and No","The Mantecas;Paul Booth",2024-09-02,276000,2,false,1130795251,2025-01-03T10:53:50Z,"latin jazz","Don Fiora Music",0.577,0.855,2,-7.411,1,0.0379,0.0226,0.0334,0.334,0.717,119.926,4
spotify:track:67eUoDoArR0pBT73suMVuU,"Love Samba","13th House","McCoy Tyner;Orrin Keepnews;William Fischer;Jimmy Heath",1982-01-01,515799,5,false,1130795251,2025-01-13T09:40:23Z,"jazz,hard bop,jazz ballads,cool jazz,bebop,free jazz,experimental jazz","Original Jazz Classics",0.371,0.935,10,-7.992,0,0.0978,0.0611,0.04,0.109,0.386,147.024,4
spotify:track:4UWKWgNvfPE65ftxZ76KUk,"Black Narcissus - Remastered 2024","Power To The People (Remastered 2024)","Joe Henderson",2024-03-15,291809,14,false,1130795251,2025-01-15T07:30:29Z,"hard bop,jazz,jazz ballads,bebop,cool jazz,free jazz","Craft Recordings",0.406,0.164,1,-19.229,0,0.0384,0.966,0.784,0.136,0.241,127.32,3
spotify:track:26t8XvlfpOJT2uR2U6y336,"Evolution","Happy Girl","Nathan Davis",1965-01-01,435271,6,false,1130795251,2025-01-24T10:22:39Z,"hard bop,anatolian rock,bebop,jazz,free jazz","MPS",0.338,0.339,0,-13.363,0,0.0371,0.791,0.797,0.384,0.501,141.466,3
spotify:track:0DdsSxV4voFTGPc8zrNpcJ,"Skain's Domain","J Mood","Wynton Marsalis",1986-10-14,388426,12,false,1130795251,2025-01-30T08:48:35Z,"jazz,big band,latin jazz,jazz ballads,cool jazz","Columbia",0.42,0.472,5,-14.387,0,0.0344,0.336,0.000909,0.096,0.446,113.198,4
spotify:track:0SgbkfewrUYGXsd39hvsYw,"Brand New Feeling","Hear, Sense and Feel","The Awakening",1972-04-06,320533,14,false,1130795251,2025-01-30T11:09:30Z,"jazz funk,free jazz,jazz fusion,soul jazz","Black Jazz Records",0.421,0.321,2,-17.928,1,0.0312,0.488,0.351,0.182,0.343,111.504,4
spotify:track:5yiImOvhyoK3QXUHVWcUUl,"Easy Living","Memorial Album (Remastered / Rudy Van Gelder Edition)","Clifford Brown",2001-01-01,224053,34,false,1130795251,2025-02-09T13:22:46Z,"hard bop,bebop,jazz,jazz ballads,cool jazz","Blue Note Records",0.505,0.145,8,-11.153,1,0.0357,0.97,0.933,0.0847,0.346,125.848,4
spotify:track:5LY43FOQBtQHDAP6TAjlY2,"Countenance","Bandstand","Olli Ahvenlahti",2001-01-01,370693,1,false,1130795251,2025-03-13T14:03:51Z,"jazz funk","Siboney Oy",0.419,0.702,0,-6.744,1,0.0419,0.157,0.857,0.117,0.451,143.557,4
spotify:track:7BMYxZlITQHp9aCg01Z2nq,"Delilah","Sabu's Jazz Espagnole","Sabu Martinez",1961-01-01,261680,24,false,1130795251,2025-03-18T08:59:15Z,"latin jazz,afro-cuban jazz,exotica","Fania",0.716,0.452,8,-12.297,1,0.0387,0.546,0.881,0.122,0.681,102.639,4
spotify:track:2dtZB9UDLxJuWRSll8pdCL,"Assunta - Remastered 2006/Rudy Van Gelder Edition","Here To Stay","Freddie Hubbard",1976-01-01,427466,16,false,1130795251,2025-03-18T09:20:28Z,"hard bop,jazz,bebop,jazz ballads,cool jazz,jazz funk","Blue Note Records",0.494,0.577,2,-8.793,0,0.0372,0.556,0.00789,0.104,0.385,113.061,3
spotify:track:6j91ztKKE6iF8IUIGeb3DF,"Armageddon - Remastered 2004 / Rudy Van Gelder Edition","Night Dreamer","Wayne Shorter",1964-11-01,382520,33,false,1130795251,2025-03-18T09:20:37Z,"hard bop,jazz,jazz ballads,bebop,cool jazz,free jazz,jazz fusion","Blue Note Records",0.489,0.467,10,-11.662,0,0.0527,0.759,0.0444,0.159,0.401,113.06,4
spotify:track:4pfx6oNDB6Hw3ZrjeFtDdm,"Naima","Africa","Pharoah Sanders",2008-10-03,331000,28,false,1130795251,2025-03-18T09:21:07Z,"free jazz,ambient jazz,jazz,experimental jazz,hard bop","Timeless Records",0.392,0.222,3,-15.829,1,0.0335,0.836,0.765,0.12,0.104,130.765,4
spotify:track:1SjW5Obqsqanfv0QWi12gN,"Sense of Direction","Vibraphone Visions","Walt Dickerson",2006-06-06,359422,0,false,1130795251,2025-03-20T15:31:12Z,"free jazz,hard bop,philly soul,experimental jazz","VintageVibe Records",0.477,0.376,2,-12.284,0,0.0325,0.851,0.777,0.0875,0.347,75.129,4
spotify:track:0AqwiViuOkgwdU6tT6SFh7,"Look Out - 2007 Digital Remaster/Rudy Van Gelder Edition","Look Out! (Remastered)","Stanley Turrentine",2007-01-01,429653,20,false,1130795251,2025-03-20T15:49:21Z,"hard bop,jazz,soul jazz,jazz ballads,cool jazz,bebop","EMI",0.514,0.546,2,-6.837,0,0.0359,0.6,0,0.118,0.568,170.193,4
spotify:track:1niBlhuYWv5D52E1z8PrmI,"Roll Call - Rudy Van Gelder Edition","Roll Call","Hank Mobley",1960-01-01,633826,24,false,1130795251,2025-03-20T15:51:04Z,"hard bop,jazz,bebop,jazz ballads,cool jazz","Blue Note Records",0.492,0.681,5,-11.005,0,0.078,0.715,0.0621,0.0917,0.822,127.428,4
spotify:track:0bFdM1y9ks7vf42ATuBjuH,"Sabana Grande","Profundo","Gerry Weil Trio",2002-01-01,309386,0,false,1130795251,2025-03-21T10:07:37Z,"latin jazz","Criojazz",0.412,0.505,8,-10.355,1,0.0535,0.0896,0.604,0.113,0.544,94.353,3
spotify:track:1sI5vUWCivYa9lZAvRgDGs,"The Young Rabbits","Lookin' Ahead","The Jazz Crusaders",2000-01-01,216948,0,false,1130795251,2025-03-22T17:58:57Z,"jazz fusion","CoolNote",0.486,0.45,2,-16.395,0,0.0521,0.79,0.878,0.0928,0.929,145.673,4
spotify:track:0kWGnaAkAk3ibDKOpLj41H,"Minor Chant - 2007 Digital Remaster/Rudy Van Gelder Edition","Look Out! (Remastered)","Stanley Turrentine",2007-01-01,372200,16,false,1130795251,2025-03-25T07:57:16Z,"hard bop,jazz,soul jazz,jazz ballads,cool jazz,bebop","EMI",0.493,0.379,5,-11.566,0,0.0405,0.845,0.0000988,0.122,0.45,175.368,4
spotify:track:3ltk3yU2BcHXixu1ykWsCo,"Up A Step - Remastered 2000 / Rudy Van Gelder Edition","No Room For Squares (Remastered 2000 / Rudy Van Gelder Edition)","Hank Mobley",1963,511853,27,false,1130795251,2025-03-26T13:42:16Z,"hard bop,jazz,bebop,jazz ballads,cool jazz","Blue Note Records",0.549,0.581,0,-9.096,1,0.0327,0.618,0.0000151,0.158,0.662,97.973,4
spotify:track:3Jo5ZN5h9i6OiGiZhLYPxm,"Das' Dat - Remastered 2006","It's Time","Jackie McLean",2006-01-01,384866,40,false,1130795251,2025-04-23T10:13:06Z,"hard bop,bebop,jazz,free jazz,jazz ballads","Blue Note Records",0.546,0.544,5,-6.369,0,0.0469,0.599,0.0000202,0.156,0.596,139.928,4
spotify:track:5Jf8Alq8gs0cNgOF5bHIZe,"Brazilian Tapestry","Brazilian Tapestry","George Muribus",2024-08-23,407354,6,false,1130795251,2025-05-22T08:40:30Z,"","Good Time Records",0.336,0.73,10,-11.751,0,0.0641,0.409,0.00172,0.095,0.603,147.79,4
spotify:track:5wcAcShxT5qvLJvuM6jkZt,"My Groove Your Move - Rudy Van Gelder Edition","Roll Call","Hank Mobley",1960-01-01,367400,44,false,1130795251,2025-06-04T08:18:28Z,"hard bop,jazz,bebop,jazz ballads,cool jazz","Blue Note Records",0.585,0.375,2,-12.171,0,0.0504,0.78,0.00365,0.0806,0.665,72.59,4
spotify:track:14Ukdv3Yng5DdbhTEQxTao,"Gibralter","A New Message from The Tribe","Pamela Samiha Wise",2018-04-04,488706,2,false,1130795251,2025-06-09T13:34:00Z,"soul jazz,latin jazz","Tribe Records/Rebirth Inc.",0.465,0.618,5,-8.396,0,0.0435,0.0283,0.0141,0.139,0.56,116.789,4
spotify:track:7p9XA9tTuQrhG4pEuCJ7qx,"Ugetsu","Ugetsu [Original Jazz Classics Remasters]","Art Blakey;The Jazz Messengers",1963,663866,28,false,1130795251,2025-06-14T11:44:22Z,"hard bop,bebop,jazz,afro-cuban jazz,latin jazz","Original Jazz Classics",0.376,0.451,11,-15.347,0,0.0522,0.394,0.00688,0.673,0.361,110.308,3
spotify:track:4LmLxaTfPM1yrtqpX86rLx,"When Will The Blues Leave?","Something Else!!!!: The Music Of Ornette Coleman (Original Jazz Classics Remasters)","Ornette Coleman",1958,300706,32,false,1130795251,2025-08-02T10:26:59Z,"free jazz,jazz,avant-garde,experimental jazz,hard bop,bebop","Original Jazz Classics",0.631,0.282,9,-14.755,0,0.0635,0.35,0.00921,0.229,0.556,92.336,4
spotify:track:5bZRApGzu9KMDEcvb9VKKU,"Chuva","José Roberto Trio","José Roberto Trio;Jose Roberto Bertrami",1966,185606,5,false,1130795251,2025-09-24T09:58:29Z,"brazilian jazz,latin jazz","Far Out Recordings",0.485,0.233,0,-18.963,1,0.0332,0.812,0.746,0.241,0.251,101.765,4
spotify:track:1BuTp7BmduVn6dtT1RZ2q9,"Afrodisia","モード・オブ・ブルー","Quasimode",2009-01-21,364986,7,false,1130795251,2025-10-16T12:35:12Z,"nu jazz,jazz fusion,acid jazz,jazz,bebop","EMI MUSIC JAPAN INC.",0.691,0.829,1,-7.167,1,0.0432,0.562,0.895,0.0777,0.908,120.106,4
spotify:track:5cAwEKmadsW4nCYe9QUvgU,"Naima - Mono","Giant Steps (Mono)","John Coltrane",1960,265049,62,false,1130795251,2025-10-25T15:56:37Z,"jazz,hard bop,free jazz,bebop,jazz ballads,cool jazz","Rhino Atlantic",0.292,0.012,10,-21.638,0,0.0393,0.905,0.164,0.0813,0.133,170.106,3
spotify:track:1OJn2EZtGPLbf0DWJIIQaf,"Totem Pole","Mambo Jazz Party","Jonathan Powell",2024-08-09,424388,3,false,1130795251,2025-11-07T14:26:08Z,"latin jazz","Circle 9 Records",0.505,0.665,8,-9.67,1,0.0469,0.517,0.883,0.107,0.725,121.338,4
spotify:track:2KShGhaZtr3jP3i9FWATR4,"Sara's Dance","Trouble","Stanley Turrentine",2021-03-05,375173,2,false,1130795251,2025-11-09T14:27:40Z,"hard bop,jazz,soul jazz,jazz ballads,cool jazz,bebop","Night Train",0.683,0.402,0,-12.414,0,0.0562,0.581,0.000082,0.0679,0.689,96.608,4
spotify:track:2wBzgXlR19vTsZeIMV5GZd,"Yesterdays","Speak Low","Tsuyoshi Yamamoto Trio",2000,427000,17,false,1130795251,2026-01-08T11:26:53Z,"jazz","Venus Records, Inc.",0.544,0.505,0,-9.366,0,0.0402,0.589,0.0569,0.101,0.312,75.066,4
spotify:track:570DHWpvQXHgzJalrLWG6R,"Afreaka - 2004 Remastered","The Sixth Sense","Lee Morgan",1970-07,483240,8,false,1130795251,2026-01-18T15:03:45Z,"hard bop,jazz,bebop,jazz ballads,cool jazz","Blue Note Records",0.505,0.674,5,-8.776,1,0.0397,0.438,0.000689,0.0596,0.654,127.333,4
spotify:track:1Q63MpXhy1RI8Qwgy3DJ1p,"Pedro's Time - Rudy Van Gelder 24-Bit Remastering/2000","Our Thing","Joe Henderson",1964-05-01,604813,14,false,1130795251,2026-01-29T10:44:20Z,"hard bop,jazz,jazz ballads,bebop,cool jazz,free jazz","Blue Note Records",0.502,0.452,5,-10.274,0,0.0471,0.815,0.235,0.105,0.576,141.162,4
spotify:track:05aZ2boQ1yuAD4p4HyORbK,"Inner Urge - Remastered 2004/Rudy Van Gelder Edition","Inner Urge (The Rudy Van Gelder Edition)","Joe Henderson",1966-03-01,718960,42,false,1130795251,2026-01-29T12:21:39Z,"hard bop,jazz,jazz ballads,bebop,cool jazz,free jazz","Blue Note Records",0.364,0.679,5,-9.923,0,0.0642,0.497,0.00000643,0.217,0.45,79.9,3
spotify:track:59CCVwxOovqrAt50bLANYP,"When","New Africa","Grachan Moncur III",1969,727478,4,false,1130795251,2026-02-06T15:14:43Z,"free jazz,hard bop,jazz,avant-garde,experimental jazz","Charly | BYG",0.536,0.511,11,-12.851,1,0.0335,0.434,0.024,0.218,0.445,120.799,4
spotify:track:41fniSbDLqp964wyawCRrV,"Fujiyama","Jazz Impressions Of Japan","The Dave Brubeck Quartet",1964-03-28,303133,31,false,1130795251,2026-02-14T09:35:20Z,"jazz,cool jazz","Columbia",0.467,0.0536,7,-20.561,0,0.0366,0.991,0.628,0.136,0.256,131.57,4
spotify:track:4lHV0xEi1L3Ix79Fuad5Ni,"Spellbound","Introducing Kenny Cox And The Contemporary","Kenny Cox",2007-01-01,323320,1,false,1130795251,2026-03-05T15:23:38Z,"hard bop","Blue Note Records",0.43,0.386,9,-9.196,0,0.0348,0.857,0.000481,0.0915,0.259,117.799,4
spotify:track:4JfOUrNqNVsy1XWC99JdmV,"Lotus Blossom","Quiet Kenny","Kenny Dorham",1960,278133,44,false,1130795251,2026-03-05T15:32:38Z,"hard bop,jazz,afro-cuban jazz,bebop,jazz ballads,cool jazz,latin jazz","Original Jazz Classics",0.489,0.423,2,-16.195,0,0.0488,0.659,0.222,0.173,0.682,122.069,4
spotify:track:3mTw7mDDtyMBMWHZg07YRB,"Hear Me","Don't Look Away Now!","James Moody",1969-01-01,569933,0,false,1130795251,2026-03-05T15:36:12Z,"bebop,hard bop,jazz,jazz ballads","Original Jazz Classics",0.521,0.398,5,-13.909,0,0.04,0.346,0.00597,0.118,0.792,107.803,3
spotify:track:5stzFJCVg2dV4wVqgPP6i2,"Pablo","Jorge López Ruiz Interpreta a Jorge López Ruiz","Jorge López Ruiz",1966-04-30,196269,1,false,1130795251,2026-03-12T12:09:03Z,"latin jazz,free jazz","RP Music",0.628,0.557,5,-9.926,1,0.0319,0.325,0.0000524,0.315,0.675,91.859,4
spotify:track:6iaKUHpXfyDh4WoiHnVjVk,"Duke and Trane","Spiritual Jazz, Vol. 2: Europe","Heikki Sarmanto",2012-02-13,632093,7,false,1130795251,2026-03-12T13:49:05Z,"iskelmä,free jazz","Jazzman",0.185,0.576,9,-8.264,0,0.0321,0.0228,0.0000118,0.0801,0.331,79.55,3
spotify:track:00U2h0f3u2WWNH2qidDdao,"Can't Hide Love","Michael Stephenson Meets Alexander Claffy with His Trio","Michael Stephenson;Alexander Claffy;Benny Benack III",2021-09-10,329186,6,false,1130795251,2026-03-19T11:02:53Z,"vocal jazz,jazz","Cellar Live",0.363,0.526,10,-10.991,1,0.0334,0.623,0.00491,0.0554,0.485,98.453,4
spotify:track:4411uXO8UauQBMLAfYlkc5,"Mirage","Wildflower 2","Wildflower",2020-02-14,319760,36,false,1130795251,2026-04-15T10:57:53Z,"nu jazz","Wildflower Music",0.573,0.407,5,-12.062,0,0.0409,0.286,0.776,0.173,0.4,90.37,4
spotify:track:4RilEDqWPgJRhwALvtOWB9,"Meat Wave","Easy Walker (Expanded Edition)","Stanley Turrentine",1969,285800,12,false,1130795251,2026-04-17T07:13:37Z,"hard bop,jazz,soul jazz,jazz ballads,cool jazz,bebop","Blue Note Records",0.65,0.592,0,-10.585,0,0.0309,0.729,0.000423,0.0908,0.833,93.915,4
spotify:track:2YCohqQ0nrzHtQlFwEBLZn,"Don't Ask Me","The Best of the Funky Blues from The Groove Merchant Vault","Ramon Morris",2012-07-02,321333,3,false,1130795251,2026-05-19T14:09:03Z,"jazz funk,soul jazz","LRC Ltd. / Groove Merchant Records",0.402,0.545,0,-8.553,0,0.041,0.455,0.85,0.395,0.572,172.414,4
spotify:track:7lOgRAeOyphforOGzwi3aC,"Cumbia Jazz Fusion Experimental","Rebirth","Ray Mantilla",2020-06-26,348493,1,false,1130795251,2026-06-02T14:06:54Z,"latin jazz,afro-cuban jazz","Savant",0.642,0.404,11,-12.997,0,0.0731,0.655,0.395,0.141,0.335,90.528,4
spotify:track:1GhMO1nAWEF0KOd3ky74LF,"Ogun","Clive Zanda Is Here With 'Dat Kinda Ting'","Clive Zanda",2017-11-10,211176,22,false,1130795251,2026-07-16T12:26:19Z,"","Bear Family Records GmbH",0.546,0.383,5,-10.356,0,0.0534,0.92,0.599,0.116,0.521,133.402,4
