Track URI,Track Name,Album Name,Artist Name(s),Release Date,Duration (ms),Popularity,Explicit,Added By,Added At,Genres,Record Label,Danceability,Energy,Key,Loudness,Mode,Speechiness,Acousticness,Instrumentalness,Liveness,Valence,Tempo,Time Signature
spotify:track:2LCsNgUX2qsEbKZ9yLRUJq,"Love Will Bring Us Back Together","Evolution: The Polydor Anthology","Roy Ayers",1995-02-28,355373,40,false,1130795251,2019-12-02T08:36:31Z,"jazz funk,acid jazz,funk","Universal Records",0.816,0.668,4,-13.439,0,0.0495,0.102,0.000144,0.0943,0.76,105.697,4
spotify:track:7ISReifFARyanj43soo5s1,"Making New Friends","Making New Friends","Jeanie Tracy",2015-04-20,119187,19,false,1130795251,2019-12-02T08:41:05Z,"tribal house,hi-nrg","Athens Of The North",0.653,0.658,8,-8.093,1,0.05,0.146,0.0028,0.0881,0.678,136.128,4
spotify:track:076axVCuzmW8FGEP7Btd7X,"Sparkle","Aloha Got Soul","Greenwood",2016-03-18,255199,0,false,1130795251,2019-12-02T08:41:27Z,"jungle,city pop,aor","Strut",0.642,0.717,2,-8.909,0,0.0961,0.115,0.0177,0.0789,0.875,102.152,4
spotify:track:0Il4Ll4YX4FaLXE5f5SyqE,"Body Heat","Masterjam","Rufus & Chaka Khan",1979-01-01,358800,23,false,1130795251,2020-02-24T16:03:47Z,"funk,classic soul","Geffen*",0.735,0.588,0,-14.136,1,0.0406,0.012,0.000327,0.0759,0.807,119.786,4
spotify:track:6Dhhx6POulpaNlKJKKvLSx,"The Power of Your Love","The Power of Your Love","Spirit of Love",2016,253181,21,false,1130795251,2020-02-24T16:03:57Z,"funk gospel","Athens Of The North",0.458,0.923,11,-5.47,0,0.21,0.0139,0.000375,0.183,0.288,121.365,4
spotify:track:0m2AkCeTiVR8MhSM4cmgfS,"We're Running out of Time","We're Running out of Time / Countdown","Oscar Weathers",2019-12-13,452000,8,false,1130795251,2020-02-24T16:04:31Z,"philly soul,northern soul","Fantasy Love Records",0.488,0.617,2,-12.806,1,0.046,0.00572,0.699,0.0611,0.82,116.334,4
spotify:track:7K4Yu8c95LUyJexYh8NygR,"All in Your Mind","From Philly","LaRombé",2020-01-31,196565,12,false,1130795251,2020-02-24T16:05:05Z,"post-disco","Athens Of The North",0.76,0.486,2,-12.919,1,0.176,0.0897,0,0.13,0.853,108.087,4
spotify:track:3DKVYtSkvMfAoSXzHrWSHk,"We Can Make It Better","Come On Inside","Rena Scott",1979-01-31,301666,14,false,1130795251,2020-02-24T16:05:34Z,"post-disco","Legacy Recordings",0.718,0.779,5,-8.03,0,0.0433,0.135,0.000038,0.0678,0.875,108.169,4
spotify:track:5YKj3GJkiWJ53B3757HuaB,"You and Me Just Started","Star-Funk, Vol. 5","Linda Taylor",2013-05-22,306440,21,false,1130795251,2020-02-24T16:05:53Z,"post-disco,hi-nrg","UNIDISC MUSIC INC.",0.857,0.569,9,-11.339,0,0.177,0.0275,0.0578,0.214,0.955,112.878,4
spotify:track:0aXY6UjWr4ctWPJYJC9Ip6,"I Don't Want You Back","Joey Negro and Sean P Present the Best of Disco Spectrum","Ramona Brooks",2017-09-08,288849,0,false,1130795251,2020-02-24T16:06:11Z,"post-disco","BBE Music",0.842,0.694,8,-9.723,1,0.111,0.145,0.0248,0.0781,0.759,118.735,4
spotify:track:0cE16lJxfsRAPh7pvypPDH,"East of the Apple - The 'Just a Little Different' Mix","East of the Apple","Cross Island",2020-02-07,309000,0,false,1130795251,2020-02-24T16:06:32Z,"","Kalita Records",0.735,0.496,10,-10.741,0,0.0493,0.197,0.000287,0.0772,0.773,125.103,4
spotify:track:2BSqdgkbHqrwnRGwBb2jfk,"Love Me Tonight (Love, Love, Love)","Fern","Fern Kinney",1981-04-15,273066,39,false,1130795251,2020-02-24T16:06:42Z,"post-disco","Malaco Records",0.707,0.614,2,-13.688,1,0.0315,0.00745,0.000683,0.0455,0.961,119.908,4
spotify:track:6rtdhEtXbkMVNjlSwn6aYD,"I Love You","I Love You","Karriem",1982-01-01,415706,0,false,1130795251,2020-02-24T16:07:22Z,"","Numero Group",0.577,0.861,8,-4.765,0,0.0834,0.44,0.000174,0.141,0.902,119.573,4
spotify:track:01aSK1zsA9dlutb1INz1D1,"I Don't Need No Fortune Teller","Boy From New York City - The Best Of","The Ad Libs",2011-01-01,225106,0,false,1130795251,2020-02-24T16:08:26Z,"doo-wop,northern soul","Master Classics Records",0.536,0.676,5,-7.028,1,0.0975,0.695,0,0.642,0.876,104.085,4
spotify:track:2r48u9jiQZ9q6BDtAFNjbV,"Lady","Purple Snow: Forecasting the Minneapolis Sound","Herman Jones",2013-12-03,294038,0,false,1130795251,2020-02-24T16:09:15Z,"","Numero Group",0.707,0.62,11,-8.084,0,0.0509,0.204,0.0000159,0.346,0.804,110.034,4
spotify:track:1VQ4vNasNIrgOKjVpb1aVM,"Don't Send Me Away","Don't Send Me Away / You Got Dat Right","Garfield Fleming",1981-01-01,325811,52,false,1130795251,2020-02-24T16:09:28Z,"post-disco","Becket Records",0.666,0.722,7,-9.132,0,0.0412,0.0135,0.0000995,0.0688,0.846,104.843,4
spotify:track:3e4OWoTTHTNPP1xVlwFeBX,"Let Me Do It (feat. Karvin Johnson)","Treasured Soul","Halo;Karvin Johnson",1980,218148,5,false,1130795251,2020-02-24T16:09:42Z,"drone metal,industrial metal","KES Music & Video Distribution",0.667,0.879,7,-7.183,1,0.205,0.557,0.00609,0.569,0.84,105.346,4
spotify:track:48B0jMwWoR3xnVOqABNzIk,"A Step Ahead","A Step Ahead","9th Creation",2019-04-19,313868,0,false,1130795251,2020-02-24T16:10:13Z,"post-disco","Past Due Records",0.805,0.789,9,-4.98,0,0.238,0.219,0.0000653,0.121,0.927,130.129,4
spotify:track:1jTCkBG0FYOo0yRIfWnnfs,"Give It to Me","Murphy's Law","Cheri",1983-01-01,277600,0,false,1130795251,2020-02-24T16:10:36Z,"","UNIDISC MUSIC INC.",0.881,0.566,11,-9.419,0,0.124,0.0913,0.00000826,0.104,0.846,114.629,3
spotify:track:0QLA9Kw4gX7pG0g5K1ceby,"It Ain't No Big Thing - 2012 - Remaster","Make It Last Forever (2012 - Remaster)","Donna Mcghee",1978-01-01,404680,0,false,1130795251,2020-02-24T16:11:56Z,"post-disco","Cavalcade Records Ltd",0.576,0.657,5,-9.97,0,0.0265,0.00353,0.00000855,0.0917,0.527,97.673,4
spotify:track:66gIcRG7jQS9m13pbpFH92,"Make It Last Forever - 2012 - Remaster","Make It Last Forever (2012 - Remaster)","Donna Mcghee",1978-01-01,506386,0,false,1130795251,2020-02-24T16:12:54Z,"post-disco","Cavalcade Records Ltd",0.592,0.545,0,-10.27,1,0.0442,0.179,0.000695,0.208,0.66,102.449,4
spotify:track:5T0WgK8wc88pQzTmNiSg6z,"I Luv You","You Can Fly On My Aeroplane","Wee",2008-08-26,231040,0,false,1130795251,2020-02-24T16:13:12Z,"","Numero Group",0.513,0.751,0,-7.351,1,0.131,0.295,0.00000385,0.0976,0.705,106.746,4
spotify:track:1a7hCDAldDsjZZKMu0njjN,"Reason for the Reason","My Music","Samuel Jonathan Johnson",1978-09-26,180960,12,false,1130795251,2020-02-24T16:13:34Z,"","Legacy Recordings",0.7,0.922,10,-9.346,1,0.0914,0.0361,0.00455,0.119,0.93,113.392,4
spotify:track:07UcycMwN8L83PoqbUlqnT,"Time","Round Trip [Plus Bonus Tracks]","Light Of The World",2008-09-19,261786,34,false,1130795251,2020-02-24T16:14:10Z,"jazz funk,post-disco,acid jazz","Parlophone UK",0.739,0.748,2,-7.536,1,0.138,0.14,0.00678,0.0288,0.84,122.887,4
spotify:track:16apRMgPgZ8En9iRt6kUmr,"Body Energy","A Step Ahead","9th Creation",2019-04-19,292324,0,false,1130795251,2020-02-24T16:14:27Z,"post-disco","Past Due Records",0.722,0.866,0,-6.889,1,0.136,0.176,0.00148,0.0725,0.85,124.782,4
spotify:track:6h3yGsZUja38mcX8zVME51,"Music Madness - Extended Charles Maurice Version","French Disco Boogie Sounds","Beckie Bell;Charles Maurice",2015-05-08,419124,0,false,1130795251,2020-02-24T16:17:58Z,"post-disco","Favorite",0.721,0.82,9,-9.143,1,0.0759,0.37,0.0987,0.117,0.702,119.293,4
spotify:track:47oIyZJ9Hp3NpyuHrZSTL2,"You're Everything to Me","All For You","CRAC",2019-11-08,264291,0,false,1130795251,2020-02-24T16:18:29Z,"aor,yacht rock","KingUnderground",0.651,0.663,2,-14.929,0,0.0458,0.34,0,0.0675,0.814,125.42,4
spotify:track:6chkDKDiskOeKnctKVO5GK,"Dance, Dance, Dance (Disco Version)","Dance, Dance, Dance","Marta Acuna",1977-03-15,375973,34,false,1130795251,2020-02-24T16:18:38Z,"disco,post-disco","P&P Records",0.581,0.519,9,-11.893,1,0.0746,0.0386,0.00482,0.165,0.708,111.397,4
spotify:track:0HMv8OP3Qi3KzU5XfKrzoP,"Be Yourself","Open Soul","Air Power",2010-09-22,376600,26,false,1130795251,2020-02-24T18:34:42Z,"disco","Stage Productions Ltd.",0.696,0.646,7,-9.074,0,0.168,0.536,0.668,0.113,0.96,128.118,4
spotify:track:674Mdi18c6WEnH2EsDwz9V,"Keep It in the Family","Happy Hour","Deodato",1982,304040,33,false,1130795251,2020-02-24T18:34:54Z,"jazz funk,brazilian jazz,jazz fusion","Rhino/Warner Records",0.835,0.663,0,-13.671,1,0.0793,0.312,0.206,0.0427,0.968,118.32,4
spotify:track:1yeIxOEFmpQ3qlOb2R3g2m,"The Ghetto","Everything Is Everything","Donny Hathaway",1970-01-01,413773,53,false,1130795251,2020-02-24T18:35:18Z,"soul,classic soul","Rhino Atlantic",0.739,0.523,5,-10.462,0,0.0303,0.37,0.194,0.177,0.826,113.939,4
spotify:track:142NEkj28qPIUQ2NuNUQF3,"Come Let Me Love You - Vocal","12 Inch Classics","Jeanette ""Lady"" Day",1981-01-01,340160,19,false,1130795251,2020-02-24T18:35:30Z,"post-disco","UNIDISC MUSIC INC.",0.752,0.775,4,-6.691,0,0.1,0.203,0.00605,0.115,0.94,114.035,4
spotify:track:7uIKTNMTtL1Ssmt4NpJTjk,"I Was Born To Love You","Synchronized","Timeless Legend",2009-06-08,223186,27,false,1130795251,2020-02-24T18:35:43Z,"northern soul,disco","Expansion Records",0.659,0.811,2,-9.758,0,0.0813,0.0158,0.0039,0.0399,0.884,117.604,4
spotify:track:5p75CFEOScHOEiznJKN6FH,"Nobody Else","Hold on I'm Comin'","Karen Silver",1979-01-01,363466,23,false,1130795251,2020-02-24T18:36:39Z,"post-disco,disco","UNIDISC MUSIC INC.",0.939,0.293,7,-13.803,1,0.236,0.0567,0.00000452,0.0245,0.773,111.364,4
spotify:track:6l5SjeMODgu1UCYlmvnh7d,"Do It Baby","Do It Baby (Expanded Edition)","The Miracles;Billy Griffin",1974-01-01,184253,38,false,1130795251,2020-02-24T18:37:08Z,"motown,doo-wop,classic soul,post-disco,yacht rock","UNI/MOTOWN",0.719,0.558,0,-10.063,1,0.046,0.293,0.00208,0.0883,0.871,97.472,4
spotify:track:0FkUIysh68ZdHTgJkvmogL,"Love Fever","Love Fever","Gayle Adams",1982-08-01,401773,43,false,1130795251,2020-02-24T18:37:24Z,"post-disco,disco,funk,boogie","UNIDISC MUSIC INC.",0.773,0.622,1,-11.283,1,0.0356,0.028,0.0000236,0.0632,0.832,105.538,4
spotify:track:4l1xHyOwkiW5uKIhYGPOxZ,"The Sound Table","Knights Of The Sound Table","Cameo",1981-12-14,221266,25,false,1130795251,2020-02-24T18:37:47Z,"funk","Mercury Records",0.79,0.816,9,-6.225,0,0.0527,0.278,0.645,0.0921,0.935,131.662,4
spotify:track:3una6OI6v7V3aJrCmtdPz5,"By My Side","Dancin' Prancin' / By My Side","Pure Pleasure",1980-09-01,235164,19,false,1130795251,2020-02-24T18:38:50Z,"","Soul7",0.632,0.321,2,-16.694,0,0.263,0.207,0.00000417,0.104,0.81,95.858,4
spotify:track:1qAumZzm1mKOsedQSHHttu,"Change the World - Remastered","Change the World - EP (2019 Remaster)","Solat",2019-04-13,311027,0,false,1130795251,2020-02-24T18:39:11Z,"","Pseudonym Records",0.566,0.778,4,-10.721,0,0.248,0.415,0.00000816,0.194,0.691,113.761,4
spotify:track:3kZ7QOfY03upr7E1HAoFFe,"Disco Juice","Spaced Out: The Very Best of Cloud One","Cloud One",2019-04-13,419706,32,false,1130795251,2020-02-24T18:40:35Z,"post-disco,disco","P&P Records",0.592,0.737,9,-9.279,0,0.033,0.00453,0.105,0.321,0.669,122.984,4
spotify:track:1yTIB6RK7V4sEmryKjApgG,"Spaced Out","Spaced Out: The Very Best of Cloud One","Cloud One",2019-04-13,394293,3,false,1130795251,2020-02-24T18:40:43Z,"post-disco,disco","P&P Records",0.681,0.713,9,-7.629,1,0.0338,0.00437,0.875,0.156,0.764,121.876,4
spotify:track:6EEpz2tuKJ2nBSi8LR1Jv3,"Aaj Shanibar","Disco Jazz","Rupa",1982-01-01,479629,0,false,1130795251,2020-02-24T18:41:20Z,"","Numero Group",0.576,0.764,2,-10.799,1,0.188,0.418,0.0749,0.0667,0.823,126.048,4
spotify:track:6BgdKqlUfMTATNMmbOzKpk,"Music Is My Way of Life","Best Of Patti Labelle","Patti LaBelle",1982,491666,25,false,1130795251,2020-02-24T18:41:56Z,"philly soul,quiet storm,classic soul","Epic",0.729,0.837,1,-11.921,1,0.0406,0.197,0.00196,0.0466,0.918,112.371,4
spotify:track:6UTSeHhAQ8J2uQ7h2dqHP7,"Paradise Island - Original","Paradise Island","Azwon",2019-07-26,321796,0,false,1130795251,2020-02-24T18:43:26Z,"","Pressure Makes Diamonds",0.365,0.894,9,-4.848,0,0.0639,0.0891,0.0033,0.701,0.707,114.228,4
spotify:track:6jkmvPGQHaTzoHwiRk6I5W,"Migration","Migration","Creative Source",1974-10-27,275461,8,false,1130795251,2020-02-24T18:43:44Z,"","Sussex Records",0.657,0.71,6,-10.356,0,0.0299,0.0463,0.00696,0.0643,0.633,104.905,4
spotify:track:4vrKqsiC2k2N1RDOfz23at,"All We Need","Straight From The Heart","Patrice Rushen",1982,354600,0,false,1130795251,2020-02-24T18:43:56Z,"post-disco,jazz funk,disco,funk","Strut",0.821,0.739,11,-7.906,1,0.0388,0.169,0.000495,0.0862,0.972,117.11,4
spotify:track:3nBvC1zd6dilFUaK1Ku339,"Gonna Find A True Love - Single Version","Let Me Be Your Lover","Patterson Twins",2019-05-31,208840,0,false,1130795251,2020-02-24T18:44:50Z,"northern soul,acid jazz","Acid Jazz UK",0.524,0.882,9,-3.396,1,0.0643,0.0509,0.00000173,0.284,0.885,127.487,4
spotify:track:0FH0ebgZNfF8QPfJKMRK5X,"You Got Me Up","Skyway","Skyy",1980-01-01,306757,0,false,1130795251,2020-02-24T18:45:27Z,"post-disco,funk","Salsoul Records",0.791,0.539,7,-15.003,1,0.0547,0.0125,0.00231,0.203,0.666,104.726,4
spotify:track:3n0XBrIstiCFpMwLrf7RkS,"You're the Best","You're the Best","LaRombé",2019-06-14,265768,4,false,1130795251,2020-02-24T18:45:41Z,"post-disco","Athens Of The North",0.758,0.744,2,-9.91,1,0.0453,0.317,0.000741,0.389,0.865,124.42,4
spotify:track:25XO1GIiYUQllZmo9bM1I1,"Put Your Love on the Line","Mr Bongo Record Club Volume 2","Dee Edwards",2017-11-03,277426,0,false,1130795251,2020-02-24T18:46:02Z,"northern soul","Mr Bongo",0.805,0.864,8,-6.015,0,0.0486,0.167,0.33,0.0475,0.947,102.91,4
spotify:track:02nQC7qgUifpgGJJEHFaL8,"Number One - 12"" Version","Straight From The Heart","Patrice Rushen",1982,408142,0,false,1130795251,2020-02-24T18:46:54Z,"post-disco,jazz funk,disco,funk","Strut",0.796,0.901,0,-7.171,0,0.0363,0.151,0.764,0.0409,0.961,114.417,4
spotify:track:6OLjufQL2tVz8TsgrexO62,"Keep on (Holding On) [Kon Rework]","Keep on (Holding On) [Kon Rework]","The Devoted Souls",2018-07-25,373760,0,false,1130795251,2020-02-24T18:47:41Z,"","Gardner Records",0.896,0.407,4,-13.943,0,0.0692,0.00994,0.436,0.107,0.688,120.012,4
spotify:track:0VIGGiNBmLfb5W36dQ3S0x,"We Are Here to Party","We Are Here to Party","Gratitude",2019-03-08,272244,7,false,1130795251,2020-02-24T18:49:03Z,"","Athens Of The North",0.689,0.685,11,-11.303,0,0.0515,0.00898,0.0665,0.138,0.752,135.605,4
spotify:track:3SmPAYgr8V7avYYuoJ0AfE,"A.E.I.O.U.","A.E.I.O.U.","Di Melo;Cotonete",2018-06-15,390048,42,false,1130795251,2020-02-24T18:49:14Z,"disco house,nu disco","Favorite Recordings",0.771,0.699,6,-9.798,0,0.0377,0.0112,0.000971,0.345,0.918,125.997,4
spotify:track:3CUQQYGWgt42NAv1XkBlpD,"You've Got Me Hung Up","You've Got Me Hung Up","King Tutt",2014-11-24,324000,30,false,1130795251,2020-02-24T18:49:36Z,"baltimore club,deathstep","Record Shack",0.715,0.725,9,-9.567,0,0.0697,0.193,0.00101,0.279,0.892,133.052,4
spotify:track:6xWuWyGafBVNAISMZOyxdq,"Loving Explosion","Loving Explosion","The Eliminators",1974,181440,7,false,1130795251,2020-02-24T18:50:10Z,"surf rock","Brunswick Records",0.628,0.76,0,-6.423,1,0.132,0.188,0,0.265,0.962,98.469,4
spotify:track:3ISXTHT7TfEByFpRFfJ0Da,"Do You Hear Me Talking to You?","Do You Hear Me Talking to You?","Peoples Pleasure;Alive and Well",2019-02-01,243486,3,false,1130795251,2020-02-24T18:50:22Z,"","Athens Of The North",0.686,0.804,7,-8.868,1,0.117,0.021,0.000231,0.142,0.881,116.918,4
spotify:track:37PFCCsJYkaYzVa9pptXf0,"Keep on Dancing","Keep on Dancin","Luther Davis",2018-12-14,213806,9,false,1130795251,2020-02-24T18:50:29Z,"","Athens Of The North",0.604,0.64,9,-16.98,1,0.0487,0.0988,0.558,0.0984,0.915,130.791,4
spotify:track:0AyMLb627fcDkKdo1xYiUF,"Just One Dance Before You Go","Just One Dance Before You Go","Shahid Wheeler",2019-01-25,226275,0,false,1130795251,2020-02-24T18:51:10Z,"","Melodies International",0.683,0.716,2,-11.663,1,0.0465,0.217,0.429,0.122,0.656,130.367,4
spotify:track:0CvgavI8I150U8udTWyylF,"I Believe It's Alright","I Believe It's Alright","Jack Jacobs",2019-01-18,195879,0,false,1130795251,2020-02-24T18:51:18Z,"","Melodies International",0.569,0.867,2,-8.664,0,0.036,0.0191,0.0155,0.354,0.684,110.24,4
spotify:track:2yNTdsHLS9M8iceCzPIHtf,"Feel the Spirit (Long Disco Version)","Feel the Spirit","Foster Jackson Group",1979-03-15,241600,6,false,1130795251,2020-02-24T18:53:16Z,"","P&P Records",0.684,0.794,11,-9.237,0,0.0525,0.0707,0.683,0.238,0.968,131.01,4
spotify:track:7LsD36exf1dVsSicJQMOKF,"Down To Love Town","Down To Love Town","The Originals",1977-08-11,359480,30,false,1130795251,2020-02-25T17:53:29Z,"northern soul,motown,classic soul","UNI/MOTOWN",0.729,0.664,1,-10.946,1,0.0283,0.0712,0.00303,0.343,0.892,122.473,4
spotify:track:5Q3mwI9wt9KOsCLrqvUFPd,"Patience","I Want To Live High","Rokk",2013-08-20,265080,0,false,1130795251,2020-02-26T11:47:41Z,"","Numero Group",0.693,0.784,8,-7.447,1,0.0734,0.666,0.436,0.244,0.918,120.3,4
spotify:track:4NuQTK2DindHXHhK5iNKHF,"Rockin' Chair","Rockin' Chair/Something So Right","Gwen McCrae",1975,202133,14,false,1130795251,2020-02-26T14:22:03Z,"post-disco,disco,funk","Parlophone UK",0.621,0.715,7,-7.677,1,0.0376,0.076,0.00202,0.0376,0.74,90.686,4
spotify:track:6dpcwu7x3PqCLVUiQF6VyX,"I Don't Know If It's Right - 7"" Version","Platinum & Gold Collection","Evelyn ""Champagne"" King",2003-05-05,225493,21,false,1130795251,2020-02-26T14:22:31Z,"post-disco,disco,funk","RCA/BMG Heritage",0.693,0.693,4,-10.631,0,0.0533,0.0507,0.0000392,0.0499,0.771,114.323,4
spotify:track:731G1w6fOagt1pP9CdRtZu,"I Can Deal with That","Searching for Soul: Soul, Funk & Jazz Rarities from Michigan 1968-1980","Dee Edwards",2017-10-25,219253,0,false,1130795251,2020-02-26T19:23:52Z,"northern soul","Luv N'Haight",0.592,0.616,1,-8.833,1,0.135,0.751,0.0000151,0.0672,0.922,90.666,4
spotify:track:2rtaXod8snb4GRWTLJhKzw,"We Got To Hit It Off","A Moment's Pleasure","Millie Jackson",1979,249800,0,false,1130795251,2020-02-26T19:28:16Z,"northern soul,soul,classic soul,soul blues,quiet storm","Ace Records",0.728,0.573,10,-12.265,1,0.0631,0.131,0.0000136,0.11,0.918,108.29,4
spotify:track:1GEFEnCLkp3HYxho3x7EVn,"Get It On","Purple Snow: Forecasting the Minneapolis Sound","Prophets of Peace",2013-12-03,187407,0,false,1130795251,2020-02-26T19:31:46Z,"","Numero Group",0.638,0.636,7,-10.153,0,0.0353,0.743,0.198,0.0769,0.963,118.181,4
spotify:track:5oeL6Qnnlg4x789IMHQyl3,"I'm Gonna Make It","Know What You Want","Gloria Jay",2017-12-08,179567,0,false,1130795251,2020-02-26T19:33:33Z,"","Melodies International",0.837,0.714,10,-7.712,1,0.0322,0.316,0.0225,0.0727,0.962,111.009,4
spotify:track:78OwRqC8qdvL08UOJ21mQ6,"Lookin' for Love","Fat Larry's Band: 12 Inch Classics - EP","Fat Larry's Band",1993-01-01,329600,0,false,1130795251,2020-02-26T19:33:42Z,"philly soul,post-disco,funk","UNIDISC MUSIC INC.",0.731,0.762,4,-7.053,0,0.137,0.0794,0.0000758,0.077,0.776,122.318,4
spotify:track:5YPIX0GlnaAxaJBFJydMT4,"Looking Up to You","Love Conquers All (Expanded Edition)","Michael Wycoff",1982-03-01,320280,52,false,1130795251,2020-02-26T19:34:18Z,"post-disco","RCA/Legacy",0.689,0.604,7,-9.01,0,0.0351,0.0136,0.0000384,0.13,0.72,104.383,4
spotify:track:6a44RET0b0enJMb5PVQlr8,"Can't Let Go","I Am","Earth, Wind & Fire",1979-06,208408,59,false,1130795251,2020-02-26T19:36:28Z,"funk,disco","Columbia/Legacy",0.649,0.794,6,-9.46,1,0.0353,0.144,0.000297,0.072,0.966,127.792,4
spotify:track:77Zx8aiG3xvtlg9rJYH8Uz,"Miracles - Full Length Album Mix","Miracles","Change",1981-02-03,322493,0,false,1130795251,2020-02-26T19:36:54Z,"post-disco,disco,funk","New Fresh Records",0.566,0.873,7,-4.668,1,0.0852,0.185,0.0000316,0.0606,0.746,114.938,4
spotify:track:0sljuIAEozVh6FoSA3d2Yc,"Stay Free","Stay Free (Expanded Version)","Ashford & Simpson",1979-08-09,328240,32,false,1130795251,2020-02-26T19:38:05Z,"disco,post-disco","Altra Moda Music",0.64,0.891,0,-6.727,0,0.0717,0.0662,0.00000908,0.128,0.73,107.586,4
spotify:track:6jrxNe3rE2V0yaA74s9kWj,"Feel the Spirit ('76)","Feel the Spirit","Leroy Hutson;The Free Spirit Symphony",2017-06-30,347840,0,false,1130795251,2020-02-26T19:38:15Z,"","Acid Jazz",0.639,0.73,7,-11.999,0,0.0472,0.0372,0.284,0.384,0.854,123.788,4
spotify:track:33PR5JXyLUooZLCWD8fbLX,"Love Music","The Best Of Earth, Wind & Fire Vol. 1","Earth, Wind & Fire",1978-11-23,235173,0,false,1130795251,2020-02-26T19:39:02Z,"funk,disco","Columbia/Legacy",0.699,0.769,0,-7.248,1,0.0403,0.265,0.335,0.0709,0.772,95.456,4
spotify:track:5XLHgjnePhlbsYwo1LmFUs,"Disco Nights (Rock Freak) - 7"" Version","Disco Nights (Expanded Edition)","G.Q.",1979-01-01,237053,28,false,1130795251,2020-02-26T19:39:16Z,"disco,post-disco","Legacy Recordings",0.817,0.477,5,-13.987,0,0.0528,0.017,0.00255,0.0642,0.954,123.167,4
spotify:track:0U8jLRW0P9yATYLXiqEJlF,"Free Love","Jean Carn","Jean Carn",1977,244973,29,false,1130795251,2020-02-26T19:39:38Z,"philly soul,post-disco,classic soul,quiet storm","Legacy Recordings",0.749,0.733,9,-8.083,0,0.06,0.146,0.00000512,0.155,0.839,112.556,4
spotify:track:622nFoL1ApPZnwnucMe4QO,"Don't Wonder Why","Alice Clark","Alice Clark",1972-05-18,201557,13,false,1130795251,2020-02-26T19:40:22Z,"northern soul,classic soul,motown,soul","Mainstream Records",0.436,0.549,5,-9.535,1,0.0358,0.669,0.000413,0.175,0.786,147.245,4
spotify:track:0ccXHJcp98HBgEXVLUP3eH,"I Love You More","Wall To Wall","Rene & Angela",1981-08-10,334040,48,false,1130795251,2020-02-26T19:40:34Z,"quiet storm,post-disco,classic soul","CAPITOL CATALOG MKT (C92)",0.857,0.684,4,-7.267,1,0.128,0.298,0.00258,0.0909,0.712,105.29,4
spotify:track:4UUJoYJpq8gkiNJ1Z7zGjl,"I Can Only Think of You","Melody of Life","Gwen McCrae",1979,318680,0,false,1130795251,2020-02-26T19:42:12Z,"post-disco,disco,funk","Henry Stone Music USA, Inc.",0.801,0.428,8,-14.384,1,0.0434,0.134,0.0000214,0.447,0.783,96.768,4
spotify:track:1Gd8aFVTQeysGg5gELas6P,"Queen of My Universe","Queen of My Universe","Infinity",2018-06-15,195598,8,false,1130795251,2020-02-26T19:43:01Z,"gospel,afrogospel","Athens Of The North",0.59,0.823,9,-7.916,0,0.0631,0.464,0.000282,0.304,0.825,120.398,4
spotify:track:4De6tTVXe0N3V0OPOmkvT3,"Ain't Nothin' Goin' On But The Rent","Good To Go Lover","Gwen Guthrie",1986-01-01,359560,47,false,1130795251,2020-02-26T19:43:08Z,"post-disco,disco","Mercury Records",0.793,0.681,10,-11.772,0,0.0825,0.084,0.00022,0.532,0.888,107.244,4
spotify:track:2NrrdF8cF3gYvaEQZL8TdS,"Hang It Up - Remastered Version","Forget Me Nots","Patrice Rushen",2017-12-06,307360,0,false,1130795251,2020-02-26T19:43:17Z,"post-disco,jazz funk,disco,funk","Strut",0.771,0.832,5,-9.519,1,0.0625,0.0245,0.000857,0.101,0.93,96.967,4
spotify:track:0ufRuWwD0Zi4ILZcd8VBOe,"Born To Boogie","Surinam Funk Force","Steve Watson",2016-10-07,238863,0,false,1130795251,2020-02-26T19:43:29Z,"disco","Rush Hour",0.713,0.625,11,-7.283,0,0.17,0.539,0.249,0.0353,0.701,117.318,4
spotify:track:2aNOkWge7L1IubHjS9dkgL,"Time for a Change","Time for a Change","Benita",2017-12-01,205663,26,false,1130795251,2020-02-26T19:44:26Z,"post-disco,disco","Athens Of The North",0.687,0.796,0,-9.623,0,0.103,0.00209,0.0000755,0.137,0.608,121.263,4
spotify:track:2FvIkVNVEmiAaasafDSWSV,"I Found Lovin'","With Love","Fatback Band",1983,250506,0,false,1130795251,2020-02-26T19:45:34Z,"funk,post-disco,jazz funk","Ace Records",0.718,0.587,6,-9.435,0,0.038,0.000211,0.0403,0.177,0.423,105.434,4
spotify:track:3LGEYy3StwFrZYEn7pGCBd,"Po' Man","Friends and Buddies","Milton Wright",2009-01-27,387093,0,false,1130795251,2020-02-26T19:46:20Z,"jazz funk","Henry Stone Music USA Inc",0.743,0.832,9,-5.429,1,0.0671,0.047,0,0.237,0.832,117.912,4
spotify:track:1GEovJl5PwM4icmmdGmRZX,"Keep On (Holding On)","Keep On (Holding On)","The Devoted Souls",2018-07-25,286261,0,false,1130795251,2020-02-26T19:46:36Z,"","Gardner Records",0.785,0.492,4,-8.948,0,0.0504,0.0426,0.0000758,0.13,0.811,122.969,4
spotify:track:5V10zP31SoOJcMvWgAAHKK,"Just Can't Stay Away","Listen","Don Blackman & The Family Tradition",2002-09-02,204253,0,false,1130795251,2020-02-26T19:46:57Z,"","Expansion Records",0.708,0.813,11,-8.658,0,0.0309,0.0203,0.0000799,0.147,0.532,114.749,4
spotify:track:73fm5kcGaWjPohlepLww1r,"Everyman - Late Nite Tuff Guy Rework","The Late Nite Tuff Guy Salsoul Reworks","Double Exposure;Late Nite Tuff Guy",2018-04-27,330646,0,false,1130795251,2020-02-26T20:53:15Z,"philly soul,disco,disco house,nu disco,acid house","Salsoul Records",0.773,0.608,10,-9.945,0,0.0979,0.000683,0.303,0.077,0.574,112.024,4
spotify:track:3MuUhsJp8pmMs3yhNe0wqX,"Disco Stuff","Play Disco Specials","The Star Beams",1989-01-01,595928,0,false,1130795251,2020-02-26T20:53:15Z,"","Gallo Record Company",0.605,0.459,0,-17.003,0,0.0338,0.000211,0.32,0.111,0.831,120.055,4
spotify:track:0efOcjjzdfBxFJp6MZcXzC,"Moment Of My Life - 12"" Version","II","Inner Life",1982-01-01,392066,0,false,1130795251,2020-02-26T20:53:15Z,"post-disco,disco","Salsoul Records",0.759,0.686,11,-9.429,1,0.109,0.00215,0.0141,0.108,0.82,113.52,4
spotify:track:2u3apT4hVtL9NaIIhp1eKe,"Let Your Feelings Show","I Am","Earth, Wind & Fire",1979-06,313540,47,false,1130795251,2020-02-26T20:53:15Z,"funk,disco","Columbia/Legacy",0.607,0.812,1,-10.054,1,0.0469,0.131,0.012,0.144,0.894,124.901,4
spotify:track:2Ai3DjPTxKWB3C8IJT7zDx,"Disco Madness","Soul Jazz Records Presents Disco: A Fine Selection of Independent Disco, Modern Soul and Boogie 1978-82","Sparkle",2015-01-06,353106,0,false,1130795251,2020-02-26T20:53:15Z,"quiet storm","Soul Jazz Records",0.562,0.827,7,-10.825,1,0.0466,0.00179,0.0192,0.0597,0.748,131.008,4
spotify:track:5uiBllEGGhLgXZpMsYAFZI,"Take It to the Limit - 12""","The Essential Norman Connors - The Buddah/Arista Years","Norman Connors",2018-03-16,261306,2,false,1130795251,2020-02-26T20:53:15Z,"quiet storm,philly soul,classic soul,jazz funk","Buddah/Legacy",0.62,0.816,2,-10.118,1,0.0658,0.0455,0.000262,0.0723,0.915,124.356,4
spotify:track:3cPAmFF3Ds5hTazhvfbg1I,"Got to Get Your Love","Got to Get Your Love","Clyde Alexander & Sanction",1980-03-15,583426,19,false,1130795251,2020-02-26T20:53:15Z,"post-disco","P&P Records",0.678,0.858,11,-7.925,0,0.0942,0.0998,0.0297,0.131,0.623,121.61,4
spotify:track:69ZGaXg5BV9HRxOgexbu6N,"Only You","Doing It in Lagos: Boogie, Pop & Disco in 1980's Nigeria","Steve Monite",2016-12-09,381040,0,false,1130795251,2020-02-26T20:55:01Z,"","Soundway Records",0.786,0.921,0,-6.842,1,0.101,0.0552,0.00181,0.0629,0.628,118.373,4
spotify:track:5uoWLHlKz2KSMNolLngutE,"We Can Make It If We Try","The Sylvers II","The Sylvers",1973,171653,37,false,1130795251,2020-02-26T20:55:28Z,"disco","Mr Bongo",0.646,0.91,7,-5.555,1,0.097,0.111,0.000217,0.258,0.967,89.042,4
spotify:track:5MVvS31WyHA0t9eY3bGWrW,"Reality","Reality","Ice",2017-12-20,216792,14,false,1130795251,2020-02-26T20:56:15Z,"","Athens Of The North",0.531,0.743,6,-11.865,0,0.101,0.0335,0.0222,0.349,0.779,121.942,4
spotify:track:63boRQr8qcMvaD2v1d22mZ,"Funky Sensation","80s Grooves Gems","Gwen McCrae",2018-06-15,398840,0,false,1130795251,2020-02-26T20:56:20Z,"post-disco,disco,funk","Warner Music Group - X5 Music Group",0.735,0.48,4,-15.147,0,0.0676,0.064,0.000521,0.0573,0.866,99.382,4
spotify:track:7hSix77LMTNqSbZG153np9,"I Don't Want to Be a Freak (But I Can't Help Myself)","The Best of Dynasty","Dynasty",2014-09-29,434160,0,false,1130795251,2020-02-26T20:57:19Z,"post-disco,funk","Sanctuary Records",0.721,0.864,5,-7.126,0,0.086,0.00431,0.00116,0.0628,0.943,118.519,4
spotify:track:2RmErp0YHljdHtHKOJnivH,"Love In the Fast Lane","The Best of Dynasty","Dynasty",2014-09-29,286434,0,false,1130795251,2020-02-26T20:57:47Z,"post-disco,funk","Sanctuary Records",0.657,0.611,9,-10.6,1,0.115,0.0118,0,0.0819,0.76,110.714,4
spotify:track:1iPbcdvxT4WVG0Irt98uL3,"Love Has Come Around","Love Byrd","Donald Byrd",1981,472866,44,false,1130795251,2020-02-26T20:58:51Z,"hard bop,jazz funk,jazz,soul jazz,jazz fusion,acid jazz,bebop","Rhino/Elektra",0.727,0.724,2,-8.982,0,0.0398,0.0888,0.271,0.292,0.519,111.741,4
spotify:track:4lQlWpvWNHuOpaSAAZwfNW,"Pick Me Up, I'll Dance - 12"" Mix","The Essential Melba Moore","Melba Moore",2015-03-06,420080,17,false,1130795251,2020-02-26T20:59:05Z,"post-disco,disco,funk","RCA/Legacy",0.704,0.691,5,-9.415,1,0.0482,0.0139,0.0000354,0.185,0.894,127.726,4
spotify:track:0nnK9BHXxpht4Wlo6nqI6C,"Southern Freeez","Freeez Frame! - The Best of Freeez","Freeez",1993-01-04,343866,0,false,1130795251,2020-02-26T21:00:58Z,"post-disco,hi-nrg,jazz funk,chicago house","Beggars Banquet",0.729,0.622,0,-13.043,1,0.0359,0.0916,0.0778,0.0703,0.86,127.397,4
spotify:track:32CEdd1BuqoOuHkWuyfcX7,"Let Somebody Love You","You're the Best (Expanded)","Keni Burke",2014-06-27,307973,35,false,1130795251,2020-02-26T21:01:45Z,"post-disco","Legacy Recordings",0.721,0.844,6,-8.055,1,0.0808,0.0107,0.000131,0.205,0.785,118.925,4
spotify:track:6NcIy8zARjYw8fmpoq4NuB,"Be There in the Morning - 1977 Version","Be There in the Morning","Renee Geyer",2014-05-26,255113,24,false,1130795251,2020-02-26T21:04:00Z,"nz reggae","Athens Of The North",0.613,0.886,2,-9.332,0,0.0633,0.0632,0.00000141,0.166,0.675,104.941,4
spotify:track:2jWMdaXKzO0MJMsZBaHKud,"Number One","Musique II","Musique",1979-01-01,499222,7,false,1130795251,2020-02-26T21:04:53Z,"disco,post-disco","UNIDISC MUSIC INC.",0.771,0.776,9,-6.148,1,0.127,0.0777,0.038,0.0557,0.746,135.077,4
spotify:track:3bVWv9ceOd490eZKa9cZcw,"It Must Be Love","The Best Soul & Funk Collection: Extra","Alton McClain & Destiny",2010-01-01,180306,0,false,1130795251,2020-02-26T21:05:14Z,"post-disco","Universal Music Group International",0.676,0.878,0,-6.294,0,0.122,0.161,0.00000239,0.764,0.851,118.97,4
spotify:track:1odZXNQ2y77OPuXA6wvqsZ,"I Don't Wanna Lose Your Love","Glitterbox - Love Injection","The Emotions",2018-02-23,241645,0,false,1130795251,2020-02-26T21:05:39Z,"motown,disco","Glitterbox Recordings",0.75,0.729,1,-8.867,1,0.0589,0.167,0.00302,0.661,0.935,120.147,4
spotify:track:1SRtnntbQW1KKO6rzEO7ac,"I Specialize In Love - 12 Inch Version","I Specialize In Love","Sharon Brown",2010-09-10,437453,0,false,1130795251,2020-02-26T21:05:49Z,"post-disco,disco","High Fashion Digital",0.852,0.752,6,-7.774,1,0.0576,0.0387,0.000272,0.609,0.834,113.287,4
spotify:track:4o2td8t1oO5MdI0ahSi32h,"Rockin' You Eternally","Rockin' You Eternally","Leon Ware",1981,262133,38,false,1130795251,2020-02-26T21:06:07Z,"jazz funk,post-disco","Rhino/Elektra",0.576,0.652,0,-10.967,0,0.0358,0.212,0.000288,0.083,0.679,141.366,4
spotify:track:3UXMzoDgMdupG9DvEfStT1,"All Because of You","Anthology 1972 - 1984","Leroy Hutson",2017-10-20,211066,0,false,1130795251,2020-02-26T21:06:27Z,"","Acid Jazz",0.667,0.423,1,-14.582,0,0.0793,0.0369,0.0053,0.0725,0.953,85.909,4
spotify:track:4beuE335jEeFkmR8nLPUCP,"I Don't Want You Back","Joey Negro and Sean P present The Best of Disco Spectrum","Ramona Brooks",2017-09-08,288849,0,false,1130795251,2020-02-26T21:06:38Z,"post-disco","BBE",0.842,0.694,8,-9.723,1,0.111,0.145,0.0248,0.0781,0.759,118.735,4
spotify:track:4roqKaobyp78DMjKHvzUR2,"It Should Have Been You - Larry Levan Mix / Bonus Track","Gwen Guthrie","Gwen Guthrie",1982-01-01,425266,0,false,1130795251,2020-02-26T21:06:49Z,"post-disco,disco","Universal Music Group",0.834,0.665,9,-7.698,1,0.106,0.0113,0.000992,0.262,0.73,118.64,4
spotify:track:0RqLnwbNjekJBTany2SAe5,"Found A Cure - A Tom Moulton Mix","Found A Cure","Ashford & Simpson",1979-03-09,633640,2,false,1130795251,2020-02-26T21:07:07Z,"disco,post-disco","Altra Moda Music",0.747,0.623,8,-9.386,0,0.0397,0.0765,0.0627,0.0787,0.81,123.991,4
spotify:track:4Cyr8BisF5t49rytbXr0FD,"Just A Groove","SAM Records - Extended Play - 12"" Disco Classics","Glen Adams Affair",2008-06-30,381346,13,false,1130795251,2020-02-26T21:07:51Z,"post-disco","Demon",0.842,0.745,5,-11.512,1,0.0654,0.0326,0.00154,0.176,0.595,115.171,4
spotify:track:4Hb9WgMSk8T12AvLPEKd3r,"Give Me Your Love - 7"" Version","Soul Togetherness 2017 (Deluxe Version)","Sylvia Striplin",2017-10-06,378687,14,false,1130795251,2020-02-26T21:08:13Z,"post-disco","Expansion Records",0.788,0.791,0,-8.902,0,0.0346,0.0863,0.0369,0.092,0.853,110.245,5
spotify:track:1wGqSAH3JAMNoxL72pOWO3,"Jump To It - Original Extended Version","Jump To It","Aretha Franklin",1982,400872,34,false,1130795251,2020-02-26T21:08:21Z,"soul,motown,classic soul","Arista",0.823,0.611,8,-8.899,0,0.136,0.127,0.00000408,0.206,0.872,119.569,4
spotify:track:5tzvXmK34MkAMGgGt7TmhC,"Lonely Disco Dancer","Dee Dee Bridgewater","Dee Dee Bridgewater",1980,297000,31,false,1130795251,2020-02-26T21:09:11Z,"vocal jazz,french jazz,jazz","Rhino Atlantic",0.685,0.582,4,-10.201,0,0.0388,0.489,0.0174,0.115,0.935,96.737,4
spotify:track:5iUYObwFGRN8T9y6JdEb31,"You Can Do It - 12"" Version","Cutie Pie","One Way;Al Hudson",1992-12-08,429266,23,false,1130795251,2020-02-26T21:09:45Z,"funk,post-disco,northern soul","Geffen",0.89,0.389,8,-16.527,0,0.0471,0.00309,0.000514,0.045,0.956,115.183,4
spotify:track:1C5drIFNiULBbe3ZAQwxCw,"I've Got Reasons","Psychelphia","Mary Jane Hooper",2016-11-29,188133,0,false,1130795251,2020-02-26T21:10:05Z,"","Tuff City Records",0.735,0.632,10,-11.479,0,0.0504,0.41,0.784,0.148,0.928,94.745,4
spotify:track:7Jxy2wI4rm5QWkeX9WiJpa,"Try My Love On for Size","Sharon Redd","Sharon Redd",1981-01-01,308000,30,false,1130795251,2020-02-26T21:10:34Z,"post-disco,boogie,disco,chicago house","UNIDISC MUSIC INC.",0.661,0.784,2,-10.596,1,0.0426,0.0255,0.00593,0.132,0.812,119.341,4
spotify:track:1EBR2w7iDr3t4qBoIzCXWr,"Positive Forces","Positive Forces","Leroy Hutson",2017-08-08,219986,0,false,1130795251,2020-02-26T21:11:36Z,"","Acid Jazz",0.544,0.768,5,-15.047,1,0.0628,0.014,0,0.039,0.59,98.437,4
spotify:track:3iJGrfXRepS04IiZP3VBUp,"Dreaming a Dream - Goes Dancin' Mix","Dreaming a Dream: The Best of Crown Heights Affair","Crown Heights Affair",2015-02-22,421042,0,false,1130795251,2020-02-26T21:13:08Z,"post-disco,disco","Sanctuary Records",0.525,0.554,10,-12.765,0,0.0513,0.000184,0.0765,0.0563,0.542,122.185,4
spotify:track:6G8MeXF45sniLBEjAXcZ7j,"I Like What You're Doing To Me","Old School Funk Jams","Young and Company",2013-06-12,456866,0,false,1130795251,2020-02-26T21:14:15Z,"post-disco,funk","Brunswick Records",0.847,0.624,11,-8.514,0,0.0542,0.0506,0.117,0.113,0.811,118.457,4
spotify:track:0xkEvtKUrZ6oPTGZiLYFuQ,"The Way We Live","Soul Spectrum Records, Vol. 1","Raw Soul Express",2013-02-18,219626,18,false,1130795251,2020-02-26T21:15:00Z,"","Jazzman",0.681,0.648,7,-12.329,1,0.0591,0.0276,0.0000248,0.107,0.363,97.597,4
spotify:track:4FewUQwyY1IoPUxCQIMlNK,"Takin' My Time with You","Beauty: A Journey Through Jeremy Underground's Collection","Maureen Bailey",2016-09-09,193533,14,false,1130795251,2020-02-26T21:18:04Z,"northern soul","Spacetalk",0.626,0.718,1,-6.622,1,0.122,0.146,0.195,0.264,0.667,109.794,4
spotify:track:2DIqPQY9scuv8IeJA1Ouep,"Do You Believe","It'll All Be Over","Supreme Jubilees",2015-01-20,241680,0,false,1130795251,2020-02-26T21:19:08Z,"funk gospel,classic soul","Light In The Attic Records",0.534,0.377,5,-15.203,0,0.103,0.509,0,0.0947,0.638,90.123,4
spotify:track:7EE0xjkvp9AWlUxuUtgPOv,"The Silence That You Keep - First Version","Henry Stone's Miami Sound - The Record Man's Finest 45s","Milton Wright",2015-06-29,206942,13,false,1130795251,2020-02-26T21:20:14Z,"jazz funk","Athens Of The North",0.535,0.87,2,-5.688,1,0.0306,0.234,0.000261,0.345,0.829,104.035,4
spotify:track:20qZfMbLMeeJGpk4mCW4Ug,"I Want to Be Love","Henry Stone's Miami Sound - The Record Man's Finest 45s","Stevens & Foster",2015-06-29,197622,15,false,1130795251,2020-02-26T21:20:19Z,"northern soul","Athens Of The North",0.618,0.762,0,-6.684,1,0.164,0.312,0.000036,0.0515,0.657,107.216,4
spotify:track:3e1Ky0YseXxGBqxjyzbfyU,"Confrontation","Confrontation","Homegrown Syndrome",2015-10-30,222231,30,false,1130795251,2020-02-26T21:20:32Z,"post-disco","Athens Of The North",0.824,0.646,4,-11.556,0,0.134,0.0125,0.000582,0.119,0.708,123.725,4
spotify:track:5yR9u8QiOt8hJaddv32oo7,"I Feel for You","I Feel for You","Chaka Khan",1984,343400,67,false,1130795251,2020-02-26T21:21:05Z,"","Rhino/Warner Records",0.698,0.912,11,-8.993,1,0.0675,0.0145,0.0225,0.279,0.797,124.917,4
spotify:track:2Lh7YrkANGELhT8pOUlht1,"Give Me The Sunshine","We Need Each Other","Leo's Sunshipp",1978,382733,43,false,1130795251,2020-02-26T21:22:08Z,"jazz funk","Expansion Records",0.589,0.616,5,-9.475,0,0.0312,0.11,0.204,0.0721,0.87,96.616,4
spotify:track:3Kf0nJpV3AMRWRTL1SEqUl,"Haven't You Heard","Pizzazz","Patrice Rushen",1979,405293,0,false,1130795251,2020-02-26T21:22:46Z,"post-disco,jazz funk,disco,funk","Rhino/Elektra",0.88,0.703,6,-8.308,0,0.0807,0.0491,0.685,0.0582,0.947,127.952,4
spotify:track:7Kwa03KjnP6UtKJLQorNmM,"Free","This Is Niecy","Deniece Williams",1976,358440,0,false,1130795251,2020-02-26T21:27:07Z,"","Columbia",0.393,0.197,6,-18.699,1,0.0431,0.681,0.00391,0.0458,0.504,175.232,4
spotify:track:6F89XevB7pfe24xIsFIeqS,"Take Me I'm Yours","Take Me I'm Yours 12""","Mary Clark",2004-12-14,416173,0,false,1130795251,2020-02-26T21:28:52Z,"disco","Traffic Entertainment / P&P Records",0.677,0.743,5,-9.977,0,0.0415,0.0124,0.000603,0.0617,0.823,105.122,4
spotify:track:2ngVnOTgmsNed67oFZUrIM,"Freedom Time","California Soul","Linda Tillery",2002-10-22,354440,0,false,1130795251,2020-02-26T21:29:30Z,"","Luv N'Haight",0.402,0.561,9,-9.756,0,0.23,0.778,0.254,0.0988,0.385,97.051,4
spotify:track:64TIJiqmJn7ZnIYzYAEpbL,"Strategy","Strategy","Archie Bell & The Drells",1979,417480,42,false,1130795251,2020-02-26T21:30:15Z,"philly soul,northern soul,classic soul,motown,soul","Legacy Recordings",0.703,0.65,7,-9.212,1,0.0986,0.17,0.00478,0.191,0.702,98.144,4
spotify:track:0Qlbpljv5ZRlxRaYYnsvih,"The Sweetest Pain","Time Is Slipping Away","Dexter Wansel",1979-06-15,345400,44,false,1130795251,2020-02-26T21:30:31Z,"philly soul,jazz funk,post-disco","Legacy Recordings",0.665,0.488,9,-11.021,0,0.0938,0.415,0.000029,0.0642,0.669,99.311,4
spotify:track:2eeHaVzj7wgpEpILLkyra7,"Right Here Right Now","Right Here Right Now (Hallelujah Anyway) [feat. Acebeat Music]","Alicia Myers;Acebeat Music",2015-05-22,274373,12,false,1130795251,2020-02-26T21:31:41Z,"post-disco,cedm,chicago house","Acebeat Music",0.795,0.703,7,-6.838,0,0.0437,0.0909,0.00709,0.117,0.498,111.995,4
spotify:track:3FMzGbtzi4LRnP6HDCtepW,"I Want To Thank You","The Best Of One Way","Alicia Myers",1996-04-23,229000,36,false,1130795251,2020-02-26T21:31:46Z,"post-disco","Geffen",0.763,0.602,11,-7.545,0,0.0539,0.00588,0.0326,0.13,0.722,111.752,4
spotify:track:2sPemLxbQ5o9qnfsTWCre6,"Dust to Dust","DJ Spinna vs. P&P (Continuous DJ Mix Version)","Cloud One",2012-04-24,163771,0,false,1130795251,2020-02-26T21:32:11Z,"post-disco,disco","Five Day Weekend",0.495,0.785,0,-7.609,1,0.0445,0.0221,0.00452,0.578,0.682,81.944,4
spotify:track:68VCCqeujyd3SqmYAWB0lZ,"Nights Over Egypt","Get as Much Love as You Can","The Jones Girls",1981,279800,55,false,1130795251,2020-02-26T21:33:23Z,"philly soul,post-disco,quiet storm,classic soul","Legacy Recordings",0.752,0.36,9,-14.317,0,0.0334,0.499,0.291,0.106,0.636,110.768,4
spotify:track:2yd0XI7g0BhAgY9GkpPClU,"Outstanding","The Gap Band IV","The Gap Band",1982-01-01,198800,67,false,1130795251,2020-02-26T21:33:41Z,"funk,quiet storm","Island Mercury",0.738,0.498,6,-12.091,1,0.0286,0.223,0.0000157,0.155,0.774,99.084,4
spotify:track:0xbkxTqSaW5blsYgRXpB5I,"Funkin' for Jamaica","Funkin' For Jamaica","Tom Browne",1997-07-16,280933,51,false,1130795251,2020-02-26T21:35:04Z,"jazz funk,post-disco,funk","Legacy Recordings",0.854,0.776,8,-9.85,1,0.217,0.436,0.175,0.0549,0.656,111.212,4
spotify:track:68njN7d9bohawoJcUjJdjT,"You Can't Hide (Your Love From Me) - Original 12"" Mix","You Can't Hide (Your Love From Me)","David Joseph",1993-01-01,373266,40,false,1130795251,2020-02-26T21:35:38Z,"post-disco,jazz funk","Universal-Island Records Ltd.",0.863,0.632,4,-11.268,0,0.0504,0.246,0.0117,0.186,0.893,117.548,4
spotify:track:3cMGkeykJiBcFEzMloTD0m,"Love Potion Number 9","The Coasters - Your 20 Favorite Songs","The Coasters",2011-03-01,157805,0,false,1130795251,2020-02-26T21:37:38Z,"doo-wop,rock and roll","X5 Music Group",0.764,0.603,5,-8.126,0,0.07,0.36,0.0000264,0.0753,0.938,126.619,4
spotify:track:3MOjWFIZUvxltE7afXBKNM,"All This Love That I'm Giving","Let's Straighten It Out/Melody Of Life","Gwen McCrae",1978,236973,44,false,1130795251,2020-02-26T21:38:11Z,"post-disco,disco,funk","Stateside",0.749,0.634,3,-11.495,0,0.111,0.331,0.00000615,0.111,0.844,112.633,4
spotify:track:4rS4K30qVDExdjeU4feF4c,"Keep the Fire Burning","On My Way","Gwen McCrae",1982,344546,61,false,1130795251,2020-02-26T21:38:19Z,"post-disco,disco,funk","Rhino Atlantic",0.892,0.433,0,-13.806,0,0.0699,0.0277,0.000892,0.0308,0.924,128.029,4
spotify:track:5MjVP8JMNXx02AqAA3wYRq,"Music Of The Earth","Patrice","Patrice Rushen",1978,235813,0,false,1130795251,2020-02-26T21:39:59Z,"post-disco,jazz funk,disco,funk","Rhino/Elektra",0.726,0.78,5,-9.139,1,0.0457,0.045,0.359,0.0731,0.961,103.853,4
spotify:track:2qzvwG15vcdBWGSsSy7oA7,"It's A Love Thing","The Complete Solar Hit Singles Collection","The Whispers",2014-09-29,228573,0,false,1130795251,2020-02-26T21:40:12Z,"post-disco,quiet storm,classic soul,funk,disco","Sanctuary",0.807,0.785,5,-7.718,0,0.12,0.274,0.0000104,0.266,0.933,117.725,4
spotify:track:3HrJZ6kCtH5WLY09n1SsJd,"Where Is The Love","Danger High Voltage","Betty Wright",1974,241826,17,false,1130795251,2020-02-26T21:44:02Z,"classic soul,soul","Soul Brother Records",0.659,0.868,10,-6.574,1,0.068,0.35,0.00571,0.106,0.967,126.594,4
spotify:track:1RAb2IrGOBsZG2791LDIpW,"You Know How to Love Me - Long Version","Arista Heritage Series: Phyllis Hyman","Phyllis Hyman",1999-07-15,452600,0,false,1130795251,2020-02-26T21:44:08Z,"philly soul,quiet storm,classic soul","Arista",0.848,0.786,10,-7.137,1,0.0307,0.316,0.0111,0.0459,0.971,116.402,4
spotify:track:3PKYjDOsTRA3OPYLxwKKLI,"Rockin' Chair","The Best Of Gwen McCrae","Gwen McCrae",2004-09-17,202133,12,false,1130795251,2020-02-26T21:44:31Z,"post-disco,disco,funk","Parlophone UK",0.621,0.715,7,-7.677,1,0.0376,0.076,0.00202,0.0376,0.74,90.686,4
spotify:track:40oGgimUI7S7OrWF0aYxOw,"Don't Look Any Further","Soul On Fire: The Number Ones","Dennis Edwards",1998-07-04,241800,0,false,1130795251,2020-02-26T21:45:00Z,"classic soul,motown","Simitar",0.737,0.66,9,-8.588,0,0.0432,0.046,0.0144,0.106,0.925,95.311,4
spotify:track:2smHxX4ZmwamJ1Cu3BM3Os,"Fool's Paradise","Do Me Baby","Meli'sa Morgan",1986-01-01,300733,54,false,1130795251,2020-02-26T21:45:55Z,"quiet storm,post-disco","Capitol Records",0.748,0.499,5,-14.177,0,0.0648,0.127,0.000107,0.116,0.845,100.262,4
spotify:track:5oiDXJlpXbFzDOTREYu9XX,"I'll Be Good","The Firm Original Motion Picture Soundtrack (OST)","Rene & Angela;Bruce Swedien",2009-01-01,249600,32,false,1130795251,2020-02-26T21:46:10Z,"quiet storm,post-disco,classic soul","UMC (Universal Music Catalogue)",0.827,0.647,7,-9.239,0,0.108,0.23,0,0.12,0.739,108.059,4
spotify:track:6cK0jBALsWjFsENi3u8EI0,"Here's To You","Jamiroquai - Late Night Tales (Remastered Edition)","Skyy",2010-11-12,309918,0,false,1130795251,2020-02-26T21:46:16Z,"post-disco,funk","Parlophone UK",0.804,0.674,11,-12.884,0,0.109,0.103,0.00321,0.0512,0.899,122.295,4
spotify:track:6hdjjY74iDskTAZFHrEONt,"We've Had Enough","Recording Tap","Arnie Love & the Lovettes",2008-08-06,336178,9,false,1130795251,2020-02-26T21:46:36Z,"","Recording Tap",0.786,0.779,0,-6.977,1,0.0538,0.0406,0.0000495,0.0831,0.96,127.001,4
spotify:track:69WjmX7nzK8VCRtGuRdfrv,"Runaway","Good Times","The Salsoul Orchestra;Loleatta Holloway",2013-07-15,285306,0,false,1130795251,2020-02-26T21:47:20Z,"philly soul,disco,post-disco,chicago house,disco house","PMI Dance",0.658,0.75,11,-8.464,0,0.0567,0.0753,0.0000417,0.0566,0.818,109.591,4
spotify:track:5eWFQpz8pINH2XWFKJEauU,"Keep On Jumpin' - Original 12"" Mix","Nile Rodgers Presents Disco Inferno","Musique",2014-07-04,335783,0,false,1130795251,2020-02-26T21:47:29Z,"disco,post-disco","Warner Music TV",0.727,0.588,5,-10.175,0,0.0646,0.00051,0.197,0.053,0.837,132.871,4
spotify:track:6uqTETWok9npbL4c9cuLVh,"Clean up Woman","I Love The Way You Love","Betty Wright",1972,169533,58,false,1130795251,2020-02-26T21:47:52Z,"classic soul,soul","Rhino Atlantic",0.865,0.652,5,-9.046,1,0.143,0.566,0.000919,0.0833,0.829,90.081,4
spotify:track:311uC1zS2adKvCeNdOJP6M,"Paradise's Love","Disco with a Feeling","Bordeaux",2019-10-25,201920,9,false,1130795251,2020-02-26T22:01:14Z,"jazz house","Athens Of The North",0.698,0.642,1,-9.895,0,0.052,0.0842,0.000681,0.238,0.96,128.02,4
spotify:track:0HQvReEM5cvvWeleYhTlHV,"You Can Win","Disco with a Feeling","Bileo",2019-10-25,206207,5,false,1130795251,2020-02-26T22:01:33Z,"disco,disco house","Athens Of The North",0.755,0.87,2,-10.375,0,0.0876,0.0834,0.0000172,0.417,0.964,130.402,4
spotify:track:5qjPlLODkeIXwwjAuOeWPL,"I'm Loving You","Disco with a Feeling","Cloudburst",2019-10-25,216929,17,false,1130795251,2020-02-26T22:02:19Z,"northern soul","Athens Of The North",0.58,0.566,7,-12.137,1,0.159,0.568,0.00000881,0.476,0.881,119.869,4
spotify:track:0DRLzxLEcB7ESnOPsDyRpZ,"Attitude, Belief and Determination - Zaf LoveVinyl Slight Edit","BBE20 - Attitude, Belief & Determination","Martin L. Dumas, Jr.;Zafsmusic",2016-10-21,603603,0,false,1130795251,2020-02-26T22:03:33Z,"","BBE",0.705,0.72,4,-9.212,0,0.0288,0.109,0.000652,0.105,0.899,104.71,4
spotify:track:6Llr9PVC1cirKUwu7Fle83,"Street Life - Single Edit","Gold","The Crusaders",2007,332133,49,false,1130795251,2020-02-26T22:50:11Z,"jazz funk,jazz fusion,smooth jazz,soul jazz","Universal Music Enterprises",0.505,0.625,5,-8.195,0,0.0686,0.603,0.0000398,0.0823,0.608,110.791,4
spotify:track:6PUJEckAKg4Mp47VFZxdpJ,"Forget Me Nots","Straight From The Heart","Patrice Rushen",1982-01-01,275813,0,false,1130795251,2020-02-26T22:50:22Z,"post-disco,jazz funk,disco,funk","Rhino/Elektra",0.912,0.534,6,-5.319,0,0.0366,0.139,0.102,0.0387,0.963,114.681,4
spotify:track:1wPuzroWKHgRcilvHUZNen,"She Can't Love You","A Night to Remember (Mixed By Tony Okungbowa & Jojoflores)","Chemise",2012-05-01,217666,43,false,1130795251,2020-02-26T22:50:27Z,"italo disco,post-disco,disco,funk,disco house","UNIDISC MUSIC INC.",0.963,0.742,4,-6.597,0,0.0904,0.036,0.000989,0.303,0.694,114.689,4
spotify:track:3Sxwlw0xfU7SS1eTZKSR6w,"You Can Be a Star","Mr. Bongo Record Club, Vol. 3 (Compiled by Mr. Bongo)","Luther Davis Group",2019-05-31,277000,14,false,1130795251,2020-02-26T22:50:33Z,"","Mr Bongo",0.728,0.547,11,-9.365,0,0.0756,0.398,0.00718,0.22,0.797,130.572,4
spotify:track:3H8KLSq2yOiv6G6x9zOFmE,"You're a Melody","You're a Melody","Aged In Harmony",2016-08-19,187970,0,false,1130795251,2020-02-26T22:50:45Z,"","Melodies International",0.799,0.448,9,-9.101,1,0.0534,0.16,0.435,0.0479,0.694,110.063,4
spotify:track:4lKloQIUO0x89YmkuSFO8c,"Theme For Someone Special","You're a Melody","Aged In Harmony",2016-08-19,259005,0,false,1130795251,2020-02-26T22:50:58Z,"","Melodies International",0.746,0.634,9,-11.445,1,0.0809,0.45,0.767,0.169,0.726,119.547,4
spotify:track:1spr3ff7dxssldzMZmoITf,"Somebody Else's Guy","Somebody Else's Guy","Jocelyn Brown",2007-10-29,241626,44,false,1130795251,2020-02-26T22:51:21Z,"","Gut Records",0.803,0.778,6,-9.82,1,0.116,0.198,0.000719,0.0513,0.746,103.203,4
spotify:track:0y0QpmcF1G3F79rjk3fjUx,"Boogie Oogie Oogie - Single Version 2 / Remastered 1999","A Taste Of Honey","A Taste Of Honey",1978-07-01,338133,46,false,1130795251,2020-02-26T22:51:29Z,"disco,boogie,post-disco","Capitol Records",0.835,0.522,2,-10.828,0,0.0916,0.0991,0.00184,0.111,0.91,123.934,4
spotify:track:4WvU1mDTPDRJ349kqLK9OH,"Betcha Wouldn't Hurt Me - Extended Version","The Dude","Quincy Jones;Patti Austin",1981-03-28,226766,46,false,1130795251,2020-02-26T22:53:18Z,"soul jazz,big band,quiet storm,yacht rock","A&M",0.821,0.627,1,-15.438,1,0.0455,0.263,0.000544,0.103,0.911,110.831,4
spotify:track:0LkZSiMdedF1WU1t6Kbg4d,"I'm Always In The Mood","Welcome To My Room","Randy Brown",1978-06-15,240800,17,false,1130795251,2020-03-01T16:20:18Z,"northern soul","Mercury Records",0.561,0.751,9,-9.538,1,0.091,0.19,0.000326,0.1,0.848,120.157,4
spotify:track:1ORqUiQNAzIv1QQi8StbHE,"Tell Me A Bedtime Story","Sounds... And Stuff Like That!","Quincy Jones",1978-01-01,406960,30,false,1130795251,2020-03-01T16:20:40Z,"soul jazz,big band,quiet storm","A&M",0.666,0.729,9,-9.212,1,0.043,0.661,0.889,0.0837,0.667,101.378,4
spotify:track:7AMwuxdGAoynRxymC6Lwzj,"Stuff Like That","Sounds... And Stuff Like That!","Quincy Jones;Nickolas Ashford;Valerie Simpson;Chaka Khan",1978-01-01,378173,38,false,1130795251,2020-03-01T16:20:59Z,"soul jazz,big band,quiet storm,motown","A&M",0.823,0.84,2,-7.438,1,0.0349,0.21,0.0022,0.0614,0.949,120.955,4
spotify:track:7plStRif0ukzJKNr3QJt69,"Get To This (You'll Get To Me)","Closer To the Source","Leroy Hutson",2017-06-30,237226,0,false,1130795251,2020-03-02T14:48:10Z,"","Acid Jazz",0.695,0.788,10,-10.496,0,0.0619,0.206,0,0.0404,0.68,110.936,4
spotify:track:04QutUF2uOdBLpRQxfqO7p,"Don't It Make You Feel Good","Hutson II","Leroy Hutson",1976,183951,0,false,1130795251,2020-03-02T14:48:41Z,"","Acid Jazz",0.69,0.666,8,-12.471,1,0.051,0.32,0.000608,0.0403,0.926,101.49,4
spotify:track:1n2uphyx08p3WZifR8xymk,"Keep It Up","Friends and Buddies","Milton Wright",2009-01-27,252026,1,false,1130795251,2020-03-02T14:50:29Z,"jazz funk","Henry Stone Music USA Inc",0.573,0.85,2,-7.239,1,0.0544,0.0289,0,0.0676,0.938,92.877,4
spotify:track:3UedDxQdGoEdw3cV5eLCJS,"I Like It","Mad Cliff","Madcliff",2016-05-27,236333,6,false,1130795251,2020-03-05T11:43:25Z,"","Soul Brother Records",0.719,0.727,9,-9.902,0,0.0278,0.0146,0.645,0.148,0.899,112.907,4
spotify:track:3urCYnjCkNbA78BnRm4Sxu,"Sunny","Sunny","Yambu",2012,272933,15,false,1130795251,2020-03-06T00:17:29Z,"","Vampisoul",0.645,0.761,0,-6.887,1,0.035,0.272,0.00159,0.0603,0.808,124.054,4
spotify:track:6ygDPVwYiMee1v5bwW2fUP,"Did You Forget My Number","Message in Our Music Vol.2","Marlon Hunter",2020-01-24,212974,2,false,1130795251,2020-03-06T00:17:39Z,"","SOL Discos",0.663,0.781,1,-7.273,1,0.0454,0.0208,0.00701,0.382,0.91,119.735,4
spotify:track:616kldLYebO2eYrajB70WB,"All of Your Life","Truth & Soul Presents Shirley Nanette - Never Coming Back","Shirley Nanette",2013-08-31,249066,0,false,1130795251,2020-03-06T00:18:10Z,"","Truth & Soul Records",0.537,0.782,7,-7.585,0,0.0329,0.13,0.536,0.0806,0.44,104.596,4
spotify:track:4vVa98Wjx3dYxz4UVQncY5,"I've Got so Much Trouble in My Mind (7"" Mix)","I've Got so Much Trouble in My Mind","Sir Joe Quarterman & Free Soul",1971-09-01,379428,0,false,1130795251,2020-03-07T20:24:56Z,"","PASSADO",0.67,0.844,10,-10.671,1,0.0455,0.0869,0.0556,0.142,0.926,116.778,4
spotify:track:5aPVQqYEEZKREbFRxLiAp5,"Free","Love Songs","Deniece Williams",1976,356560,54,false,1130795251,2020-03-08T09:55:33Z,"","Columbia/Legacy",0.507,0.365,6,-10.733,1,0.0378,0.742,0.00807,0.101,0.469,91.182,4
spotify:track:14u1EaefnEWqLnuccfTLLg,"I Love You More - Remastered","Classic Masters","Rene & Angela",2002-01-01,332280,43,false,1130795251,2020-03-13T13:40:42Z,"quiet storm,post-disco,classic soul","Capitol Records",0.868,0.711,11,-7.147,0,0.105,0.393,0.00126,0.107,0.706,105.315,4
spotify:track:3kf8ACPuHvOxLNGfoYp8U9,"You","My Music","Samuel Jonathan Johnson",1978-09-26,250520,12,false,1130795251,2020-03-13T14:01:51Z,"","Legacy Recordings",0.682,0.762,7,-10.184,0,0.048,0.00311,0.626,0.0539,0.915,118.432,4
spotify:track:7eASoIXvxZhXcjKmofyh7Q,"Don't Stop the Music","Late Night Tales Presents Automatic Soul (Selected and Mixed by Groove Armada's Tom Findlay)","Bits & Pieces",2014-11-03,421906,19,false,1130795251,2020-03-13T14:09:45Z,"post-disco","Late Night Tales",0.789,0.765,1,-7.133,1,0.0449,0.0913,0.000653,0.353,0.605,94.281,4
spotify:track:6iD3tf5OLLlK3ertp8XENc,"Don't Look Any Further","Don't Look Any Further (Bonus Tracks Edition)","Dennis Edwards;Siedah Garrett",1984,242213,0,false,1130795251,2020-03-13T14:10:06Z,"classic soul,motown","UMC (Universal Music Catalogue)",0.752,0.693,9,-7.802,0,0.049,0.0627,0.00836,0.11,0.776,95.385,4
spotify:track:1MeTDprAANy4JqeIkxohn5,"Serious - Extended Remix","Late Night Tales Presents Automatic Soul (Selected and Mixed by Groove Armada's Tom Findlay)","Donna Allen",2014-11-03,332486,28,false,1130795251,2020-03-13T14:13:29Z,"","Late Night Tales",0.869,0.563,10,-9.251,0,0.0588,0.146,0.0000136,0.0727,0.775,110.763,4
spotify:track:32tbwy7hUD7qlxk1E3n8h6,"We Want to Play","We Want to Play","Brief Encounter",2019-05-31,255616,10,false,1130795251,2020-03-15T09:40:20Z,"","Athens Of The North",0.689,0.774,0,-7.579,1,0.0549,0.591,0.0449,0.617,0.707,107.389,4
spotify:track:0Jcqkdqqgdg0O5tPQFulk9,"I Thought You Wanted to Dance - Full Length Midtown Mix","I Thought You Wanted To Dance","Symbol 8",2016-06-10,450086,19,false,1130795251,2020-03-15T09:41:56Z,"disco","Athens Of The North",0.765,0.803,9,-8.864,1,0.0693,0.03,0.00053,0.0562,0.961,122.312,4
spotify:track:1p6aGCMdPu3q3g0fPlEM52,"Days Gone Past","Disco with a Feeling","Darrell Johnson",2019-10-25,249681,13,false,1130795251,2020-03-15T09:49:32Z,"","Athens Of The North",0.624,0.667,11,-11.768,0,0.0443,0.665,0.742,0.132,0.893,97.951,4
spotify:track:29jA9xHBevfMWtMJ24pXUa,"Life Is a Miracle","Disco with a Feeling","Jax Transit Authority",2019-10-25,291633,4,false,1130795251,2020-03-15T09:50:09Z,"","Athens Of The North",0.559,0.704,0,-9.164,0,0.0598,0.0639,0.000377,0.462,0.961,135.644,4
spotify:track:1FzwBOszur7xlgdlpkQz4a,"Girl You Need A Change Of Mind","Keep On Truckin’: The Motown Solo Albums, Vol. 1","Eddie Kendricks",2005-01-01,462826,20,false,1130795251,2020-03-15T10:00:54Z,"motown,classic soul,philly soul,soul","Hip-O Select",0.456,0.862,2,-8.393,0,0.0386,0.0832,0.00429,0.195,0.859,104.457,4
spotify:track:6H7CMGROLP5xuDEeZ9bvnu,"Date With The Rain","Keep On Truckin’: The Motown Solo Albums, Vol. 1","Eddie Kendricks",2005-01-01,161386,16,false,1130795251,2020-03-15T10:01:01Z,"motown,classic soul,philly soul,soul","Hip-O Select",0.535,0.791,9,-10.299,1,0.155,0.302,0,0.148,0.528,123.277,4
spotify:track:5HWC7grSWGOpHqfnse3b5X,"Bourgie Bourgie","Hits, Remixes and Rarities: The Warner Brothers Years","Ashford & Simpson",2008-02-22,371360,32,false,1130795251,2020-03-15T10:02:16Z,"disco,post-disco","Rhino/Warner Records",0.466,0.764,11,-8.956,0,0.0327,0.0022,0.885,0.063,0.789,120.364,4
spotify:track:0CcL4kSHKIEwF3IW0BGgb6,"I Can't Stand the Rain","I Can't Stand the Rain","Ann Peebles",1974-06-11,150400,59,false,1130795251,2020-03-18T09:54:35Z,"soul,soul blues,classic soul","Fat Possum",0.727,0.387,1,-12.333,1,0.0412,0.248,0.0102,0.0625,0.966,160.395,4
spotify:track:4qCBCUEX8BIG3mPtSsnDvs,"We're A Winner","Curtis Mayfield & The Impressions - Universal Masters","The Impressions",2003-01-01,140840,0,false,1130795251,2020-03-21T12:44:47Z,"motown,classic soul,soul,doo-wop","Geffen",0.563,0.716,7,-10.111,1,0.0775,0.211,0.0143,0.327,0.792,100.825,4
spotify:track:7d5Tq1XXSNfzRTfNjxBHTn,"Gonna Find A True Love - Single Version","Let Me Be Your Lover","Patterson Twins",2019-05-31,208840,8,false,1130795251,2020-03-22T15:12:42Z,"northern soul,acid jazz","Acid Jazz UK",0.525,0.883,9,-3.398,1,0.0639,0.0501,0.00000142,0.284,0.886,127.469,4
spotify:track:4k6f5b1EyvygraDYMEHUXn,"The Dreamer","Dave Hamilton's Detroit Soul Vol 2","Felecia Johnson",2015-11-27,215626,0,false,1130795251,2020-03-23T17:21:54Z,"","Ace Records",0.596,0.633,8,-9.939,1,0.105,0.0315,0,0.074,0.605,87.633,4
spotify:track:1TEDAg7S7iClCBtpvaQQGA,"Only the Strong Survive","Only The Strong Survive","Billy Paul",1977-01-01,335613,47,false,1130795251,2020-03-27T11:49:22Z,"philly soul,classic soul,soul,motown","Legacy Recordings",0.741,0.701,5,-7.74,1,0.0309,0.161,0.000679,0.0524,0.845,130.173,4
spotify:track:1n1t9dtGqJj3qkOFQLtHKQ,"Express Yourself","New York Community Choir (Bonus Track Version)","The New York Community Choir",2014-02-14,262930,10,false,1130795251,2020-03-27T11:49:55Z,"post-disco,disco","Legacy Recordings",0.622,0.804,10,-11.567,1,0.047,0.137,0.000525,0.0763,0.925,118.639,4
spotify:track:47bblspEQHrxuRRYKWxg2e,"Running Away - 12-Inch Long Version","Lifeline","Roy Ayers Ubiquity",1977,414000,43,false,1130795251,2020-03-28T13:10:43Z,"jazz funk","GRP",0.825,0.577,10,-11.19,0,0.0364,0.157,0.00347,0.0301,0.962,116.037,4
spotify:track:0zFsJZqDLe1xLHQ6EUfuXq,"Why Can't There Be Love","Gilles Peterson Digs America Vol.2","Dee Edwards",2018-09-14,164560,0,false,1130795251,2020-04-01T14:06:02Z,"northern soul","Luv N'Haight",0.457,0.87,8,-5.894,0,0.22,0.404,0.0000282,0.0297,0.773,206.405,4
spotify:track:5P4qN0020P8dGyl7pdUO91,"Our Lives Are Shaped By What We Love","Odyssey","Odyssey",1972-09-28,217466,50,false,1130795251,2020-04-01T14:06:04Z,"","UNI/MOTOWN",0.542,0.805,4,-7.332,0,0.0339,0.249,0.000246,0.231,0.844,96.402,4
spotify:track:0kmAuNheB4u0rHToopLLzd,"I Love You","Sinbad","Weldon Irvine",1976,184358,38,false,1130795251,2020-04-03T10:40:13Z,"jazz funk","RCA Records Label",0.607,0.7,1,-11.037,1,0.0395,0.729,0.000477,0.226,0.965,94.216,4
spotify:track:4BNhasx75KbS10jHq3VZTz,"That's the Way of the World","That's The Way Of The World","Earth, Wind & Fire",1975-03-15,345220,63,false,1130795251,2020-04-06T15:03:17Z,"funk,disco","Columbia",0.586,0.552,1,-11.153,1,0.0488,0.593,0.00101,0.31,0.732,82,4
spotify:track:7yAslROTLRHGwuiLBpdErT,"It's My House","The Boss (Expanded Edition)","Diana Ross",1979-05-23,274560,55,false,1130795251,2020-04-06T15:21:49Z,"motown,disco","Motown",0.762,0.67,5,-5.862,1,0.0718,0.29,0.00000668,0.0783,0.87,99.472,4
spotify:track:7L4G39PVgMfaeHRyi1ML7y,"Day Dreaming","Young, Gifted and Black","Aretha Franklin",1972-01-24,239960,62,false,1130795251,2020-04-06T15:34:10Z,"soul,motown,classic soul","Rhino Atlantic",0.463,0.273,0,-15.364,0,0.074,0.907,0.000367,0.101,0.293,146.426,4
spotify:track:1FDIIiJv2cuRyLdIvQs2K9,"Look at Me, Look at You (We're Flying)","Sweet Beginnings","Marlena Shaw",1977,241053,0,false,1130795251,2020-04-09T10:26:28Z,"northern soul,soul","Columbia/Legacy",0.46,0.679,4,-7.006,1,0.0329,0.0751,0,0.418,0.355,97.595,4
spotify:track:6Wlf0He27nuHeFdRhh9kqo,"New York's Movin'","New York's Movin'","Ahzz",1981-03-15,474066,14,false,1130795251,2020-04-12T12:55:41Z,"disco","P&P Records",0.688,0.793,9,-8.066,0,0.0645,0.0197,0.000246,0.616,0.801,127.198,4
spotify:track:5epNw1pgwvjmyY3eJWfNfT,"Greatest Part Of Loving","Greatest Part of Loving You","Straight Jacket",2015-02-09,266569,16,false,1130795251,2020-04-12T22:11:51Z,"northern soul","Athens Of The North",0.605,0.745,1,-10.709,1,0.0477,0.258,0.00000356,0.0976,0.603,111.134,4
spotify:track:31s8TPdj6PUzfEvhjIxSzh,"Next To You - Remastered","Feelin' Lucky","High Fashion",1982,258426,32,false,1130795251,2020-04-14T09:50:08Z,"post-disco,funk,boogie","Capitol Records",0.799,0.707,9,-8.867,0,0.0657,0.155,0.00104,0.184,0.909,115,4
spotify:track:26pba2NNnK4yuFGjV1QFrK,"You're a Star","Fantasy","Aquarian Dream",1978,331173,36,false,1130795251,2020-04-14T10:06:35Z,"jazz funk,post-disco,northern soul","Rhino/Elektra",0.553,0.803,7,-14.47,0,0.0456,0.0841,0.673,0.217,0.626,126.394,4
spotify:track:0XVz2TRpjd99IzI9Etu5Cp,"Fantasy","Fantasy","Aquarian Dream",1978,216760,27,false,1130795251,2020-04-14T10:06:47Z,"jazz funk,post-disco,northern soul","Rhino/Elektra",0.625,0.701,9,-9.94,1,0.168,0.489,0.000413,0.247,0.841,133.489,4
spotify:track:7mZwSy5Dj99ZjMbQ4jFd2P,"I'm In Love With You","Under the Influence Vol.6 compiled by Faze Action","Carol Dionne",2018-06-01,356914,0,false,1130795251,2020-04-14T11:21:02Z,"","Z Records",0.673,0.811,2,-5.369,1,0.0493,0.51,0.000563,0.138,0.832,113.721,4
spotify:track:7tQs494Gzkuw5ubTBo6yBE,"Sunshine of My Day","Sunshine of My Day","Twinn Konnexion",2020-03-16,216500,0,false,1130795251,2020-04-14T12:36:48Z,"","Gardner Records",0.631,0.811,4,-9.616,1,0.0767,0.24,0.00000239,0.215,0.863,112.734,4
spotify:track:1Ojn2j1ej3gaDhRqsMc4El,"You've Got Me Dancing In My Sleep - Special Remaster","For Discos Only: Indie Dance Music From Fantasy & Vanguard Records (1976-1981)","Frisky",2018-08-24,418620,19,false,1130795251,2020-04-14T14:59:18Z,"happy hardcore","Craft Recordings",0.779,0.663,0,-10.262,1,0.0574,0.114,0.0000173,0.0524,0.863,122.754,4
spotify:track:0ErZ5XxCK6jQSpWq9PS9EX,"Turn The Music Up! - 12"" Disco","For Discos Only: Indie Dance Music From Fantasy & Vanguard Records (1976-1981)","The Player's Association",2018-08-24,410769,29,false,1130795251,2020-04-14T15:00:25Z,"post-disco,jazz funk,disco","Craft Recordings",0.598,0.97,9,-9.901,1,0.0457,0.0871,0.524,0.0945,0.638,118.253,4
spotify:track:3ba7EW2uqJApnq7ixrRBlc,"Don't You Care","Alice Clark","Alice Clark",1972-05-18,169984,27,false,1130795251,2020-04-19T15:45:47Z,"northern soul,classic soul,motown,soul","Mainstream Records",0.395,0.75,0,-7.833,0,0.127,0.698,0.0000122,0.176,0.947,189.439,4
spotify:track:0vMyh3eZyP3rzJx0oNFVDD,"Can You Feel the Force","Step Into Our World","The Real Thing",1978-04-10,246440,0,false,1130795251,2020-04-19T15:49:30Z,"","Sanctuary Records",0.672,0.969,4,-7.743,0,0.115,0.0924,0.000384,0.158,0.564,129.862,4
spotify:track:02b1n136kSYtUHpM0f8q0L,"Think Positive (feat. Cuba Gooding)","Ready For Love (feat. Cuba Gooding)","The Main Ingredient;Cuba Gooding",1980-07-24,337026,5,false,1130795251,2020-04-21T13:25:51Z,"classic soul,philly soul,post-disco,chicago house","RCA/Legacy",0.595,0.815,8,-10.035,1,0.0836,0.56,0.00000452,0.0806,0.693,119.774,4
spotify:track:2kDMh0Imubeo6BkV1mY7vm,"Who's Zoomin' Who?","Who's Zoomin' Who? (Expanded Edition)","Aretha Franklin",1985,284506,48,false,1130795251,2020-04-21T13:27:42Z,"soul,motown,classic soul","RCA Records Label",0.788,0.532,8,-10.334,1,0.0375,0.376,0.00000163,0.0622,0.841,110.057,4
spotify:track:3jlbGp9NTiQOKLy32y6vZH,"Adventures In the Land of Music","The Best of Dynasty","Dynasty",2014-09-29,256346,0,false,1130795251,2020-04-22T09:30:12Z,"post-disco,funk","Sanctuary Records",0.731,0.652,8,-7.476,0,0.0492,0.679,0,0.408,0.771,78.774,4
spotify:track:5o89Bf80t8ko3uNXJkYoVs,"Shake Your Groove Thing","2 Hot!","Peaches & Herb",1978-01-01,346133,66,false,1130795251,2020-04-24T09:18:49Z,"disco","Universal Records",0.863,0.726,9,-6.649,1,0.0494,0.415,0.0302,0.0735,0.93,132.574,4
spotify:track:22JooJ5zZJklLHA5Cdk2Co,"People Make the World Go 'Round - Remastered","Angel Of The Night","Angela Bofill",1979,275200,20,false,1130795251,2020-04-24T10:41:25Z,"quiet storm","Buddha Records",0.784,0.802,9,-7.682,1,0.0907,0.0396,0.049,0.0298,0.931,125.232,4
spotify:track:4UeSleTsjljEIdEGRdVggm,"Lihue","Lihue","Nohelani Cypriano",2014-12-22,200991,43,false,1130795251,2020-04-25T22:27:54Z,"","Athens Of The North",0.596,0.558,2,-13.508,0,0.0576,0.571,0.0587,0.105,0.56,93.706,4
spotify:track:3kHhO0GENC4nGKGmJRPksd,"Seventh Heaven - Remix","The Ultimate Collection: Gwen Guthrie","Gwen Guthrie",1999-01-01,260466,0,false,1130795251,2020-04-26T09:03:18Z,"post-disco,disco","Universal Music Group",0.771,0.841,11,-7.14,0,0.126,0.0471,0.0000704,0.0487,0.82,108.215,4
spotify:track:23PqxkDoz1hHEKg0PHRZGv,"Over And Over","Sylvester","Sylvester",1977,422133,36,false,1130795251,2020-04-26T09:58:14Z,"disco,hi-nrg,post-disco","Fantasy Records",0.481,0.63,11,-8.18,1,0.0344,0.00975,0.000666,0.109,0.938,131.466,4
spotify:track:6F7V2JgBul9jPIDXTzjlT0,"Down To Love Town - 12"" Version","Motown Disco","The Originals",2005-01-01,354360,11,false,1130795251,2020-04-26T09:58:21Z,"northern soul,motown,classic soul","UMC (Universal Music Catalogue)",0.746,0.805,5,-7.934,0,0.0276,0.0359,0.137,0.102,0.909,123.204,4
spotify:track:1grcWuufWEJofCLzNV8oDa,"Party On","Party On","Pure Energy",1980-01-01,510000,30,false,1130795251,2020-04-26T10:01:07Z,"post-disco,disco,funk","UNIDISC MUSIC INC.",0.706,0.554,5,-11.881,1,0.0519,0.00169,0.0809,0.0455,0.952,130.301,4
spotify:track:2hX4jY6URV3FsPgC7jqDAS,"Try It Out","Closer","Gino Soccio",1994,496466,46,false,1130795251,2020-04-26T10:03:16Z,"italo disco,disco,post-disco,hi-nrg,chicago house","Rhino Atlantic",0.854,0.417,11,-14.713,0,0.0899,0.00283,0.157,0.0205,0.716,113.615,4
spotify:track:52RYUINQZHNgmd1b1jvr1T,"Just a Little More","Rainer Trueby Presents Soulgliding","Fifth Of Heaven",2020-02-07,333200,0,false,1130795251,2020-04-26T13:37:20Z,"","BBE Music",0.645,0.519,8,-6.837,0,0.0384,0.521,0.00213,0.0929,0.667,87.926,4
spotify:track:1HHRoR9qNSbQz0bun4RCLW,"If You Should Ever Be Lonely","Seduction","Val Young",1985-01-01,233946,33,false,1130795251,2020-04-26T14:17:51Z,"post-disco,motown","UNI/MOTOWN",0.679,0.854,6,-4.645,0,0.045,0.0654,0.0000013,0.331,0.608,117.601,4
spotify:track:6JKuMPxO1NjrOBNuDI8ePJ,"Music And Lights","Smash 80's Party Vol 1","Imagination",2010-11-28,322933,0,false,1130795251,2020-04-29T15:52:02Z,"post-disco,disco","Excalibur Recordings",0.77,0.516,4,-11.363,0,0.0392,0.55,0.0307,0.0764,0.683,99.945,4
spotify:track:1LDw8UwXtCkZIH26HN4txe,"I'm In Love","Platinum & Gold Collection","Evelyn ""Champagne"" King",2003-05-05,302133,40,false,1130795251,2020-04-27T15:50:05Z,"post-disco,disco,funk","RCA/BMG Heritage",0.914,0.403,5,-11.257,0,0.0968,0.0614,0.102,0.426,0.803,114.92,4
spotify:track:3Kbh7QUQvNEBVNB7xzVZJM,"Gonna Get Over You","Now!","France Joli",1982-01-01,251360,56,false,1130795251,2020-04-27T17:31:34Z,"disco,post-disco,hi-nrg","UNIDISC MUSIC INC.",0.776,0.601,5,-9.335,0,0.0658,0.0192,0.00074,0.0366,0.898,109.976,4
spotify:track:47kvUFYqX4rlkA727oN1Dp,"Can You Handle It","Sharon Redd","Sharon Redd",1981-01-01,386173,50,false,1130795251,2020-04-27T17:37:44Z,"post-disco,boogie,disco,chicago house","UNIDISC MUSIC INC.",0.733,0.833,10,-11.118,0,0.0456,0.357,0.0179,0.0517,0.962,108.782,4
spotify:track:2F0TKPJjb88jpf2XuyRCr9,"I Don't Wanna Be Alone Tonight","I Don't Wanna Be Alone (Tonight)","Marilyn Ramos",1981-01-01,195069,1,false,1130795251,2020-04-28T15:48:27Z,"","Mystic Records",0.604,0.6,6,-13.812,0,0.0677,0.835,0.0117,0.386,0.798,118.88,4
spotify:track:5kFZqpsb87PmJaGnv3dnfJ,"Goin' Up In Smoke","Goin' Up In Smoke","Eddie Kendricks",1976-09-01,273853,27,false,1130795251,2020-04-29T15:53:26Z,"motown,classic soul,philly soul,soul","UNI/MOTOWN",0.656,0.696,8,-9.808,0,0.078,0.187,0,0.222,0.774,116.525,4
spotify:track:0SzAKZYTUvDLqlPgllEb3N,"Ai No Corrida","The Dude","Quincy Jones;Charles May",1981-03-28,386360,62,false,1130795251,2020-04-29T15:54:04Z,"soul jazz,big band,quiet storm,funk gospel","A&M",0.798,0.748,11,-12.163,0,0.036,0.0555,0.105,0.0615,0.896,122.429,4
spotify:track:55goBag8vVmsesMxOdIe5M,"Sweet Power of Your Embrace","Rhythm Of Life","James Mason",1977,326320,32,false,1130795251,2020-05-01T10:20:33Z,"jazz funk,jazz fusion","CHIAROSCURO RECORDS",0.6,0.792,9,-9.076,0,0.0376,0.264,0.00225,0.0403,0.882,111.612,4
spotify:track:041mn3uFmaPY0b6Vmy657r,"There's Never Been No One Like You (feat. Bobby Youngblood) - Medlar Edit","West End Edits: Medlar","Kenix;Bobby Youngblood;Medlar",2017-04-21,444047,0,false,1130795251,2020-05-01T13:25:42Z,"disco","West End Records",0.945,0.681,5,-5.908,0,0.185,0.217,0.000992,0.0647,0.629,125.011,4
spotify:track:0W8MpnhaImy0oPRkVpRvjI,"I Know You, I Live You","What Cha' Gonna Do for Me","Chaka Khan",1981,269933,46,false,1130795251,2020-05-01T13:35:26Z,"","Rhino/Warner Records",0.565,0.683,7,-9.506,0,0.0417,0.0722,0.0151,0.0412,0.845,113.229,4
spotify:track:2XTRCpjlWAUlnheHM3q463,"Disco Illusion","Disco Illusion","Stephen Encinas",2014-05-16,404391,0,false,1130795251,2020-05-02T08:25:19Z,"disco","Invisible City Editions",0.614,0.547,11,-10.754,0,0.116,0.36,0.0448,0.352,0.922,122.365,4
spotify:track:1YbY8Yy35RemqtcnNdwGJm,"All Because of You","Hutson","Leroy Hutson",1975-01-01,423866,27,false,1130795251,2020-05-03T22:02:11Z,"","Rhino",0.643,0.678,11,-8.204,0,0.0619,0.0103,0.0375,0.0249,0.966,86.581,4
spotify:track:4AUljcdDwHyQiJbFR7QHbB,"In the Middle","Searching to Find the One","Unlimited Touch",1980,317386,40,false,1130795251,2020-05-04T17:17:04Z,"post-disco,disco,funk,boogie","UNIDISC MUSIC INC.",0.697,0.586,6,-11.421,0,0.0559,0.00145,0.00886,0.177,0.926,122.904,4
spotify:track:4R6ncmHejirmKKX8Sx6av8,"You Used To Hold Me So Tight","Qualifying Heat","Thelma Houston",1984-01-01,346053,36,false,1130795251,2020-05-05T10:16:02Z,"motown,disco","Geffen",0.751,0.818,11,-8.358,0,0.0699,0.103,0.000529,0.358,0.719,111.485,4
spotify:track:2tTMoXavkBdOsjKGaKdzdm,"Feel The Real","Adrenalin","David Bendeth",1979,410319,40,false,1130795251,2020-05-05T14:44:05Z,"acid jazz,jazz funk,post-disco","type a records",0.642,0.521,9,-11.771,1,0.0417,0.137,0.375,0.151,0.925,121.938,4
spotify:track:403bfetg7RN0q4sFt10CEk,"It's Alright With Me","Best Of Patti Labelle","Patti LaBelle",1982,255573,10,false,1130795251,2020-05-05T16:19:00Z,"philly soul,quiet storm,classic soul","Epic",0.848,0.663,7,-11.943,1,0.0633,0.278,0.000843,0.0791,0.885,118.533,4
spotify:track:0iijpRubQCC5cBUGd0U8sf,"Mainline","Hangin' Heavy","Black Ivory",1979,419173,30,false,1130795251,2020-05-07T09:00:12Z,"post-disco,philly soul","RCA/Legacy",0.708,0.86,1,-10.773,0,0.049,0.0146,0.0159,0.165,0.712,116.304,4
spotify:track:7gLflLqsZlOeLSlkx6XHrW,"You Got What It Takes","You Got What It Takes","Bobby Thurston",1980,573560,38,false,1130795251,2020-05-07T09:30:21Z,"post-disco,disco,funk","UNIDISC MUSIC INC.",0.712,0.765,9,-14.293,1,0.0496,0.0532,0.0539,0.0218,0.859,120.523,4
spotify:track:3WtL910PEMIjJkkpM4xMKU,"Can't Fake the Feeling","Can't Fake the Feeling","Geraldine Hunt",1980-01-01,316960,46,false,1130795251,2020-05-07T09:45:46Z,"post-disco,disco,funk","UNIDISC MUSIC INC.",0.78,0.514,5,-12.769,0,0.0922,0.029,0.0115,0.0577,0.891,116.484,4
spotify:track:3DIe90xqHuUDtyuapTwCAR,"Take Your Time (Do It Right)","S.O.S.","The S.O.S Band",1980,460800,65,false,1130795251,2020-05-07T09:47:42Z,"post-disco,quiet storm,funk","Clarence Avant Catalog",0.863,0.538,4,-13.924,0,0.0545,0.0129,0.0188,0.0877,0.877,118.931,4
spotify:track:7ooheiWgbyNtGOBTPbjNoq,"I Want Your Love - 2018 Remaster","C'est Chic (2018 Remaster)","CHIC",1978-08-11,413586,66,false,1130795251,2020-05-07T09:55:53Z,"disco,funk","Rhino Atlantic",0.699,0.604,9,-13.404,0,0.0359,0.0185,0.073,0.0868,0.96,114.226,4
spotify:track:3UakFD4Ky6c6By968BwDqH,"It Seems to Hang On - 12"" Disco Mix","Hits, Remixes and Rarities: The Warner Brothers Years","Ashford & Simpson;Jimmy Simpson",2008-02-22,420773,34,false,1130795251,2020-05-08T15:11:15Z,"disco,post-disco","Rhino/Warner Records",0.657,0.843,11,-7.124,0,0.0527,0.0814,0.00171,0.119,0.795,116.177,4
spotify:track:4E79Q9ljBF895zpQoLdxAl,"Thousand Finger Man","Dancin' & Prancin'","Candido",1979-01-01,546440,0,false,1130795251,2020-05-08T15:12:16Z,"afro-cuban jazz,latin jazz,disco","Salsoul Records",0.753,0.872,7,-10.648,0,0.0556,0.0195,0.226,0.0721,0.597,122.081,4
spotify:track:690MKsF0ZS5vmt6FVkfcSp,"Get Another Love","Joey Negro and Sean P Present the Best of Disco Spectrum","Chantal Curtis",2017-09-08,430536,0,false,1130795251,2020-05-08T15:15:51Z,"post-disco","BBE Music",0.708,0.646,9,-10.336,0,0.0548,0.0168,0.0636,0.0606,0.907,122.887,4
spotify:track:7HBkSJp6yayQIx5B6OxDgD,"Now That I Found You","Unforgettable","Leroy Hutson",1979-01-01,270774,0,false,1130795251,2020-05-10T14:20:25Z,"","Acid Jazz",0.795,0.413,4,-15.073,0,0.0705,0.0713,0.00779,0.179,0.692,115.571,4
spotify:track:6cOI9MQN7lkIJjEV70sMMW,"90% of Me Is You","For Your Love","Gwen McCrae;Latimore;Timmy Thomas;Harry Wayne Casey;Little Beaver",2012-06-05,167836,0,false,1130795251,2020-05-11T09:09:27Z,"post-disco,disco,funk,classic soul,brass band,soul","Henry Stone Music USA, Inc.",0.553,0.567,11,-14.529,1,0.0774,0.706,0,0.151,0.707,82.872,4
spotify:track:0QIl1aNSEMQL7BryNIi6dB,"Is It All Over My Face? - Female Version","Is It All Over My Face?","Loose Joints",1980,427990,0,false,1130795251,2020-05-11T11:08:30Z,"post-disco,chicago house,ballroom vogue,disco","West End Records",0.715,0.675,4,-7.835,0,0.135,0.00439,0.434,0.0779,0.818,120.102,4
spotify:track:1bnNg2gEz7iuaoK1Y3hcrB,"Reaching","Dazzle (Expanded Version)","Dazzle",1978-06-26,415080,0,false,1130795251,2020-05-11T11:37:46Z,"post-disco","Sanctuary Records",0.727,0.904,11,-5.401,1,0.104,0.42,0.0000389,0.652,0.884,122.693,4
spotify:track:5wmZnefc6XBPiEI3yqIVgg,"Street Corner","Solid (Expanded Edition)","Ashford & Simpson",1984,278266,37,false,1130795251,2020-05-12T11:08:23Z,"disco,post-disco","EMI Catalogue",0.752,0.52,0,-13.988,1,0.0563,0.279,0.00229,0.0313,0.913,110.764,4
spotify:track:1OO2Fp9PsnaayiekeXuGJX,"Tell Me Something Good","Rags To Rufus","Rufus & Chaka Khan;Chaka Khan",1974-01-01,277066,58,false,1130795251,2020-05-13T10:45:31Z,"funk,classic soul","Geffen*",0.666,0.577,1,-7.916,1,0.22,0.659,0,0.569,0.783,74.29,4
spotify:track:2I3SyLikESUH36WyEr1FZW,"Groovin' You","Groovin' You (Expanded Edition)","Harvey Mason",1979-06-01,293960,37,false,1130795251,2020-05-13T16:13:34Z,"jazz funk,post-disco,smooth jazz","Arista/Legacy",0.79,0.861,0,-8.326,0,0.0407,0.171,0.276,0.0439,0.872,121.796,4
spotify:track:50x1irgeizXACZHBVjOwaQ,"Open Sesame","Saturday Night Fever (The Original Movie Soundtrack Deluxe Edition)","Kool & The Gang",1977-11-15,239573,32,false,1130795251,2020-05-16T17:04:24Z,"disco,funk","Bee Gees Catalog",0.633,0.824,11,-11.982,0,0.0482,0.314,0.0312,0.062,0.526,118.889,4
spotify:track:1hLNOxFIiEAgApBstfwONV,"You Know How to Love Me","The Legacy Of Phyllis Hyman","Phyllis Hyman",1996-10-29,452466,43,false,1130795251,2020-05-17T10:30:33Z,"philly soul,quiet storm,classic soul","Arista",0.846,0.735,10,-8.391,1,0.0316,0.317,0.0153,0.0484,0.972,116.404,4
spotify:track:6gwKyKZzZoMDsrTU0AnmsF,"Heaven Bound","Masterjam","Rufus & Chaka Khan",1979-01-01,227066,37,false,1130795251,2020-05-17T10:33:20Z,"funk,classic soul","Geffen*",0.71,0.541,8,-14.663,1,0.0389,0.121,0.00000666,0.0671,0.865,95.028,4
spotify:track:6kUMD9BeYXGDPnKR3ZRSCj,"You're The Winner - Remastered","Feelin' Lucky","High Fashion",1982,303453,27,false,1130795251,2020-05-17T10:39:23Z,"post-disco,funk,boogie","Capitol Records",0.739,0.861,11,-7.426,0,0.0693,0.544,0.487,0.615,0.961,117.36,4
spotify:track:0vT84T4aw786D4tnVpUor6,"Let's Start The Dance","The Collection","Bohannon",2004-01-01,351706,34,false,1130795251,2020-05-18T12:24:04Z,"disco,post-disco","Spectrum",0.782,0.938,10,-8.692,0,0.05,0.000429,0.121,0.118,0.871,118.086,4
spotify:track:01KP2WOeBNuc3bg90qQ1bT,"Me And The Gang","The Collection","Bohannon",2004-01-01,316880,19,false,1130795251,2020-05-18T12:24:11Z,"disco,post-disco","Spectrum",0.625,0.885,2,-9.472,1,0.166,0.00236,0.000369,0.18,0.602,115.929,4
spotify:track:3Ua5tojEvJ2YzibMzlrs6t,"Lovin' Is Really My Game","Stormin'","Brainstorm",1977-04-05,299880,41,false,1130795251,2020-05-18T12:43:43Z,"quiet storm","Clarence Avant Catalog",0.802,0.855,10,-9.258,1,0.18,0.272,0.000441,0.0921,0.874,139.801,4
spotify:track:3sFoSCg2KoaCUrOeKYMqvI,"Who Can I Run To","The Jones Girls","The Jones Girls",1979,204720,51,false,1130795251,2020-05-19T09:42:10Z,"philly soul,post-disco,quiet storm,classic soul","Legacy Recordings",0.622,0.42,1,-11.447,0,0.0891,0.58,0.00000732,0.546,0.613,144.41,4
spotify:track:6MlM7j7otOKpa0jFi8htxm,"Everlasting Love","Ask Rufus","Rufus;Chaka Khan",1977-01-01,288373,47,false,1130795251,2020-05-20T11:09:20Z,"quiet storm","Geffen*",0.618,0.368,8,-16.462,0,0.0363,0.769,0.0113,0.122,0.769,164.871,4
spotify:track:3eO590MvMxfHYBNFCVsUK6,"Feelin' Lucky Lately - Remastered","Feelin' Lucky","High Fashion",1982,347834,39,false,1130795251,2020-05-20T11:45:03Z,"post-disco,funk,boogie","Capitol Records",0.675,0.834,10,-8.499,0,0.0644,0.21,0.000229,0.529,0.815,116.931,4
spotify:track:3RdQhXKAgHPpQ6fLVj2nGt,"","","",0000,0,0,false,1130795251,2020-05-20T11:55:50Z,"","",0.693,0.513,5,-11.712,1,0.0917,0.016,0.00681,0.0826,0.963,124.283,4
spotify:track:3zQmjotOvuf1oc5YvjDVRB,"Lovin","Lovin","Sunstreet",2020-01-24,373088,0,false,1130795251,2020-05-25T13:57:04Z,"funky house","Rain&Shine",0.63,0.789,1,-7.262,0,0.126,0.0208,0.0000569,0.18,0.831,123.748,4
spotify:track:7mkX7jvCBDAPAYvHdcdzHu,"I'm Here Again","The Devil In Me","Thelma Houston",1977-10-18,392666,21,false,1130795251,2020-05-25T16:44:03Z,"motown,disco","UNI/MOTOWN",0.522,0.701,10,-10.869,0,0.0944,0.214,0.000377,0.0811,0.646,122.41,4
spotify:track:0cmoPtZ4NqBlWgvLnxmM4v,"Bad for Me","Bad For Me","Dee Dee Bridgewater",1979,336666,15,false,1130795251,2020-05-27T09:58:22Z,"vocal jazz,french jazz,jazz","Rhino/Elektra",0.731,0.701,8,-13.379,0,0.0336,0.0482,0.000659,0.12,0.966,129.587,4
spotify:track:1yoBsuCovb9aU4H2RK1wRK,"Eternally Grateful - Unreleased Dub Mix","Backstreet Brit Funk Vol.2 compiled by Joey Negro","Janet Kay",2018-06-29,537239,0,false,1130795251,2020-05-27T14:53:51Z,"lovers rock,reggae,rocksteady","Z Records",0.857,0.704,1,-5.897,0,0.061,0.238,0.164,0.353,0.923,121.013,4
spotify:track:5k5y7Q1IM3C1kaZJb6QIaS,"Hunk of Heaven","Lemuria","Lemuria",1978-07-05,262400,27,false,1130795251,2020-05-28T09:04:49Z,"aor,jazz funk","Worldblend Music",0.658,0.499,2,-15.298,0,0.162,0.273,0.0000687,0.162,0.685,103.928,4
spotify:track:2qnEW5VJybWFfUaQ1LFgl8,"Now That I Have You","I'm A Stranger","Tommy Mcgee",2020-05-08,336004,0,false,1130795251,2020-05-28T13:07:02Z,"","Numero Group",0.622,0.623,2,-11.482,0,0.101,0.542,0.00000399,0.324,0.674,96.834,4
spotify:track:4swrMJhWOqw8MNqaK0beRb,"The Booguie","Papi, Are You OK?","Joan Bibiloni Band",2008-11-24,227333,12,false,1130795251,2020-05-28T13:20:09Z,"","Satie Producciones Audiovisuales",0.778,0.883,2,-7.874,0,0.076,0.189,0.406,0.0767,0.842,118.186,4
spotify:track:1JNZVi19uE2vnNU0yXyMnH,"Never Like This","Get The Feeling","Two Tons Of Fun",1993-01-01,295773,21,false,1130795251,2020-05-29T11:09:04Z,"post-disco","Fantasy Records",0.709,0.866,10,-8.628,0,0.065,0.252,0.0000308,0.0724,0.843,86.891,4
spotify:track:40tIv3IxM99bQHUyVNe4ri,"I'm In Love","Blue Note Trip 9: Heat Up/Simmer Down By DJ Maestro","Nancy Wilson",2011-01-01,209826,19,false,1130795251,2020-05-29T11:10:52Z,"vocal jazz,jazz,jazz ballads","Universal Music B.V.",0.451,0.847,6,-6.22,1,0.11,0.434,0,0.258,0.797,166.751,4
spotify:track:6zVPA2pLokR9ukDIEDvX4u,"Love Message","It's A Summer Groove Vol.2 compiled by Joey Negro","Lowrell Simon",2011-06-06,413680,0,false,1130795251,2020-05-29T11:12:03Z,"","Z Records",0.697,0.77,1,-11.087,1,0.131,0.0295,0.0000278,0.283,0.585,100.568,4
spotify:track:0vJynDHdGy9HXgaXNAyUpV,"Trying to Get Next to You","Totally Wired, Series 2, Vol. 2","Arnold Blair",2001-01-01,178946,32,false,1130795251,2020-05-29T11:26:13Z,"","Acid Jazz",0.692,0.793,6,-7.147,1,0.167,0.258,0.00356,0.0822,0.961,153.294,4
spotify:track:5GrMVumWvG1jgo44MY8Vei,"Say You Love Me Girl","Splashdown","Breakwater",1980,286400,0,false,1130795251,2020-05-29T11:27:37Z,"post-disco","Arista/Legacy",0.583,0.772,1,-10.899,1,0.0385,0.329,0.0000127,0.0393,0.961,104.848,4
spotify:track:3hI7WeERfunQaJfrp7Ankt,"Let Love In","Splashdown","Breakwater",1980,279506,0,false,1130795251,2020-05-29T11:28:46Z,"post-disco","Arista/Legacy",0.642,0.734,10,-11.188,1,0.0773,0.263,0.000113,0.373,0.791,103.84,4
spotify:track:1lDWv1dqGIMhNpgU9nVPuY,"Holding You, Loving You","Late Night Tales: Another Late Night - Zero 7","Don Blackman",2012-03-23,249084,21,false,1130795251,2020-05-29T11:48:36Z,"post-disco,jazz funk","Late Night Tales",0.531,0.71,1,-6.49,1,0.0741,0.376,0.0000492,0.148,0.516,79.031,4
spotify:track:17nvBaF8exJrtsAwWBadmJ,"Wanna Be Where You Are","The RCA Anthology","Zulema",2018-03-02,211946,19,false,1130795251,2020-05-29T14:31:33Z,"","RCA/Legacy",0.523,0.865,2,-8.96,0,0.0634,0.405,0.000389,0.135,0.873,92.062,4
spotify:track:72nNHHyqdt0EQn5HWDXkI0,"Don't Act Like a Fool","Don't Act Like A Fool","Premonition",2020-05-01,265613,2,false,1130795251,2020-05-29T14:31:39Z,"","Athens Of The North",0.674,0.788,6,-7.357,1,0.146,0.454,0.00000275,0.074,0.733,125.839,4
spotify:track:74FQcR8t5N1DRDAwJPdsOH,"Elevate Our Minds","Soul Culture: 03 Elevate Our Minds Metro Radical Beats","Linda Williams",2005-09-24,273800,22,false,1130795251,2020-05-31T14:58:40Z,"","Sony BMG Music Entertainment",0.7,0.866,7,-8.573,0,0.127,0.471,0.00000379,0.167,0.924,89.526,4
spotify:track:5s9HKog1eWw3CnXzu8I4L7,"I Know You Will","Logg","Logg",1981-01-01,408666,0,false,1130795251,2020-05-31T14:58:47Z,"post-disco,boogie,disco","Salsoul Records",0.774,0.741,9,-13.403,0,0.0571,0.0237,0.026,0.0603,0.868,112.82,4
spotify:track:2DXGikXhemwZ3oozedSJfZ,"Tears in the Ghetto","Nation Building","Berkely Ike Jones",2018-01-01,304134,5,false,1130795251,2020-05-31T14:59:53Z,"","Astra",0.603,0.835,9,-7.415,0,0.0349,0.0346,0.119,0.252,0.967,117.295,4
spotify:track:7B1qxBz1HXCLxg5rLnphHk,"Overflowing","Jonathan Butler","Jonathan Butler",1987,246986,6,false,1130795251,2020-05-31T15:01:40Z,"smooth jazz,Christian jazz,gospel,jazz","Sony Music UK",0.769,0.826,9,-6.971,0,0.0504,0.0725,0.00000158,0.0324,0.857,112.782,4
spotify:track:5HgE5eXfu0An2moseSM635,"I Hear Music in the Streets - François Kevorkian Mix","Searching to Find the One","Unlimited Touch",1980,413573,45,false,1130795251,2020-05-31T16:39:04Z,"post-disco,disco,funk,boogie","UNIDISC MUSIC INC.",0.697,0.582,11,-12.173,0,0.114,0.00842,0.344,0.0843,0.823,115.929,4
spotify:track:162odHCjzAYabRBlhaASBy,"Everybody Here Must Party","Sweet Release","Direct Current",1979-01-01,424360,10,false,1130795251,2020-06-03T13:22:52Z,"post-disco","UNIDISC MUSIC INC.",0.703,0.61,7,-16.854,1,0.0726,0.00399,0.00662,0.0659,0.771,115.848,4
spotify:track:3KSVJqsgnuoXamBfXgWvVf,"Check Out the Groove","You Got What It Takes","Bobby Thurston",1980,449066,43,false,1130795251,2020-06-03T14:57:09Z,"post-disco,disco,funk","UNIDISC MUSIC INC.",0.559,0.584,11,-15.341,0,0.0783,0.0152,0.00561,0.0351,0.861,123.727,4
spotify:track:3P3BohoPVO6tcDHsPIcnXV,"Everytime I See Him (feat. The Sweethearts)","The Greatest Show on Earth (feat. The Sweethearts)","Metropolis;The Sweethearts",1978-01-01,244680,0,false,1130795251,2020-06-04T16:55:42Z,"doo-wop","Salsoul Records",0.676,0.402,0,-18.363,1,0.0562,0.169,0.0602,0.0673,0.92,102.489,4
spotify:track:0Uo9aYA4iOHBU9K9JFdnKR,"Can't Live Without You","Mr Bongo Record Club, Vol. 1","Connie Laverne",2016-09-16,159053,0,false,1130795251,2020-06-06T11:06:17Z,"northern soul","Mr Bongo",0.535,0.911,6,-2.306,0,0.1,0.457,0.00000485,0.211,0.864,108.525,4
spotify:track:4V3KnUzd0Nj3pI0NW6W3oC,"Happy Ever After","Unlimited Touch","Unlimited Touch",1981-01-01,368500,38,false,1130795251,2020-06-10T20:03:46Z,"post-disco,disco,funk,boogie","UNIDISC MUSIC INC.",0.806,0.669,6,-8.047,1,0.0808,0.0143,0.0000123,0.119,0.915,116.47,4
spotify:track:26gc64Er0RVlmzE1rSg4UV,"Hesitated","The DeBarges","DeBarge",1981-01-01,224973,20,false,1130795251,2020-06-10T20:07:42Z,"quiet storm","UNI/MOTOWN",0.833,0.717,6,-11.671,0,0.0751,0.259,0.000496,0.285,0.887,115.304,4
spotify:track:1un4TS809edLPXFfRxE8Jo,"Diamond Real","Love Conquers All (Expanded Edition)","Michael Wycoff",1982-03-01,227480,32,false,1130795251,2020-06-12T21:32:12Z,"post-disco","RCA/Legacy",0.85,0.592,0,-9.633,1,0.0778,0.079,0.000247,0.0449,0.777,106.907,4
spotify:track:7fLdeRBpVAGqgWP0VdSiLv,"I'm Going Through Changes Now","Capitol Disco","Brownsugar",2007-06-08,186733,17,false,1130795251,2020-06-13T20:40:59Z,"lovers rock,northern soul","Parlophone UK",0.713,0.666,0,-10.016,0,0.0379,0.134,0,0.458,0.914,124.704,4
spotify:track:3yKbz5p5RiyeHDc7NK15lC,"Secret Rendezvous","Wall To Wall","Rene & Angela",1981-08-10,254093,30,false,1130795251,2020-06-16T13:05:02Z,"quiet storm,post-disco,classic soul","CAPITOL CATALOG MKT (C92)",0.803,0.814,8,-5.669,0,0.0521,0.101,0.00017,0.0983,0.961,99.018,4
spotify:track:5mLH2SnrW7cpJmxeBYc53T,"Dancin' & Prancin'","Dancin' & Prancin'","Candido",1979-01-01,412720,0,false,1130795251,2020-06-16T13:07:27Z,"afro-cuban jazz,latin jazz,disco","Salsoul Records",0.586,0.829,0,-10.676,1,0.042,0.00617,0.529,0.0765,0.942,115.236,4
spotify:track:0UgQw8fIQpcAhEhjyfAZZJ,"We Have All The Time","Edits By Mr K. - Sampler #3","Milton Hamilton",1976,444893,0,false,1130795251,2020-06-16T13:08:40Z,"rocksteady,disco,post-disco","Strut",0.521,0.823,5,-7.604,1,0.0369,0.000571,0.022,0.351,0.802,130.844,4
spotify:track:2bGBIxCotgfyNIv6MAkaPy,"Lay It on the Line","Logg","Logg",1981-01-01,390626,0,false,1130795251,2020-06-16T13:11:02Z,"post-disco,boogie,disco","Salsoul Records",0.679,0.752,5,-11.367,0,0.0551,0.174,0.00297,0.631,0.96,116.55,4
spotify:track:1R5dhjRDTcyp0J5ZZxgX3i,"Hi-Tension","Hi Tension (Bonus Tracks Edition)","Hi-Tension",1978-01-01,317293,20,false,1130795251,2020-06-22T13:00:11Z,"jazz funk","Universal-Island Records Ltd.",0.879,0.753,0,-9.189,1,0.0375,0.628,0.67,0.117,0.962,122.827,4
spotify:track:5xsmn2dS3SwEPm1IRBcrQ8,"Trip To Your Mind","Back Street Brit Funk compiled by Joey Negro","Hudson People",2010-05-10,589453,0,false,1130795251,2020-06-22T13:02:18Z,"disco,jazz funk","Z Records",0.568,0.568,5,-13.984,0,0.0373,0.0943,0.465,0.104,0.753,133.778,4
spotify:track:0OYKPDicsx5rFpScHnWIoH,"Dancing in Outer Space","Dancing in Outer Space","Atmosfear",2000-01-01,577093,25,false,1130795251,2020-06-22T13:02:51Z,"jazz funk,post-disco","Disorient",0.706,0.528,7,-14.511,1,0.0664,0.00158,0.074,0.222,0.658,126.485,4
spotify:track:30KHPJLS8Xpq6DpGZxfpwN,"London Town","The Best of the Light of the World","Light Of The World",1992-10-19,271373,0,false,1130795251,2020-06-22T13:03:07Z,"jazz funk,post-disco,acid jazz","Chrysalis Records",0.668,0.487,7,-13.216,0,0.0877,0.371,0.0315,0.108,0.723,101.82,4
spotify:track:2fyFo2nDpUyJQKYWDxOIgP,"Swingin'","The Best of the Light of the World","Light Of The World",1992-10-19,304360,0,false,1130795251,2020-06-22T13:03:28Z,"jazz funk,post-disco,acid jazz","Chrysalis Records",0.79,0.826,9,-13.102,1,0.0933,0.128,0.0505,0.0783,0.862,133.249,4
spotify:track:7gKVkjwB2ny5D5YAR2TizA,"Walking Into Sunshine - Original Larry Levan 12"" Mix","The Collection","Central Line",2003-01-01,474040,33,false,1130795251,2020-06-22T13:04:35Z,"post-disco","Spectrum",0.896,0.399,9,-12.819,0,0.117,0.0214,0.0411,0.0263,0.808,112.232,4
spotify:track:65vIOWAPl3elRBhgUTWraU,"Hangin' On A String - Original","Tighten Up Vol I","Loose Ends",1992-01-01,350266,51,false,1130795251,2020-06-22T13:05:02Z,"post-disco,new jack swing","Ten Records",0.735,0.683,11,-10.639,0,0.0523,0.0406,0.00081,0.0789,0.874,104.95,4
spotify:track:6P0xVRTvnZOJBqbOFmrx5A,"You're Lying - 12"" Mix","Intuition","Linx",1981-03-13,397426,0,false,1130795251,2020-06-22T13:06:11Z,"post-disco,jazz funk","Chrysalis Records",0.724,0.609,9,-10.826,1,0.092,0.243,0.00000285,0.112,0.333,120.242,4
spotify:track:0QX4u1gl2VZ6HKShy7BWEn,"The Groove Line","Central Heating","Heatwave",1978-03-18,262506,0,false,1130795251,2020-06-22T13:06:40Z,"disco,funk","Epic",0.712,0.757,2,-10.045,1,0.0352,0.0543,0.000405,0.201,0.729,120.165,4
spotify:track:1F0k6Lfr9jp9g6H43YFYIc,"Dalkavuk - Baris K Edit","Istanbul 70: Psych, Disco, Folk Edits by Baris K - Vol. II","Senay;Barış K",2011-08-02,327893,0,false,1130795251,2020-06-22T13:08:15Z,"downtempo","Nublu Records",0.731,0.668,5,-9.406,0,0.0664,0.129,0.002,0.0497,0.977,108.125,4
spotify:track:0zJpHf2lMhpLk5RA3Fnevd,"Music of Life","Cerrone IV, VII","Cerrone",2015-05-04,391146,0,false,1130795251,2020-06-22T13:08:36Z,"italo disco,disco,hi-nrg,disco house,nu disco,post-disco,french house","Malligator Préférence",0.709,0.927,4,-6.751,0,0.0575,0.103,0.00434,0.0922,0.773,90.847,4
spotify:track:3VuMRYgkhSteigqPpDYkWm,"Loving You","24 Hours in a Disco 1978-82","Kiki Gyan",2012-11-26,568546,0,false,1130795251,2020-06-22T13:13:31Z,"disco","Soundway Records",0.522,0.867,7,-10.142,1,0.0543,0.012,0.0876,0.0469,0.724,127.52,4
spotify:track:37w2v35dDa2qDCgHhdXCuh,"24 Hours in a Disco","24 Hours in a Disco 1978-82","Kiki Gyan",2012-11-26,439600,0,false,1130795251,2020-06-22T13:13:37Z,"disco","Soundway Records",0.706,0.827,7,-9.737,0,0.0765,0.0669,0.0412,0.236,0.788,125.015,4
spotify:track:1np1H7mh6iUZhdBhkh3QIo,"Disco Dancer","24 Hours in a Disco 1978-82","Kiki Gyan",2012-11-26,416800,0,false,1130795251,2020-06-22T13:13:42Z,"disco","Soundway Records",0.699,0.869,9,-10.199,1,0.0456,0.0317,0.411,0.0368,0.963,115.273,4
spotify:track:31Xg46WEYttFtOE3A0uJS2,"Keep On Dancing","24 Hours in a Disco 1978-82","Kiki Gyan",2012-11-26,390293,0,false,1130795251,2020-06-22T13:13:47Z,"disco","Soundway Records",0.693,0.852,4,-8.749,0,0.0359,0.069,0.00216,0.0504,0.866,118.177,4
spotify:track:1Hb8keBNPk0bIU4fEmrUce,"Sexy Dancer","24 Hours in a Disco 1978-82","Kiki Gyan",2012-11-26,419120,0,false,1130795251,2020-06-22T13:14:00Z,"disco","Soundway Records",0.696,0.856,11,-9.075,0,0.0402,0.204,0.434,0.0584,0.955,121.608,4
spotify:track:6gB3NJQ9dF5xoqUBKGX6Uz,"Nomalizo","Greatest Hits","Letta Mbulu",2017-08-01,308440,0,false,1130795251,2020-06-22T13:14:27Z,"afro soul","Columbia",0.848,0.507,5,-10.094,1,0.0397,0.487,0.00464,0.0611,0.689,98.262,4
spotify:track:7iLaCW64SxdwAXUOWpJFX4,"Kilimanjaro","The Soul of Disco Vol.1 compiled by Joey Negro & Sean P","Letta Mbulu",2005-06-13,356146,0,false,1130795251,2020-06-22T13:14:37Z,"afro soul","Z Records",0.796,0.574,7,-11.278,0,0.0318,0.0504,0.371,0.0928,0.883,124.002,4
spotify:track:2WNSDa9fycsYHqH9g0EKqq,"Disco Hi-Life - Original Version","Disco Hi-Life","Orlando Julius",2009-04-03,540986,0,false,1130795251,2020-06-22T13:14:43Z,"afrobeat,highlife,afropop","Hot Casa Records",0.678,0.718,7,-7.189,0,0.111,0.52,0.0842,0.0699,0.899,121.637,4
spotify:track:52cbnFLjvh4AAABH9bBZdE,"Could Heaven Ever Be Like This","The Legacy of Disco","Idris Muhammad",2015-07-17,518039,20,false,1130795251,2020-06-22T13:14:51Z,"jazz funk,soul jazz","Sony Music Catalog",0.735,0.875,2,-5.351,0,0.149,0.256,0.451,0.0863,0.744,122.658,4
spotify:track:1HP22iCSdm3LgTAlSpgy7J,"Ivory","Doing It in Lagos: Boogie, Pop & Disco in 1980's Nigeria","Kio Amachree",2016-12-09,310680,0,false,1130795251,2020-06-22T13:14:58Z,"","Soundway Records",0.782,0.72,1,-9.169,1,0.0374,0.0602,0.256,0.0422,0.92,121.161,4
spotify:track:21s0bjVrP7RtQskeUKZxOu,"Soul Makossa","Manu Dibango Anthology","Manu Dibango",2000-01-01,264306,51,false,1130795251,2020-06-22T13:15:08Z,"afrobeat,afropop","Soul Makossa",0.831,0.835,0,-3.768,1,0.142,0.128,0.00224,0.134,0.8,114.996,4
spotify:track:6cCjkGOjdA2F3C3ZShdm40,"Enjoy Your Life","Doing It in Lagos: Boogie, Pop & Disco in 1980's Nigeria","Oby Onyioha",2016-12-09,376973,0,false,1130795251,2020-06-22T13:15:13Z,"disco","Soundway Records",0.87,0.676,5,-8.201,0,0.0557,0.034,0.00774,0.0691,0.868,115.369,4
spotify:track:06WWnCfoJveGUvYQWK7nGf,"Eva","Robson Jorge e Lincoln Olivetti","Robson Jorge;Lincoln Olivetti",1982-09-16,346522,39,false,1130795251,2020-06-22T13:16:23Z,"brazilian jazz","Som Livre",0.6,0.71,2,-10.81,1,0.0543,0.465,0.956,0.124,0.586,111.805,4
spotify:track:4KOQk1FhOOIfuHMZahP5Wa,"Guarde Minha Voz","Vale Tudo","Sandra De Sá",1983-01-01,191186,40,false,1130795251,2020-06-22T13:16:45Z,"mpb,samba","Som Livre",0.871,0.505,7,-12.594,1,0.0326,0.401,0.000221,0.214,0.891,107.405,4
spotify:track:5b2EESljfAcvuqhV1o5ied,"A Paraíba Não é Chicago","Vontade de Rever Você","Marcos Valle",1981-01-01,278226,36,false,1130795251,2020-06-22T13:16:58Z,"bossa nova,brazilian jazz","Som Livre",0.604,0.867,5,-6.923,0,0.0628,0.399,0,0.132,0.939,99.943,4
spotify:track:0OjPnu5UsJQ5tmll20SaRo,"Relax - Extended Waxist Version","Christmas Disco, Vol. 2","Painel De Controle;Waxist",2015-12-11,357642,0,false,1130795251,2020-06-22T13:17:08Z,"","Favorite",0.775,0.673,5,-11.991,0,0.0675,0.38,0.03,0.144,0.918,119.211,4
spotify:track:7sepjx5LqGAp7lVsjmYsFK,"Ripa Na Xulipa - Extended Charles Maurice Version","Christmas Disco, Vol. 2","Rabo De Saia;Charles Maurice",2015-12-11,328499,0,false,1130795251,2020-06-22T13:17:13Z,"","Favorite",0.729,0.541,2,-7.528,1,0.043,0.0501,0.000306,0.195,0.899,119.119,4
spotify:track:52G2z7iOgITeoeQIHixDk9,"Moral Tem Hora","Christmas Disco, Vol. 2","Cristina Camargo",2015-12-11,167921,0,false,1130795251,2020-06-22T13:17:21Z,"","Favorite",0.803,0.745,0,-7.59,1,0.0422,0.0135,0.00355,0.0765,0.964,123.202,4
spotify:track:6ywWdrb3jfkpGGJPdsUe4Q,"Acenda o farol","Disco Club","Tim Maia",1978-01-01,191280,0,false,1130795251,2020-06-22T13:17:33Z,"mpb","WM Brazil",0.592,0.883,9,-5.441,0,0.0886,0.0903,0,0.0639,0.695,123.205,4
spotify:track:2koS4fD3kzizdnzWzyrxyT,"Estrelar","Marcos Valle","Marcos Valle",1983-01-01,313493,63,false,1130795251,2020-06-22T13:18:23Z,"bossa nova,brazilian jazz","Som Livre",0.879,0.495,7,-10.584,0,0.0765,0.538,0.000333,0.0827,0.802,102.652,4
spotify:track:7jSrD4hzMsUYLSCU4nr9bF,"The Night the Lights Went Out","The Trammps III","The Trammps",1977,427160,32,false,1130795251,2020-06-22T22:00:37Z,"disco,philly soul,northern soul","Rhino Atlantic",0.644,0.703,0,-10.865,0,0.0587,0.173,0.000439,0.0609,0.631,121.187,4
spotify:track:6ERKMiaPn0ixiYVmu6lMaP,"Can't You See Me - Original 12"" Mix","All Time Greats","Roy Ayers",2019-11-15,413635,11,false,1130795251,2020-06-24T10:14:55Z,"jazz funk,acid jazz,funk","UMC (Universal Music Catalogue)",0.729,0.78,7,-11.056,1,0.0509,0.372,0.0475,0.0517,0.835,114.968,4
spotify:track:4390J8JMTKKcvulpyQckN8,"Some Love","Chaka","Chaka Khan",1978-10-12,352933,34,false,1130795251,2020-06-24T10:16:50Z,"","Rhino/Warner Records",0.65,0.827,0,-6.93,1,0.0488,0.193,0.209,0.0749,0.847,108.411,4
spotify:track:33ZVv0klllhPevyHaUB7LJ,"Come On Everybody (12 Inch Vinyl Mix)","Come On Everybody","Coco York;Serge Ermoll Ensemble;Serge Ermoll;John Sadd",1981-06-05,509103,0,false,1130795251,2020-06-24T12:45:20Z,"jazz","Blue Pie Records USA",0.637,0.695,0,-10.13,1,0.0741,0.674,0.0565,0.155,0.738,130.096,4
spotify:track:3H2QHGVOHtAjyzBJCgYdpo,"Brazilian Dancer","Brazilian Dancer (Remastered)","Kasso",2017-08-11,303133,19,false,1130795251,2020-06-27T22:46:06Z,"italo disco,chicago house,post-disco,hi-nrg,italo dance","Bacci Bros Records",0.878,0.839,11,-5.981,0,0.11,0.153,0.0287,0.0794,0.952,122.317,4
spotify:track:2mfNxcwj3lqU1Vfe70L5cd,"You're Everything to Me","All For You","CRAC",2019-11-08,264291,0,false,1130795251,2020-07-01T22:25:52Z,"aor,yacht rock","Fat Beats Records",0.652,0.663,2,-14.925,0,0.0462,0.344,0,0.0683,0.816,125.423,4
spotify:track:6500UNFC3evZKw8whZC2p3,"Stomp Your Feet","Super Mann","Herbie Mann",1978,268120,9,false,1130795251,2020-07-02T10:39:24Z,"afro-cuban jazz,latin jazz,jazz,brazilian jazz,bossa nova,jazz funk,soul jazz,cool jazz","Rhino Atlantic",0.706,0.856,5,-8.989,0,0.0579,0.174,0.0543,0.3,0.851,128.684,4
spotify:track:0mzlamCznzUFQsYiFb8bBK,"Just for You","Reach For It","George Duke",1977,266973,11,false,1130795251,2020-07-06T09:30:16Z,"jazz funk,jazz fusion,smooth jazz,funk","Epic/Legacy",0.486,0.401,0,-10.497,0,0.0294,0.239,0.0000178,0.134,0.612,132.719,4
spotify:track:0HYCfsLMVE61LZIVI3d1UA,"I Need Your Lovin'","Irons In The Fire (Expanded Edition)","Teena Marie",1980-07-06,452186,45,false,1130795251,2020-07-08T09:25:07Z,"quiet storm,post-disco","UNI/MOTOWN",0.668,0.898,0,-6.14,1,0.0459,0.0059,0.00516,0.0712,0.756,109.808,4
spotify:track:6w9g12jpHCPCuvYVX7vLLG,"The Glow of Love","The Glow of Love (Original Album and Rare Tracks)","Change;Luther Vandross",1980,373240,52,false,1130795251,2020-07-12T20:57:09Z,"post-disco,disco,funk,quiet storm,soul,classic soul","New Fresh Records",0.697,0.899,4,-4.38,0,0.105,0.302,0.00000537,0.168,0.743,118.116,3
spotify:track:62CwLKItrExftm04nk4uh7,"A Lover's Holiday - A Jim Burgess Mix","The Glow of Love (Original Album and Rare Tracks)","Change",1980,384813,44,false,1130795251,2020-07-12T20:57:20Z,"post-disco,disco,funk","New Fresh Records",0.921,0.607,11,-6.047,0,0.216,0.0287,0.0297,0.0837,0.799,116.335,4
spotify:track:3vE6VYTG7LytVOvVTc3PBb,"Searching","The Glow of Love (Original Album and Rare Tracks)","Change;Luther Vandross",1980,483093,41,false,1130795251,2020-07-12T20:57:26Z,"post-disco,disco,funk,quiet storm,soul,classic soul","New Fresh Records",0.778,0.683,11,-6.849,0,0.0562,0.0405,0.00141,0.045,0.548,127.572,4
spotify:track:6y01cLHURf2lS5ZvnASMsy,"I Like It","The Players' Association","The Player's Association",1977-01-01,327770,15,false,1130795251,2020-07-12T20:59:43Z,"post-disco,jazz funk,disco","Craft Recordings",0.587,0.917,0,-9.146,1,0.0389,0.0906,0.833,0.343,0.863,116.652,4
spotify:track:2K2OptfgRVGDxzBL90yh7N,"Tonight - Single Version","One Way (Expanded Version)","One Way;Al Hudson",1979-11-01,447293,13,false,1130795251,2020-07-13T14:26:14Z,"funk,post-disco,northern soul","Geffen",0.797,0.508,8,-15.113,1,0.0368,0.00734,0.00306,0.105,0.748,120.39,4
spotify:track:52IYsIidzGz7PXO2lEyeLB,"Funky Nassau, Pt. 1","Funky Nassau","The Beginning Of The End",2017-12-06,186301,0,false,1130795251,2020-07-15T12:56:55Z,"funk,jazz funk","Strut",0.694,0.854,6,-7.659,0,0.0351,0.227,0.000417,0.337,0.958,121.271,4
spotify:track:0y9fNNIiSXretp1sdHrytD,"Trinidad - Special Disco Mix","Soul Jazz Records Presents Disco: A Fine Selection of Independent Disco, Modern Soul and Boogie 1978-82","John Gibbs and The U.S. Steel Orchestra",2015-01-06,308280,0,false,1130795251,2020-07-20T09:52:02Z,"","Soul Jazz Records",0.687,0.724,9,-10.138,1,0.0609,0.144,0.849,0.186,0.763,122.242,4
spotify:track:6WzRuJ5FqVHC07kVh5KAmu,"So You Wanna Be a Star - 12"" Single Version","In Search of the Rainbow Seekers","Mtume",1980,313453,33,false,1130795251,2020-07-20T12:54:03Z,"post-disco,funk,quiet storm","Legacy Recordings",0.822,0.654,6,-12.068,0,0.0442,0.165,0.0000134,0.0679,0.95,115.182,4
spotify:track:7DLdp4dJeLYpZmgJt1CaO8,"Know What You Want","Know What You Want","Gloria Jay",2017-12-08,284051,0,false,1130795251,2020-07-21T09:28:47Z,"","Melodies International",0.525,0.546,9,-7.249,0,0.0701,0.581,0.00453,0.677,0.499,90.761,4
spotify:track:6f0yFe3YS5TlmEMGQMwiYx,"I'm in Love","DJ Andy Smith Presents Reach up - Disco Wonderland Vol. 2","Cela",2020-01-24,437533,16,false,1130795251,2020-07-21T10:37:15Z,"","BBE Music",0.779,0.674,0,-10.991,1,0.0468,0.133,0.00493,0.0684,0.828,119.876,4
spotify:track:6vVwnG6libRP0JUYDZbfyk,"Padlock - Larry Levan Mix / Bonus Track","Portrait","Gwen Guthrie",1983-01-01,415840,32,false,1130795251,2020-07-21T16:16:45Z,"post-disco,disco","Mercury Records",0.725,0.827,5,-8.183,0,0.0427,0.0392,0.00182,0.0589,0.897,115.353,4
spotify:track:5ECc17jylcQzS6D5MqQCtK,"Can't Play Around","Garage House Anthems","Lace",2019-12-27,463133,6,false,1130795251,2020-07-21T16:45:21Z,"post-disco","Warner Music Group - X5 Music Group",0.722,0.422,8,-15.879,1,0.0717,0.114,0.000155,0.311,0.601,112.332,4
spotify:track:13Opq8kgRQ0LbN81qAOIRu,"When I Come Home - Larry Levan Mix","When I Come Home","Aurra",1980-01-01,424600,0,false,1130795251,2020-07-21T17:09:01Z,"post-disco,boogie,funk","Salsoul Records",0.857,0.782,7,-7.111,1,0.115,0.0152,0.0122,0.0326,0.589,118.439,4
spotify:track:3ywjn8ObFZZslAGmfpWS2U,"Stop On By","Rufusized","Rufus;Chaka Khan",1974-01-01,293600,43,false,1130795251,2020-07-24T13:26:38Z,"quiet storm","Geffen*",0.615,0.431,7,-13.976,1,0.0462,0.0403,0.000128,0.0573,0.594,93.543,4
spotify:track:2VHacNRhGBbPSKok6XpLdb,"Holding On","Holding On","Darryl Douglas, Inc.",2018-02-12,381500,0,false,1130795251,2020-07-24T13:40:03Z,"funk gospel","Kalita Records",0.74,0.845,10,-7.542,0,0.056,0.096,0.000147,0.252,0.692,119.018,4
spotify:track:3wxXnwGA2P8fGUhPKZxdPd,"Nightlife","Joey Negro and Sean P Present the Best of Disco Spectrum","Blair",2017-09-08,441435,0,false,1130795251,2020-07-27T12:23:16Z,"","BBE Music",0.405,0.881,11,-6.201,0,0.159,0.0247,0.104,0.197,0.707,98.278,4
spotify:track:2F977UPPZeXQdDMJ7JXpIm,"Intimate Connection","Intimate Connection","Kleeer",1984-04-14,285960,43,false,1130795251,2020-07-27T12:26:30Z,"post-disco,funk","Rhino Atlantic",0.817,0.245,5,-17.337,1,0.0467,0.353,0.00328,0.117,0.735,103.982,4
spotify:track:2RETX4NviKS4azgSBNkr8C,"I Did It Again","I Did It Again","Jesse Henderson",1977-03-15,449306,15,false,1130795251,2020-07-27T14:39:20Z,"post-disco","P&P Records",0.627,0.779,10,-8.425,1,0.078,0.28,0.00000757,0.221,0.672,113.958,4
spotify:track:2unxrIBvfUcpyZp6zzQcGH,"Fancy Dancer","Twennynine with Lenny White","Twennynine;Lenny White",1980,220000,25,false,1130795251,2020-08-05T16:21:41Z,"post-disco,funk,jazz fusion,jazz funk","Rhino/Elektra",0.679,0.693,2,-10.519,0,0.0402,0.109,0.00212,0.0315,0.939,115.779,4
spotify:track:6ZCOXkuauB6HlyiCGDxNWu,"Just Be Yourself - Kon Remix","Just Be Yourself (Kon Remix) / Extended Mix","The Pretenders;DJ Kon",2017-05-05,470966,0,false,1130795251,2020-08-06T14:13:16Z,"doo-wop,northern soul","Family Groove Records",0.761,0.746,9,-7.369,1,0.0596,0.00202,0.0000812,0.127,0.795,124.054,4
spotify:track:7hlMjkJHXZSuaiJzbWNt1q,"Out of My Hands (Love's Taken Over)","Joey Negro and Sean P Present the Best of Disco Spectrum","Omni;Connee Draper",2017-09-08,374406,0,false,1130795251,2020-08-07T12:23:24Z,"","BBE Music",0.805,0.744,0,-6.561,1,0.0656,0.281,0.322,0.307,0.799,133.771,4
spotify:track:6CXyDDc9Dr5E1cFjAWkoHt,"Don't Tell Me, Tell Her","Legends","Odyssey",2005,250733,34,false,1130795251,2020-08-07T12:25:41Z,"disco,post-disco","RCA Camden",0.706,0.799,2,-6.598,0,0.0792,0.349,0.00168,0.104,0.882,168.718,4
spotify:track:7fkTTjxihD1R413FKEknM3,"Can't Hide Love","Jaye P. Morgan","Jaye P. Morgan",1976,291453,32,false,1130795251,2020-08-21T17:39:49Z,"aor,yacht rock","WeWantSounds",0.585,0.564,8,-11.049,0,0.0883,0.0458,0.000339,0.0962,0.627,78.553,4
spotify:track:7eOBfvvCuCuLw3WBwKcEGA,"Let It Flow","DJ Andy Smith Presents: Reach Up Disco Wonderland","Tamiko Jones",2017-11-17,410895,0,false,1130795251,2020-08-22T14:15:25Z,"northern soul","BBE Music",0.568,0.876,8,-5.025,0,0.0456,0.479,0.0465,0.0973,0.89,103.62,4
spotify:track:5cEsqdIh17VqZoH6HMOUi1,"Don't You Love It","Classics Funky Music, Vol. 5","Maxine Singleton",2013-05-17,348466,20,false,1130795251,2020-08-31T12:18:50Z,"post-disco,disco house,nu disco","UNIDISC MUSIC INC.",0.646,0.871,0,-6.939,0,0.0441,0.174,0.00291,0.0685,0.966,117.707,4
spotify:track:4Sf9YOyu7asPIOwLUvFiGW,"Get It Right","Rare Funky Sound","Ren Woods",2014-01-01,403278,0,false,1130795251,2020-09-04T12:13:28Z,"post-disco","Gold Digger Records",0.82,0.644,11,-7.721,1,0.0653,0.191,0.0438,0.0822,0.923,130.532,4
spotify:track:3TiCuJiisBOB9HzKAM6FDG,"Oh Honey","Oh Honey","Delegation",1978-07-17,356200,72,false,1130795251,2020-09-22T21:00:27Z,"","State Records",0.734,0.42,2,-12.036,1,0.028,0.188,0.242,0.0826,0.462,94.161,4
spotify:track:1vq6x0VSLtVUHMbNKHh9sF,"Think Twice","Stepping Into Tomorrow","Donald Byrd;Kay Haith",1975,372133,46,false,1130795251,2020-09-22T21:00:55Z,"hard bop,jazz funk,jazz,soul jazz,jazz fusion,acid jazz,bebop","Blue Note Records",0.551,0.828,5,-9.371,0,0.0353,0.209,0.0363,0.0764,0.802,108.07,4
spotify:track:3VWsDvM1GGEp9OYYlphhi3,"Stars in Your Eyes","Monster","Herbie Hancock",1980-03,424560,36,false,1130795251,2020-09-22T21:02:04Z,"jazz,jazz fusion,jazz funk,hard bop,cool jazz","Columbia",0.69,0.379,2,-16.588,0,0.0567,0.0655,0.0056,0.0785,0.849,107.063,4
spotify:track:6gtEPy0tc2zh9Vv1fYpR1A,"Yesterday's Love","Aloha Got Soul","Aura",2016-03-18,294106,0,false,1130795251,2020-09-22T21:03:19Z,"aor","Strut",0.594,0.885,2,-6.448,1,0.0799,0.07,0.0264,0.0724,0.838,108.723,4
spotify:track:2wtDZA1388JkXa6B1k9LRF,"Give Love a Try","Still Loving You","Twilight",2010-05-11,174000,0,false,1130795251,2020-09-22T21:04:10Z,"","Luv N' Haight",0.749,0.693,11,-7.382,0,0.0419,0.635,0,0.135,0.961,104.605,4
spotify:track:2zu3NiHJk7FXoBu1yyEAyt,"The Promise","The Promise / I Found What I've Been Searching For","La'Verne Washington",2020-08-21,230521,0,false,1130795251,2020-09-22T21:06:08Z,"","Melodies International",0.682,0.97,6,-3.41,1,0.273,0.252,0.00000911,0.105,0.466,104.501,4
spotify:track:3wn1FxxNwEuB00AW96aZmX,"Human","Human","A Brief Encounter",2020-08-03,230906,0,false,1130795251,2020-09-22T21:14:19Z,"","Seventy Seven Records / GCM",0.644,0.701,10,-7.726,0,0.0528,0.621,0.00435,0.0515,0.912,94.364,4
spotify:track:4fXB6cXpHmFdt5fqfzegkO,"Mr. Magician - 2004 Digital Remaster","Full Moon","Mystic Merlin",2010-01-01,317386,36,false,1130795251,2020-10-15T20:21:33Z,"post-disco,boogie","Capitol Records",0.855,0.631,2,-8.494,0,0.145,0.289,0.0000761,0.266,0.95,113.287,4
spotify:track:0QVPq5yhjka12UWMItHAvk,"Funny Feeling","Funny Feeling","E.S. Funk",2020-10-02,208006,3,false,1130795251,2020-10-15T20:21:51Z,"","Athens Of The North",0.722,0.847,9,-10.041,1,0.0483,0.251,0.00392,0.321,0.847,115.39,4
spotify:track:3T8Ix3HQE1tBgZhosGk3x9,"We’ve Gotta Find A Way Back To Love","Hot Wax & Invictus - Most Sampled","Freda Payne",2009-12-07,186466,0,false,1130795251,2020-10-15T20:22:15Z,"northern soul,motown,classic soul","Demon",0.719,0.822,7,-6.674,1,0.145,0.255,0.000177,0.0655,0.859,96.783,4
spotify:track:3h3xm1CMDuFwZwHQED4scW,"Don't You Worry Baby The Best Is Yet To Come","Don't You Worry Baby The Best Is Yet To Come","Bessie Banks",1976-01-01,217062,24,false,1130795251,2020-10-15T20:22:19Z,"northern soul","Quality",0.522,0.714,5,-10.031,1,0.0385,0.489,0.00552,0.317,0.592,108.975,4
spotify:track:3gYSsID6uiHSHjaNXGP1R3,"Let's Sing a Song of Love","Patrice","Patrice Rushen",1978-10-17,221773,0,false,1130795251,2020-10-15T20:22:26Z,"post-disco,jazz funk,disco,funk","Strut",0.662,0.75,11,-10.251,1,0.0334,0.229,0.000159,0.0859,0.876,111.183,4
spotify:track:2M5nntrLrc77rrR73DMDAw,"Love Dream","Love Dream / High Voltage","Unity & The Downbeats",2020-10-02,272000,20,false,1130795251,2020-10-15T20:22:54Z,"","Fantasy Love Records",0.616,0.598,0,-12.926,0,0.0294,0.218,0.028,0.0879,0.966,100.308,4
spotify:track:3aWAzC4PfDyg4ywgDK66xz,"Come For the Ride","Yours Truly","Tom Browne",1981-03-01,284613,22,false,1130795251,2020-10-15T20:23:35Z,"jazz funk,post-disco,funk","Arista",0.693,0.789,4,-7.899,0,0.0653,0.102,0.404,0.0267,0.829,118.552,4
spotify:track:1oJJ17BXBytDzqaNrVDqrX,"The Only Thing I Could Wish For","Angie (Expanded Edition)","Angela Bofill",1978-01-01,263306,30,false,1130795251,2020-10-15T20:28:34Z,"quiet storm","Arista/Legacy",0.502,0.802,1,-7.749,1,0.0537,0.493,0.011,0.0519,0.891,90.895,4
spotify:track:43WdNWCjQvpBgjG6xp6yVU,"I'm A Sucker For Your Love","Wild And Peaceful","Teena Marie",1979-03-31,352440,38,false,1130795251,2020-10-15T20:34:37Z,"quiet storm,post-disco","Hip-O Select",0.669,0.878,5,-9.915,0,0.0789,0.194,0.0000165,0.125,0.882,115.928,4
spotify:track:4tUX1QyAUUBqGE3jcDMjLg,"Make It Last Forever","Inner Life","Inner Life",1981,440533,0,false,1130795251,2020-10-20T13:20:08Z,"post-disco,disco","Salsoul Records",0.597,0.422,0,-12.441,1,0.0386,0.13,0.00581,0.0862,0.777,101.627,4
spotify:track:0rhgyIctSw80gwLcwLoZTR,"Holdin' On (To Your Love)","Fire On Ice","Terry Callier",1978,258480,24,false,1130795251,2020-10-20T16:44:34Z,"northern soul","Rhino/Elektra",0.526,0.465,9,-12.022,0,0.107,0.559,0.000175,0.34,0.831,169.205,4
spotify:track:7wEGeUzpPNnHKfOtSgYjG4,"Hung Up On My Baby","Tough Guys","Isaac Hayes",2016-04-15,377639,54,false,1130795251,2020-10-20T16:44:41Z,"soul,classic soul,funk","Stax",0.678,0.695,4,-9.825,0,0.0284,0.181,0.635,0.0459,0.937,102.511,4
spotify:track:3MWBGTOUOBmfRx2L6i1bUv,"Dreamer - Shep Pettibone Short Vocal Version","Genie","The B. B. & Q. Band",1985,235960,0,false,1130795251,2020-10-20T16:44:49Z,"post-disco,disco,funk","Clock Records",0.797,0.705,1,-7.86,1,0.063,0.0427,0.000145,0.0627,0.901,108.993,4
spotify:track:27IMcFJ1lv1vFSoKu0qjEJ,"Warm Weather - 12"" Version","Pieces Of A Dream","Pieces Of A Dream",1981,246653,48,false,1130795251,2020-10-20T16:44:53Z,"smooth jazz,jazz funk,jazz","Rhino/Elektra",0.747,0.478,0,-15.356,1,0.0438,0.419,0.154,0.165,0.689,100.227,4
spotify:track:3W4SGteFjXd6lwW90LDsOJ,"You Can Do It (It's so Easy)","Darryl Payne: Past, Present & Future","Dino Terrell",2013-09-17,364367,6,false,1130795251,2020-10-23T09:36:23Z,"","Essential Media Group",0.782,0.713,7,-7.692,1,0.0615,0.179,0,0.561,0.882,106.375,4
spotify:track:4aorq1QquFTzWt2ECBRyhJ,"Bad Weather - Single Version","The '70s Anthology","The Supremes",2002-01-01,184893,19,false,1130795251,2020-10-26T23:18:15Z,"motown,northern soul,classic soul,soul","Motown",0.583,0.83,11,-8.042,0,0.0583,0.124,0,0.266,0.674,106.923,4
spotify:track:1rqocvk02zyGloC8UViT4D,"Put a Smile On Time","Rhythm Machine","Rhythm Machine",2009-03-31,234893,15,false,1130795251,2020-10-27T15:09:13Z,"","Now Again Records",0.64,0.568,1,-9.136,1,0.0427,0.566,0.00865,0.2,0.893,109.752,4
spotify:track:3ewSIbELMHq6650r2eJS0P,"Your Personal Touch - Edited Version","A Long Time Coming (Expanded Edition)","Evelyn ""Champagne"" King",1985-10-28,238757,35,false,1130795251,2020-10-30T10:15:57Z,"post-disco,disco,funk","Legacy Recordings",0.798,0.799,10,-8.763,0,0.0655,0.0895,0.0000691,0.0346,0.957,111.056,4
spotify:track:26kBtkZT0CAFLn7J0mLkNa,"Hold Tight","Closer","Gino Soccio",1994,318466,43,false,1130795251,2020-11-02T16:26:36Z,"italo disco,disco,post-disco,hi-nrg,chicago house","Rhino Atlantic",0.913,0.292,3,-16.416,1,0.0891,0.00365,0.00485,0.0445,0.891,120.017,4
spotify:track:2aRAMJUnzOF29tE2XBqI4V,"Hang Together","Legends","Odyssey",2005,359440,4,false,1130795251,2020-11-02T16:27:42Z,"disco,post-disco","RCA Camden",0.606,0.726,9,-7.07,0,0.0514,0.275,0.13,0.0635,0.924,114.574,4
spotify:track:3QVrHveKwEblqYStYJbNop,"Razzamatazz","The Dude","Quincy Jones;Patti Austin",1981-03-28,255800,50,false,1130795251,2020-11-09T22:15:23Z,"soul jazz,big band,quiet storm,yacht rock","A&M",0.835,0.478,7,-13.67,0,0.051,0.15,0.000434,0.0519,0.83,120.169,4
spotify:track:30jrv6U2pr2H4ObDu8UxYZ,"Gangsterboy","Gangsterboy","The Reality Band and Show",2015-06-08,230503,15,false,1130795251,2020-11-08T19:29:26Z,"","Athens Of The North",0.636,0.49,8,-9.34,1,0.0894,0.638,0,0.155,0.646,107.935,4
spotify:track:5xMP8h1v6DeS27XsmNUIs3,"Salsoul Rainbow","Anthology Vol. 1","The Salsoul Orchestra",1975,246533,0,false,1130795251,2020-11-09T20:27:47Z,"philly soul,disco,post-disco","Salsoul Records",0.727,0.65,1,-13.299,1,0.0388,0.00393,0.833,0.0762,0.751,124.459,4
spotify:track:18I7jf15GiKY6uRESzGooH,"Party & Get on Down - Full Length Mix","Party & Get on Down","Bab",2017-02-10,342706,1,false,1130795251,2020-11-17T23:25:23Z,"","Athens Of The North",0.708,0.723,4,-9.699,0,0.147,0.269,0.0425,0.106,0.633,108.65,4
spotify:track:3LXyOFcWlsoWOCykmBm4Ln,"Here We Go Again","We Got the Rhythm","People's Choice",1976,294213,15,false,1130795251,2020-11-18T21:46:33Z,"philly soul,disco,post-disco","Legacy Recordings",0.585,0.932,2,-6.978,1,0.0425,0.00177,0.416,0.23,0.705,130.068,4
spotify:track:3QDayMeDsnn2XegzduZdrd,"Take A Chance - 1979","The Letter (Digitally Remastered)","Queen Samantha",2006-01-20,455466,27,false,1130795251,2020-11-20T17:02:18Z,"disco,post-disco,hi-nrg,italo disco","Fifty five",0.729,0.842,1,-8.929,1,0.0532,0.193,0.706,0.255,0.846,116.424,4
spotify:track:2M2ukC9BFIrhtCsl55XGDA,"Disco Nights (Rock Freak) - 12"" Disco Remix","Disco Nights (Expanded Edition)","G.Q.",1979-01-01,521400,11,false,1130795251,2020-11-20T22:35:25Z,"disco,post-disco","Arista/Legacy",0.796,0.604,5,-10.909,0,0.0415,0.00708,0.0382,0.27,0.844,122.881,4
spotify:track:3AQVlrtgauHHSFUSKtBKX0,"יום האינדיאנים","בוא לריו","Yehudit Ravitz",1983-08-01,285440,0,false,1130795251,2020-12-01T13:37:36Z,"mizrahi","NMC United Entertainment Ltd.",0.696,0.608,1,-11.357,0,0.0422,0.355,0.0821,0.271,0.66,97.676,4
spotify:track:3XsqWD0OWRXMd7fbOCYgwK,"Just Me 'n' You","Your Love Is My Desire","Eramus Hall",2018-02-03,282600,0,false,1130795251,2020-12-02T16:13:17Z,"","Ace Records",0.594,0.549,10,-12.581,0,0.0659,0.0749,0,0.26,0.609,97.212,4
spotify:track:47GGZrDwauBzPoAAK7DVEb,"Love so Strong","Sisters of Soul; the Sweeter Voices of Soul","Lovelites",2012-12-15,190172,0,false,1130795251,2020-12-02T16:13:25Z,"northern soul","LSRA",0.548,0.67,1,-7.002,1,0.0526,0.03,0.0000127,0.0227,0.942,154.724,4
spotify:track:27cw426JHNFyjDomK7wLcY,"Do Your Dance - 2012 Remaster","Just How Sweet Is Your Love (2012 Remaster)","Rhyze",1980,281560,7,false,1130795251,2020-12-02T16:13:39Z,"post-disco,disco,disco house","Essential Media Group",0.696,0.781,6,-8.065,0,0.0884,0.0437,0.0844,0.0797,0.589,121.583,4
spotify:track:7rLO6L3D9NNtECEUa3Lou5,"Reachin’ Out (For Your Love) - 12” Vocal Mix","Do You Feel Like a Party? (Rare Singles - Memphis, 1979-84.)","Lee Moore",2017-03-25,451220,7,false,1130795251,2020-12-02T16:14:01Z,"Christian bluegrass,bluegrass,boogie","Past Due Records",0.804,0.774,10,-8.083,0,0.0559,0.0122,0.198,0.0453,0.936,124.658,4
spotify:track:0fe8ABoiVGgW0OUxzJWmNb,"Coming to You Live","Coming to You Live","Charles Earland",1980-04-01,375026,29,false,1130795251,2020-12-02T16:14:12Z,"jazz funk,soul jazz,hard bop,acid jazz,jazz fusion","Columbia/Legacy",0.679,0.841,10,-8.455,0,0.0507,0.102,0.0246,0.413,0.96,114.593,4
spotify:track:62An3Y3gXntHHVQYzEyFM1,"Never Gonna Fall in Love Again (Like I Fell in Love with You)","Never Gonna Fall in Love Again (Like I Fell in Love with You)","Diplomats Of Soul;Vanessa Haynes",2020-11-06,386244,5,false,1130795251,2020-12-02T16:15:53Z,"acid jazz,northern soul,hi-nrg","Expansion Records",0.693,0.861,7,-8.305,0,0.0618,0.0117,0.00198,0.0626,0.883,114.984,4
spotify:track:4lPZvYkNHItBoaHV2ndS00,"Maybe I Can Find It","So So Satisfied (Expanded Version)","Ashford & Simpson",1977-03-11,316226,4,false,1130795251,2020-12-02T16:36:15Z,"disco,post-disco","Altra Moda Music",0.596,0.82,7,-6.391,0,0.0842,0.665,0.000117,0.115,0.618,118.195,4
spotify:track:6ccs8Z4CZuihxPa9LxZioN,"Strung out on Your Love","Sittin' On It","Rivage",2020-07-24,427865,7,false,1130795251,2020-12-03T16:52:20Z,"","Athens Of The North",0.457,0.842,5,-6.264,1,0.0723,0.287,0.00000265,0.14,0.665,113.496,4
spotify:track:7zn1gpif2DHi9t9isA5Boe,"Funk By the Pound","Just 4 You","George Smallwood;Marshmellow Band",1980-08-29,414026,14,false,1130795251,2020-12-04T13:32:20Z,"funk,post-disco","Peoples Potential Unlimited",0.729,0.83,1,-9.536,1,0.12,0.436,0.233,0.0694,0.735,113.045,4
spotify:track:2UxQ5ZcEfXjMwIqZPdtUXY,"Heat You Up (Melt You Down) - Vocal","Heat You Up (Melt You Down)","Shirley Lites",1983-01-01,419402,0,false,1130795251,2020-12-06T10:28:41Z,"post-disco,chicago house,disco,disco house","West End Records",0.772,0.735,5,-7.705,0,0.0402,0.118,0.000396,0.0494,0.845,119.229,4
spotify:track:2VxBaSKDmZlUoOg0lnpt2f,"Party Down - Pt. 1","Party Down","Little Beaver",1974,196200,48,false,1130795251,2020-12-10T09:54:45Z,"soul","Rhino",0.775,0.47,5,-13.891,0,0.0372,0.275,0.0000101,0.301,0.961,127.384,4
spotify:track:7LRrz9pMF4c0U4goiZjZrJ,"It's Your Love","Luxury Soul 2017","Ethel Beatty",2017-01-13,239681,13,false,1130795251,2020-12-14T22:35:35Z,"","Expansion Records",0.431,0.713,3,-9.749,0,0.0466,0.325,0.00445,0.138,0.661,91.285,4
spotify:track:3DRyJ7FT8yCLtF0e6K5JeG,"Mama Used To Say","JI (Bonus Tracks Edition)","Junior",2012-01-01,401333,52,false,1130795251,2020-12-17T10:22:12Z,"post-disco","UMC (Universal Music Catalogue)",0.773,0.457,1,-12.504,0,0.0288,0.108,0.00035,0.0692,0.775,109.756,4
spotify:track:0JzJDpGwcV6oOyrKbUURHc,"Dare to Dream","Dare to Dream","Viola Wills",2008-08-12,448640,26,false,1130795251,2020-12-21T15:14:38Z,"disco,hi-nrg","Harlequin Recording Group",0.722,0.496,11,-13.94,0,0.0491,0.00842,0.207,0.109,0.445,96.847,4
spotify:track:2N2fIGWzmtCync0Sw5H1rQ,"Giving My Love","Meat Me Down The Disco (Mixed by Horse Meat Disco)","Janice McClain",2017-11-03,395560,0,false,1130795251,2020-12-21T15:15:42Z,"post-disco","Z Records",0.707,0.511,4,-11.24,0,0.0915,0.594,0.00438,0.108,0.67,107.806,4
spotify:track:604AqelY9jjn9flIP1CeJ0,"Body Music","A Night to Remember (Mixed By Tony Okungbowa & Jojoflores)","The Strikers",2012-05-01,207666,22,false,1130795251,2020-12-24T11:23:43Z,"post-disco,disco","UNIDISC MUSIC INC.",0.758,0.794,11,-6.718,1,0.0434,0.0106,0.0264,0.265,0.891,123.608,4
spotify:track:3rk8MsRBK3QG2ZFgYNfD3r,"I've Got My Mind Made Up","London","D-Influence",1997-01-01,347493,0,false,1130795251,2020-12-24T17:25:59Z,"acid jazz,jazz funk,uk r&b","Echo",0.688,0.619,5,-8.469,0,0.0454,0.0176,0.00103,0.53,0.525,82.92,4
spotify:track:2JpZ3Q9KCXZWuoz5PnsHPI,"Hold Me Tighter In the Rain","Be with Me","Billy Griffin",2014-12-19,329245,39,false,1130795251,2021-01-01T20:51:49Z,"post-disco,yacht rock","SMCMG",0.739,0.505,10,-11.993,0,0.0299,0.142,0.116,0.0745,0.511,102.737,4
spotify:track:2yzNqrykiRq4pwAlpe0bvL,"Searching to Find the One - Remix","Searching to Find the One","Unlimited Touch",1980,444106,37,false,1130795251,2021-01-02T15:40:17Z,"post-disco,disco,funk,boogie","UNIDISC MUSIC INC.",0.774,0.596,1,-13.534,0,0.0901,0.0102,0.0023,0.716,0.933,113.639,4
spotify:track:3Z7zgWmObUJD9mh4ZX1uBL,"Time Waits for No One","Jean Carn","Jean Carn",1977,255400,19,false,1130795251,2021-01-02T22:46:10Z,"philly soul,post-disco,classic soul,quiet storm","Legacy Recordings",0.529,0.82,1,-7.986,1,0.0503,0.00991,0.000199,0.12,0.953,117.343,4
spotify:track:4bfN5AO3zPBlIIgiTd7Wgt,"Better Things","Magic","Sylvia St. James",1980,286666,17,false,1130795251,2021-01-02T22:46:40Z,"post-disco","Rhino/Elektra",0.556,0.506,5,-16.613,0,0.0947,0.372,0.00000484,0.534,0.795,122,4
spotify:track:4jTXmhMv91Fq0ivNQDzhPh,"Space Talk","The Devil is Loose","Asha Puthli",1976-01-01,337320,36,false,1130795251,2021-01-14T13:43:34Z,"","CBS / Asha Puthli Inc.",0.638,0.432,10,-17.345,0,0.0754,0.142,0.019,0.213,0.693,98.932,4
spotify:track:3TFOWJpcPUaKmVfRXM3uoK,"Crazy","Forever by Your Side (Expanded Version)","The Manhattans",1983,294777,39,false,1130795251,2021-01-31T19:37:44Z,"philly soul,classic soul,motown","Columbia/Legacy",0.847,0.487,8,-12.124,0,0.064,0.0776,0.0000666,0.342,0.898,110.966,4
spotify:track:7K4mtEVr1eNGhDl2jwLHSF,"Choose Me","A Little Spice","Loose Ends",1984-01-01,277158,35,false,1130795251,2021-01-31T19:37:51Z,"post-disco,new jack swing","EMI Catalogue",0.802,0.343,7,-12.775,1,0.0766,0.147,0,0.0416,0.901,105.523,4
spotify:track:6IqKuXyRpNuIwJPyNiLA3n,"Another Man - 12"" Vocal","Another Man","Barbara Mason",1983-01-01,420693,0,false,1130795251,2021-02-06T15:56:02Z,"philly soul","West End Records",0.843,0.742,2,-3.464,1,0.0446,0.0557,0.0000174,0.107,0.505,111.734,4
spotify:track:6yILShLqSz0rShk5iLyz2R,"Brown Baby - Alternate Version","Touch Me In The Morning (Expanded Edition)","Diana Ross",1973-06-22,278333,25,false,1130795251,2021-02-09T13:49:43Z,"motown,disco","Hip-O Select",0.339,0.529,5,-10.192,0,0.0413,0.356,0.000401,0.527,0.571,84.511,4
spotify:track:4ADW3HBraqvlFcxRlcRyoK,"Do What You Wanna Do","Something For The Weekend","T-Connection",2006-02-27,437626,33,false,1130795251,2021-02-10T12:57:45Z,"post-disco,disco,funk","Parlophone UK",0.679,0.787,10,-9.365,0,0.0397,0.0437,0.253,0.0981,0.823,120.552,4
spotify:track:1aepkYPqLWGTCLnRGSRkRB,"Atmosphere Strut","Atmosphere Strut","Cloud One",1976,562626,26,false,1130795251,2021-02-10T12:59:50Z,"post-disco,disco","UNIDISC MUSIC INC.",0.63,0.808,7,-10.134,1,0.153,0.00122,0.00000109,0.151,0.86,117.02,4
spotify:track:0a7pMxQ17TNk6a1c4RNiLn,"You Can Get Over - 12"" Version","Feel The Fire: The 20th Century Collection","Stephanie Mills",2011-01-01,537453,20,false,1130795251,2021-02-10T13:12:57Z,"quiet storm,classic soul,post-disco","Hip-O Select",0.729,0.848,5,-4.273,0,0.077,0.0183,0.0801,0.381,0.659,135.144,4
spotify:track:5iVxHPyHVO7vWSDnRpNH5d,"Risin' to the Top","Changes (Expanded Edition)","Keni Burke",2014-06-27,313745,56,false,1130795251,2021-02-12T11:03:40Z,"post-disco","Legacy Recordings",0.729,0.54,0,-9.33,0,0.0606,0.189,0.000208,0.14,0.815,94.071,4
spotify:track:7iv0yhmDydsKLKjO63qmzy,"Keep On","The Best of D Train","D-Train",2006-01-01,399276,44,false,1130795251,2021-02-12T11:13:35Z,"post-disco,funk,boogie,disco","UNIDISC MUSIC INC.",0.766,0.915,6,-5.278,0,0.117,0.0544,0.000396,0.355,0.867,117.009,4
spotify:track:0obDZvuMLj9Nha43hxsSyj,"Keep It Hot","In Love (Expanded Edition)","Cheryl Lynn",1979,327240,9,false,1130795251,2021-02-19T10:32:46Z,"post-disco,disco","Columbia/Legacy",0.725,0.655,0,-11.127,1,0.0529,0.0889,0,0.0603,0.897,112.543,4
spotify:track:0WbnGUDwWjrHC656J2PcCI,"Believe In Love","Believe In Love","Teddy Pendergrass",2018-11-16,293439,10,false,1130795251,2021-02-23T14:46:23Z,"philly soul,quiet storm,classic soul,soul","Warner Music Group - X5 Music Group",0.652,0.91,7,-5.593,1,0.064,0.0598,0.00000318,0.0931,0.842,98.323,4
spotify:track:5c6kEAqXgW9wMyMp9QVfG9,"Free Blow - Dub Version (G&D Edit)","The Grasso Brothers Present We Know How to Boogie","T.B. Funk",2016-02-09,299935,11,false,1130795251,2021-02-25T15:59:39Z,"","BBE Music",0.816,0.701,0,-8.213,0,0.0434,0.152,0.824,0.0613,0.759,109.129,4
spotify:track:4x1hRbidqIigOMXBX1bHay,"I Love You More And More","Lifestyle2 - Soul Grooves Vol 2 (Budget Version)","Tom Brock",2009-01-01,243426,26,false,1130795251,2021-03-05T12:09:14Z,"","Universal Music Group International",0.511,0.683,8,-10.229,0,0.0847,0.123,0.00221,0.102,0.532,159.086,4
spotify:track:5ezYm2LkW25YhkkTp7bC9u,"You're Gonna Need Me","Just Being Myself","Dionne Warwick",1973,270200,45,false,1130795251,2021-03-06T15:17:46Z,"","Rhino",0.438,0.633,6,-11.798,0,0.0597,0.589,0.000135,0.185,0.746,167,4
spotify:track:0JHqJg8H2HLl66siJfFtdy,"Life's Just A Ballgame","Café Mambo Sunsets 2015","Womack & Womack",2015-07-31,228031,36,false,1130795251,2021-03-06T21:06:04Z,"","UMOD (Universal Music On Demand)",0.852,0.747,5,-10.824,0,0.0407,0.126,0.111,0.078,0.964,115.061,4
spotify:track:7IJSkHRCWMSzdhmjfBlK5H,"To Each His Own","Now","Patrice Rushen",1984,254400,0,false,1130795251,2021-03-06T21:14:18Z,"post-disco,jazz funk,disco,funk","Strut",0.906,0.379,5,-10.103,0,0.143,0.361,0.000109,0.0799,0.714,106.566,4
spotify:track:1nHryWqawoaAsdsR504E7h,"On My Own","Very Special","Debra Laws",1981,261173,26,false,1130795251,2021-03-13T20:01:25Z,"quiet storm","Rhino/Elektra",0.676,0.722,0,-8.187,1,0.0431,0.18,0.0439,0.0418,0.801,119.818,4
spotify:track:2My8rDfEZenLuNJEVGHccc,"Bump and Hustle Music","Tommy Stewart","Tommy Stewart",2003-07-22,303546,0,false,1130795251,2021-03-17T15:53:03Z,"","Luv N' Haight",0.812,0.886,9,-7.014,0,0.135,0.24,0.0678,0.048,0.966,100.562,4
spotify:track:3bUC0q9epzO8Qx9cglsSKJ,"Can't Get Away (from your love)","USA Dance Divas 1996","Carol Williams",2011-06-08,253000,10,false,1130795251,2021-03-22T13:45:17Z,"post-disco,philly soul,disco","Soul Concerts",0.893,0.763,3,-7.758,1,0.0819,0.326,0.0396,0.287,0.834,116,3
spotify:track:77S7fakes0QocSv7nSXOBx,"When I Come Home","Anthology Vol. 1","Aurra",1980,322560,0,false,1130795251,2021-03-22T13:51:16Z,"post-disco,boogie,funk","Salsoul Records",0.773,0.811,7,-9.867,1,0.0707,0.101,0.0268,0.0702,0.712,117.872,4
spotify:track:3H3LPlwNOoyk2qHXzpPKM6,"All I Need Is You","All I Need Is You","Starshine",1982-01-01,359000,28,false,1130795251,2021-03-23T13:25:28Z,"post-disco,funk,boogie","UNIDISC MUSIC INC.",0.71,0.522,7,-10.512,1,0.106,0.0139,0.00702,0.391,0.563,115.366,4
spotify:track:0KMKpvwqpEXY2ERbtRUqZQ,"Orange Grove","Back Street Brit Funk compiled by Joey Negro","Ransom McKenzie & Friends",2010-05-10,280986,0,false,1130795251,2021-03-25T09:34:11Z,"","Z Records",0.609,0.799,11,-11.916,0,0.0494,0.00542,0.798,0.212,0.725,131.421,4
spotify:track:5F7IulQfceXP3DUN7W6xrg,"Look Into My Eyes","Factory Dance","52nd Street",2011-10-24,414298,0,false,1130795251,2021-03-25T10:59:54Z,"post-disco,chicago house,italo disco","Strut",0.835,0.931,1,-6.269,0,0.0931,0.6,0.0281,0.0205,0.725,121.068,4
spotify:track:0v0zyqch9zGtEqQxQ4XIak,"Catch the Feelin - Showstopper","In the Red","Potion",2017-11-17,414081,0,false,1130795251,2021-03-25T11:28:02Z,"","Chuwanaga",0.727,0.845,11,-7.633,0,0.0661,0.389,0.2,0.0749,0.858,125.743,4
spotify:track:06tmL9OxahDjuuHBEX7mQl,"Stay","Alex Attias Presents Lillygood Party","Freeez",2018-05-04,370446,0,false,1130795251,2021-03-25T11:33:53Z,"post-disco,hi-nrg,jazz funk,chicago house","BBE Music",0.568,0.796,0,-7.905,1,0.0572,0.145,0.864,0.0973,0.733,125.752,4
spotify:track:6VUpMMMSuehLBBN4xyJ3XJ,"Getting Nasty","A Black Man's Soul","Ike Turner & The Kings Of Rhythm",1969-11-15,187973,0,false,1130795251,2021-04-01T11:33:39Z,"","Funky Delicacies",0.64,0.657,5,-7.83,1,0.0303,0.652,0.896,0.108,0.765,96.655,4
spotify:track:6JnXS180cpiyVgm6PEX7O9,"Each Second","What A Woman Needs","Melba Moore",1981-10-12,335200,14,false,1130795251,2021-04-03T08:31:05Z,"post-disco,disco,funk","EMI Music Special Markets",0.874,0.562,5,-10.354,0,0.0725,0.0125,0.00143,0.132,0.766,107.578,4
spotify:track:4MinlMFRawV1zIny2mN2JD,"You Make Me Feel - Mighty Real / Epilogue","Step II","Sylvester",1978-01-01,209225,23,false,1130795251,2021-04-03T11:33:10Z,"disco,hi-nrg,post-disco","Craft Recordings",0.538,0.264,5,-17.314,0,0.0373,0.935,0.566,0.609,0.293,85.021,3
spotify:track:3IiS3fVdtsMPSHsWBgDcFn,"Uptown","Dirty Mind","Prince",1980-10-08,332240,37,true,1130795251,2021-04-05T16:46:17Z,"funk rock,funk","Rhino/Warner Records",0.849,0.385,0,-14.398,1,0.0638,0.000406,0.376,0.0368,0.886,125.408,4
spotify:track:1OKoNXRPO48IDzvOxNr4gz,"From East to West","From East to West","Voyage",1977,426239,0,false,1130795251,2021-04-06T14:16:55Z,"disco","BMG Rights Mgmt France SARL",0.706,0.93,9,-5.751,0,0.041,0.000409,0.807,0.192,0.711,129.466,4
spotify:track:03WWKLmyguLY0cLbEuKOfN,"K-Jee","The Northern Soul Story Vol.2: The Golden Torch","The Nite-Liters",2007-07-30,248493,23,false,1130795251,2021-04-08T20:30:07Z,"northern soul,jazz funk","Sony Music Entertainment",0.817,0.628,1,-7.971,1,0.0453,0.502,0.48,0.0264,0.966,120.483,4
spotify:track:6XXotfkwww3q9CPjuUQ2Cn,"Anybody Wanna Party? - 12” Special New Disco Version","Love Tracks (Deluxe Edition)","Gloria Gaynor",1978-11-27,460893,10,false,1130795251,2021-04-09T10:13:57Z,"disco","Polydor",0.833,0.724,11,-8.254,1,0.0699,0.0144,0.0693,0.0653,0.827,119.068,4
spotify:track:6mTIuYungq1JXz2O9KHaIR,"Choosing You","Choosing You (Expanded Edition)","Lenny Williams",1977-05-12,372933,17,false,1130795251,2021-04-09T10:27:22Z,"quiet storm,classic soul","Geffen",0.543,0.566,6,-11.67,0,0.0386,0.00545,0.00134,0.161,0.723,130.127,4
spotify:track:3wX6XOBP0aajTW1WBCeuej,"The More I Get, the More I Want - Disco Version","The More I Get, the More I Want / Feed the Flame","Lorraine Johnson",1977-01-01,410461,7,false,1130795251,2021-04-11T13:12:21Z,"disco,post-disco","Unidisc Music Inc.",0.687,0.786,1,-11.376,1,0.0754,0.0613,0.000698,0.125,0.552,126.215,4
spotify:track:6siGs27FyMvWzFpdSLJCum,"Put Your Love On Me","It's So Delicious","Starpoint",2005-09-20,325413,1,false,1130795251,2021-04-12T09:50:42Z,"post-disco","Copyright Group",0.595,0.755,8,-5.593,0,0.324,0.274,0.0162,0.223,0.71,190.609,4
spotify:track:6BF1Ka1tDPCfNLOfUiiG3c,"Yes, I Love You","The Incredible Solomon Burke At His Best!","Solomon Burke",2002-01-01,301840,0,false,1130795251,2021-04-12T10:16:42Z,"soul,soul blues,classic soul,motown","Amherst Records, Inc.",0.74,0.752,11,-12.414,1,0.0439,0.0641,0.000231,0.368,0.925,134.778,4
spotify:track:41F97acqBc7aMzwD224kRR,"Beat the Street","Beat the Street: The Very Best of Sharon Redd","Sharon Redd",1989-01-01,375546,32,false,1130795251,2021-04-13T11:22:10Z,"post-disco,boogie,disco,chicago house","UNIDISC MUSIC INC.",0.836,0.711,7,-9.323,1,0.0884,0.0302,0.535,0.0837,0.482,117.909,4
spotify:track:4xszfqt8PgYvlljbQaKtca,"Another Man","Another Man","Barbara Mason",2011-06-01,414080,16,false,1130795251,2021-04-13T11:30:49Z,"philly soul","Music Manager",0.838,0.578,0,-10.7,1,0.0583,0.00676,0.0000392,0.109,0.863,111.987,4
spotify:track:7e176FKv7cq6SG9EXYMLoQ,"What Cha' Gonna Do for Me","What Cha' Gonna Do for Me","Chaka Khan",1981,234266,59,false,1130795251,2021-04-18T07:01:14Z,"","Rhino/Warner Records",0.684,0.64,5,-9.906,0,0.0309,0.221,0.0102,0.179,0.776,106.023,4
spotify:track:7L5IvIe7eIoAlIw9Oa9tqW,"What's the Use","Magnetik Soul, Vol. 7 (70's Soul Music Rare Tracks)","Tony Troutman",2010-06-20,193093,0,false,1130795251,2021-04-20T11:18:24Z,"zydeco,blues","Active Force Music Group",0.707,0.722,2,-5.85,1,0.0394,0.177,0,0.202,0.866,104.155,4
spotify:track:3eKSuOetZjf1IrPOpg60ul,"Dreamin'","SAM Records - Extended Play - 12"" Disco Classics","Greg Henderson",2008-06-30,455920,30,false,1130795251,2021-04-22T13:55:11Z,"post-disco,disco","Demon",0.772,0.633,0,-14.208,0,0.038,0.114,0.134,0.0336,0.962,116.412,4
spotify:track:1jR4bgFyL3ut5ExAKDDNEZ,"Native New Yorker - 12"" Disco Mix","Odyssey (Expanded Edition)","Odyssey",1977,336466,51,false,1130795251,2021-04-22T22:11:22Z,"disco,post-disco","RCA Records Label",0.462,0.884,0,-8.722,1,0.0984,0.0852,0.0484,0.798,0.551,106.395,4
spotify:track:5mYy5dzgXln1otSdy54scD,"Ain't It Time","Ain't It Time","Queen Yahna",1976-03-15,233693,18,false,1130795251,2021-04-25T11:27:47Z,"","P&P Records",0.616,0.788,10,-6.59,1,0.101,0.143,0,0.502,0.691,120.241,4
spotify:track:1VcweJc2YUgt631Gwr3wBw,"You Pulled A Switch","Switch","Switch",1978-01-01,240106,20,false,1130795251,2021-04-26T13:31:01Z,"quiet storm","UNI/MOTOWN",0.721,0.825,1,-9.487,1,0.0819,0.605,0.00268,0.334,0.902,115.626,4
spotify:track:6pkyY9QfK8mkJlmzi1jWed,"Get Down","Soul Cal","Freedom Express",2012-03-27,208626,27,false,1130795251,2021-04-26T13:32:55Z,"jazz funk","Now Again Records",0.545,0.62,2,-4.858,0,0.0532,0.0475,0.00223,0.105,0.698,101.375,4
spotify:track:5T3pKiZCEYMpmiJxpkmEZl,"Put Your Body In It - 12"" Version","Feel The Fire: The 20th Century Collection","Stephanie Mills",2011-01-01,362493,13,false,1130795251,2021-04-26T19:10:06Z,"quiet storm,classic soul,post-disco","Hip-O Select",0.754,0.759,5,-5.983,1,0.0733,0.213,0.0487,0.0405,0.856,117.762,4
spotify:track:3JmlR2BrcLhCnSnjGLoD11,"For Your Love","A Fantasy Love Affair","Peter Brown",1977,258653,18,false,1130795251,2021-04-27T19:58:42Z,"disco,post-disco","Rhino",0.588,0.341,1,-17.604,1,0.0291,0.0374,0.278,0.102,0.304,97.345,4
spotify:track:4CeGpN7yiopp9tus25nrvb,"Oooh, Baby","Oooh, Baby","Pamoja",2019-05-10,220588,38,false,1130795251,2021-04-27T20:11:45Z,"","Ice City Records",0.735,0.67,2,-11.859,1,0.0412,0.0671,0.00525,0.0787,0.889,100.966,4
spotify:track:1syiv4QSH3GQBRLQ9xYS6j,"Hustlin' (You Gotta Be Dancin')","Hangin' Heavy","Black Ivory",1979,353080,3,false,1130795251,2021-04-27T21:41:10Z,"post-disco,philly soul","RCA/Legacy",0.659,0.862,5,-11.248,0,0.0517,0.351,0.000117,0.371,0.765,115.924,4
spotify:track:3aelwc0W1Miy4z8KlPweIJ,"Getting Next To You","Getting Next To You","Randolph Baker",2018-06-29,329079,0,false,1130795251,2021-05-04T17:22:38Z,"","Kalita Records",0.468,0.834,10,-8.923,0,0.115,0.0274,0.00000151,0.249,0.68,114.993,4
spotify:track:1Nua2xyZW3EVJPevZMRobv,"All About The Paper","Passionate Breezes: The Best Of The Dells 1975-1991","The Dells;Bill Bradley",1995-01-01,434200,0,false,1130795251,2021-05-14T10:05:32Z,"northern soul,doo-wop,classic soul,philly soul,motown","Island Records",0.679,0.687,6,-10.967,1,0.0776,0.00976,0.00000418,0.0343,0.749,120.62,4
spotify:track:4AFi5Rsdcg0fsmOuoG1v1G,"At Midnight","Something For The Weekend","T-Connection",2006-02-27,584149,35,false,1130795251,2021-05-14T10:29:14Z,"post-disco,disco,funk","Parlophone UK",0.822,0.865,0,-8.387,1,0.0834,0.0273,0.409,0.0313,0.904,117.151,4
spotify:track:3XVArphWCaPIQlk9uYtvXn,"Sing Sing","Gaz","Gaz",1978-01-01,435130,0,false,1130795251,2021-05-15T11:25:26Z,"breakbeat,baltimore club","Salsoul Records",0.923,0.44,7,-16.587,1,0.0906,0.034,0.00288,0.0625,0.85,113.631,4
spotify:track:2e2Aj8SGcHQh81qGbziduB,"On the Beat","The Brooklyn, Bronx & Queens Band","The B. B. & Q. Band",1981-02-10,357760,0,false,1130795251,2021-05-21T09:55:20Z,"post-disco,disco,funk","New Fresh Records",0.788,0.79,8,-7.899,0,0.0591,0.157,0.0000939,0.0895,0.875,119.573,4
spotify:track:1uOgZkPPwGgya04nRoM1wy,"Liquid Love","Virgin Ubiquity II","Roy Ayers;Sylvia Cox",2018-12-01,286533,46,false,1130795251,2021-05-24T19:48:13Z,"jazz funk,acid jazz,funk","BBE Music",0.463,0.6,10,-6.968,0,0.0259,0.0812,0.0437,0.036,0.652,82.623,4
spotify:track:37LYqkzhgZcD3Gqdpg060Y,"What You Did","Naughty","Chaka Khan",1980-01-01,239666,29,false,1130795251,2021-05-28T09:25:04Z,"","Rhino/Warner Records",0.696,0.839,2,-6.907,0,0.0558,0.359,0.00206,0.0591,0.86,109.001,4
spotify:track:0ou5jf3vDXUnTwMH3o55oh,"Play It for Me (One More Time)","Fantasy","Aquarian Dream",1978,270613,15,false,1130795251,2021-05-28T09:25:49Z,"jazz funk,post-disco,northern soul","Rhino/Elektra",0.796,0.87,11,-8.83,0,0.107,0.616,0.00666,0.158,0.771,107.793,4
spotify:track:0v4egdh8VaoOzNRI0Qu3xl,"Reach Out","Guardian of the Light (Expanded Edition)","George Duke",1983,297333,49,false,1130795251,2021-05-28T09:30:34Z,"jazz funk,jazz fusion,smooth jazz,funk","Legacy Recordings",0.814,0.645,2,-8.912,0,0.0377,0.0924,0.00398,0.3,0.96,112.757,4
spotify:track:1gN4FXvfrVOqJSWh20BPBK,"Brazilian Love Affair","Brazilian Love Affair (Expanded Edition)","George Duke",1979-05-01,443666,27,false,1130795251,2021-05-28T09:31:07Z,"jazz funk,jazz fusion,smooth jazz,funk","Legacy Recordings",0.605,0.704,5,-11.917,1,0.04,0.0578,0.333,0.0887,0.847,128.198,4
spotify:track:0vtrQJlToMnHxKJYtqTHaD,"I Want You for Myself","Master Of The Game","George Duke",1979,398106,30,false,1130795251,2021-05-28T09:31:46Z,"jazz funk,jazz fusion,smooth jazz,funk","Epic",0.787,0.54,0,-11.788,1,0.0327,0.0366,0.0267,0.0321,0.961,120.345,4
spotify:track:5cXFnZmxsPswg3h9CnHpyo,"I Love You More","Master Of The Game","George Duke",1979,186333,35,false,1130795251,2021-05-28T09:32:40Z,"jazz funk,jazz fusion,smooth jazz,funk","Epic",0.748,0.564,6,-12.131,0,0.0322,0.295,0.00013,0.0699,0.974,124.296,4
spotify:track:0wn1zutdePYlXV0H8WfQGn,"Back to Love","Get Loose","Evelyn ""Champagne"" King",1982-06-26,312066,42,false,1130795251,2021-06-03T20:06:51Z,"post-disco,disco,funk","RCA Records Label",0.882,0.722,4,-4.826,0,0.0311,0.107,0.00000209,0.0779,0.925,115.326,4
spotify:track:7zNrZGkSHfUHbONLJoAfQX,"Plain Out of Luck","Your Love Is a Life Saver","Gayle Adams",1992-01-01,455293,25,false,1130795251,2021-06-03T21:05:45Z,"post-disco,disco,funk,boogie","UNIDISC MUSIC INC.",0.774,0.574,8,-14.48,1,0.12,0.00126,0.00887,0.0906,0.706,120.585,4
spotify:track:6mTIL6tMFkfFteckV6Uq0J,"Never Let Go","Never Let Go","Eastbound Expressway",2007-06-19,360827,9,false,1130795251,2021-06-04T11:00:56Z,"hi-nrg,chicago house,post-disco","One Media Publishing",0.81,0.505,3,-16.434,1,0.102,0.0599,0.741,0.319,0.774,112.304,4
spotify:track:4CdIElRxsKNHa5WEwAHpgA,"I'll Keep My Light in My Window - 12"" Version","Make Every Day Count (Expanded Edition)","The New York Community Choir",2015-02-20,362517,26,false,1130795251,2021-06-04T11:01:18Z,"post-disco,disco","Legacy Recordings",0.795,0.818,11,-6.156,1,0.0649,0.0749,0.0000812,0.0958,0.967,113.657,4
spotify:track:7BaZbyP7GJMrDQAue0ELFq,"Inside Out - 12"" Version","Happy Together (Expanded Edition)","Odyssey",1982-05-01,379226,36,false,1130795251,2021-06-05T22:27:18Z,"disco,post-disco","RCA/Legacy",0.725,0.713,7,-9.699,1,0.0645,0.274,0.000023,0.069,0.875,111.788,4
spotify:track:2wlZnzy0mLhxI5COBrEDCD,"Doing Our Thing with Pride","Psychemagik Presents: Magik Sunset, Pt. 1","Al Dos Band",2015-04-27,265906,0,false,1130795251,2021-06-07T21:25:18Z,"","Leng Records",0.522,0.756,11,-6.21,1,0.0367,0.0123,0.000136,0.0458,0.708,94.912,4
spotify:track:2uviDBbSGxLXvhxZXgnrTl,"You're The Best","Sincerely","The Emotions",1984,378733,13,false,1130795251,2021-06-14T09:44:18Z,"motown,disco","Expansion Records",0.861,0.633,1,-11.995,1,0.125,0.177,0.0398,0.0831,0.894,105.06,4
spotify:track:7fYozX6MaNmfHoGW7bFTdK,"Do You Love What You Feel","Masterjam","Rufus & Chaka Khan",1979-01-01,269306,58,false,1130795251,2021-06-15T10:24:21Z,"funk,classic soul","Geffen*",0.808,0.773,11,-11.4,1,0.0365,0.022,0.0436,0.654,0.893,119.944,4
spotify:track:0gAifiyDL021NgxrK6cbFa,"Maybe What You Do Comes Back on You","First Flight","Crystal Winds",1982-12-22,229743,14,false,1130795251,2021-06-15T13:01:07Z,"","Athens Of The North",0.399,0.381,11,-15.542,1,0.0424,0.572,0.0292,0.15,0.38,119.73,4
spotify:track:0rEqoKxL9HGRRvtsQygeZn,"Portuguese Love - Remastered 2002","It Must Be Magic (Remastered 2002 / Expanded Edition)","Teena Marie",1981-05-14,469173,57,false,1130795251,2021-06-15T13:05:33Z,"quiet storm,post-disco","UNI/MOTOWN",0.466,0.573,9,-12.304,0,0.0793,0.142,0,0.0871,0.671,140.643,4
spotify:track:1cf5meqmJoYHzRY7nelvKl,"Dance to Freedom","The Grasso Brothers Present We Know How to Boogie","Sherman Hunter",2016-02-09,493694,7,false,1130795251,2021-06-18T10:18:38Z,"","BBE Music",0.664,0.632,7,-8.973,0,0.0605,0.228,0.00347,0.246,0.92,124.227,4
spotify:track:35Exhg9anGJsbCHJfLKwbu,"I Like It That Way","II","Inner Life",1982-01-01,270933,0,false,1130795251,2021-06-18T10:37:56Z,"post-disco,disco","Salsoul Records",0.732,0.677,8,-8.873,0,0.0533,0.00634,0.0222,0.421,0.732,114.706,4
spotify:track:66i1lieIMso7ef4P7KdWcE,"You're the One for Me","You're the One for Me","D-Train",1982-01-01,309013,55,false,1130795251,2021-06-18T10:43:19Z,"post-disco,funk,boogie,disco","UNIDISC MUSIC INC.",0.784,0.781,6,-6.694,0,0.0856,0.0512,0.00255,0.263,0.69,119.898,4
spotify:track:0s6v309crhldv2e8RKWmek,"Need To Know You (Better)","Motown Disco","Finished Touch",2005-01-01,326893,2,true,1130795251,2021-06-20T19:52:23Z,"motown","UMC (Universal Music Catalogue)",0.722,0.565,5,-8.818,0,0.0703,0.227,0.00000893,0.0458,0.858,120.017,4
spotify:track:0taRW8bPp2xW6ewm6PDMTZ,"I Thought It Was You","Sunlight","Herbie Hancock",1978-06,538743,41,false,1130795251,2021-06-20T09:21:44Z,"jazz,jazz fusion,jazz funk,hard bop,cool jazz","Columbia",0.729,0.787,1,-11.38,1,0.047,0.394,0.0514,0.112,0.717,116.21,4
spotify:track:3jK0yU6Z6qK2pIEo2I828a,"Peace","The Greetings of Peace","The Futures",1980,255453,2,false,1130795251,2021-06-21T10:59:23Z,"philly soul,northern soul","Legacy Recordings",0.492,0.59,11,-10.047,0,0.0618,0.0695,0.0000105,0.112,0.732,124.889,4
spotify:track:2oaI5Gv0XL6TjfoHBKqUUF,"Dance To Freedom","Twelve Inch Disco Classics from the 70s, Vol. 6","Sherman Hunter",2014-05-13,493946,0,false,1130795251,2021-06-21T12:50:24Z,"","Henry Stone Music USA, Inc.",0.644,0.651,0,-7.22,1,0.0921,0.09,0.000936,0.132,0.802,124.16,4
spotify:track:3HyEuAwiOo0gOxEjf6kmPT,"Can't Give You Up - Remastered","Classic Masters","Rene & Angela",2002-01-01,229893,8,false,1130795251,2021-06-22T06:57:56Z,"quiet storm,post-disco,classic soul","Capitol Records",0.667,0.875,0,-5.362,1,0.0654,0.157,0.00000291,0.325,0.756,92.831,4
spotify:track:2FIg6xcdt6DJD3vG9N37q7,"Let Me Down Easy - Long Version","Let Me Down Easy","Rare Pleasure",1976-06-07,280893,0,false,1130795251,2021-06-22T18:29:47Z,"disco,northern soul","Good Time Records",0.644,0.831,0,-8.263,1,0.0359,0.012,0.101,0.101,0.819,128.755,4
spotify:track:0lJl2JBnbVBpyLVlHIqcTb,"Superfine Feeling","Superfine Feeling","Rare Pleasure",2021-03-26,651533,0,false,1130795251,2021-06-22T18:30:27Z,"disco,northern soul","Good Time Records",0.692,0.715,7,-7.514,1,0.0834,0.0744,0.00307,0.473,0.836,125.699,4
spotify:track:3rfhIm1apTxpYzZvIgQjL8,"Rockin' After Midnight","Midnight Love","Marvin Gaye",1982-10-01,363560,37,false,1130795251,2021-06-29T14:18:37Z,"motown,classic soul,soul,northern soul,quiet storm","Columbia/Legacy",0.789,0.721,3,-7.55,0,0.0376,0.157,0.0000261,0.132,0.616,125.192,4
spotify:track:7IrMIHxqOAhrVfZK4gzSQa,"Outside In The Rain - Remix","The Ultimate Collection: Gwen Guthrie","Gwen Guthrie",1999-01-01,431572,14,false,1130795251,2021-07-02T10:15:51Z,"post-disco,disco","Mercury Records",0.862,0.849,7,-6.541,0,0.0762,0.00699,0.449,0.0683,0.72,115.107,4
spotify:track:2HZSuNCTbW4Sla4FQbEum5,"Trip to Your Mind","Back Street Brit Funk compiled by Joey Negro","Hudson People",2010-05-10,589453,0,false,1130795251,2021-07-04T14:16:14Z,"disco,jazz funk","Z Records",0.567,0.567,5,-13.984,0,0.0374,0.0939,0.463,0.104,0.75,133.778,4
spotify:track:4ILPD6ooQV7Sm7mxkJdV8Z,"Stop And Make Up Your Mind","Eccentric Disco","Arnie Love & The Lovelettes",2021-06-25,354106,2,false,1130795251,2021-07-06T09:37:56Z,"","Numero Group",0.801,0.613,7,-8.11,1,0.0865,0.0347,0.000216,0.162,0.866,128.841,4
spotify:track:15zBegPB43EekO2ucc75rW,"Go For It","Eccentric Disco","Spirit of Brotherhood",2021-06-25,373426,9,false,1130795251,2021-07-06T10:03:39Z,"","Numero Group",0.873,0.781,10,-8.749,1,0.0562,0.00985,0.00157,0.0284,0.935,118.696,4
spotify:track:4dn4fNQwoooG1RzeVgPbzI,"Shake Your Chic Behind","Eccentric Disco","Stephen Colebrooke",2021-06-25,189715,7,false,1130795251,2021-07-06T10:03:54Z,"yacht rock","Numero Group",0.652,0.762,5,-11.22,1,0.056,0.111,0.757,0.417,0.68,122.681,4
spotify:track:7elbRtyXWkpL3DKGrClOjb,"Magic","Circle City Band","Circle City Band",2012-11-20,401133,0,false,1130795251,2021-07-07T10:09:30Z,"post-disco,boogie","Luv N' Haight",0.705,0.849,0,-6.979,1,0.109,0.0137,0.000071,0.109,0.742,110.627,4
spotify:track:1VyzLNcRqpVaEhbqjYOPdF,"Hang Together","Hang Together (Expanded Edition)","Odyssey",1980-03-01,360360,40,false,1130795251,2021-07-09T14:51:05Z,"disco,post-disco","RCA/Legacy",0.661,0.576,9,-11.12,0,0.0405,0.263,0.0767,0.0907,0.929,114.335,4
spotify:track:6QXoo3gKDFKptr27OSSGmC,"Keep That Same Old Feeling","Those Southern Knights","The Crusaders",1976-01-01,338133,42,false,1130795251,2021-07-09T14:51:14Z,"jazz funk,jazz fusion,smooth jazz,soul jazz","Verve",0.644,0.474,5,-16.133,0,0.0392,0.427,0.0107,0.0799,0.921,104.07,4
spotify:track:00WAM6R8S3LfACrhw6g5k4,"Listen","Listen","Little George n' The Mixed Generation",2016-05-27,196527,6,false,1130795251,2021-07-12T14:18:20Z,"","AOE",0.597,0.682,1,-9.427,1,0.0436,0.326,0.316,0.206,0.707,121.04,4
spotify:track:2tUB8ENnsZP61qCn6rHNpT,"Lost in Space (edit)","Lost in Space","Shake",2013-10-21,223650,18,false,1130795251,2021-07-12T14:22:37Z,"","Soul Spectrum",0.7,0.485,11,-13.386,0,0.0463,0.189,0.0434,0.139,0.444,115.909,4
spotify:track:16eL3Zw084d3CjDTaP8Xdf,"I Heard the Voice of Music Say","Sunbear","Sunbear",1977-01-01,303880,38,false,1130795251,2021-07-12T15:27:32Z,"jazz funk","UNIDISC MUSIC INC.",0.718,0.875,7,-9.784,1,0.0434,0.0395,0.338,0.0524,0.688,113.758,4
spotify:track:4IZPsdALrh2hIyguFZUOQg,"A Better Day","The Grasso Brothers Present We Know How to Boogie","Sharon Johnson",2016-02-09,202305,3,false,1130795251,2021-07-13T09:32:40Z,"funk gospel","BBE Music",0.691,0.756,5,-8.891,1,0.04,0.423,0.00000273,0.176,0.893,106.824,4
spotify:track:0m3NMRrPDFKlJKpVRsEGbl,"It's A Better Than Good Time - Walter Gibbons Mix","The Blank Generation - Blank Tapes NYC 1971 - 1985","Gladys Knight;Walter Gibbons",2010-02-01,410850,16,false,1130795251,2021-07-14T11:01:41Z,"","Strut",0.752,0.782,10,-8.019,0,0.0401,0.0125,0.00165,0.0379,0.764,118.385,4
spotify:track:5uYe0KTfBNCZGhPRl9jn2V,"Hardly Need to Say","Beauty: A Journey Through Jeremy Underground's Collection","June Evans",2016-09-09,264906,17,false,1130795251,2021-07-15T07:14:24Z,"","Spacetalk",0.68,0.649,9,-7.681,0,0.0545,0.751,0.000656,0.0974,0.678,109.368,4
spotify:track:092DrCBClrutQ5n8JWq9zO,"Treasure Mind","Treasure Mind / U.R","Trace of Smoke",2013-12-23,175571,5,false,1130795251,2021-07-15T09:56:34Z,"","Soul7",0.52,0.746,4,-9.626,0,0.266,0.0247,0.0376,0.111,0.784,218.173,4
spotify:track:45muf22QzSyKwsF4l3IcwJ,"Searching","Vibrations","Roy Ayers Ubiquity",1976,240920,56,false,1130795251,2021-07-15T14:18:24Z,"jazz funk","Verve Reissues",0.468,0.76,4,-7.304,0,0.0529,0.535,0.0000081,0.0912,0.472,168.963,4
spotify:track:3HER2Njuttsq8Qs8sn2G1Y,"On The Beat - Full Length Album Mix","The B. B. & Q. Band","The B. B. & Q. Band",1981,357720,47,false,1130795251,2021-07-16T10:22:44Z,"post-disco,disco,funk","Clock Records",0.785,0.787,8,-7.886,0,0.0594,0.14,0.000118,0.15,0.864,119.576,4
spotify:track:2JgBVzKUpiMSxPb4H9tbQV,"Rock Creek Park","City Life","The Blackbyrds",1975,278000,47,false,1130795251,2021-07-16T10:50:54Z,"jazz funk,funk","Fantasy Records",0.748,0.761,2,-10.871,1,0.0619,0.148,0.004,0.0746,0.654,110.708,4
spotify:track:6RGWSfQohHKsZahRJWDOU4,"Messin' With My Mind","Gap Band I","The Gap Band",1979-01-01,240533,0,false,1130795251,2021-07-18T13:31:24Z,"funk,quiet storm","Universal Music Group International",0.575,0.728,1,-6.938,0,0.0792,0.213,0.00656,0.897,0.739,105.468,4
spotify:track:75OZLfMsrI9RQwDGaVEmMH,"Runnin'","All 'N All","Earth, Wind & Fire",1977-11-21,351914,40,false,1130795251,2021-07-18T21:33:41Z,"funk,disco","Columbia",0.502,0.917,4,-9.323,0,0.0858,0.335,0.849,0.101,0.607,122.46,4
spotify:track:6KsCG32cHSGr8HWott2Lwo,"Standing Right Here","A Portrait of Melba (Bonus Track Version)","Melba Moore",2014-02-14,417600,30,false,1130795251,2021-07-19T13:52:24Z,"post-disco,disco,funk","Legacy Recordings",0.845,0.594,11,-12.103,0,0.0533,0.106,0.00612,0.088,0.966,107.374,4
spotify:track:5LcLFfjNyZPY6cxaT9GD5B,"Summer Groove","Joey Negro presents It's A Summer Groove Vol.1","The Joneses",2009-07-20,515680,29,false,1130795251,2021-07-22T10:21:54Z,"northern soul,philly soul,post-disco","Z Records",0.694,0.806,5,-9.073,0,0.0568,0.125,0.116,0.373,0.934,126.587,4
spotify:track:551w82lni7bcIRJo9qHJBI,"Burnin' Up","Fitness Fiestas","Imagination",2012-09-12,294560,0,false,1130795251,2021-07-23T10:13:18Z,"post-disco,disco","Sound and Vision",0.754,0.744,2,-11.393,1,0.0436,0.119,0.0759,0.0911,0.601,113.934,4
spotify:track:61dBtO1jL0GMmtv2HtkQoB,"Flying High - Remastered","Southern Freeez / Variations on a Theeem","Freeez",2020-06-19,329866,0,false,1130795251,2021-08-01T20:33:51Z,"post-disco,hi-nrg,jazz funk,chicago house","Beggars Banquet",0.667,0.713,2,-13.695,1,0.044,0.0482,0.65,0.0847,0.559,130.731,4
spotify:track:3FC3hd0yOESKsV4Jy0b2P2,"Let's Rock","A Little Spice","Loose Ends",1984-01-01,298596,16,false,1130795251,2021-08-03T15:40:26Z,"post-disco,new jack swing","EMI Catalogue",0.823,0.567,7,-12.647,1,0.0811,0.249,0.00359,0.0552,0.808,120.277,4
spotify:track:0OmXNiWR8VZCsx2GfwpvCO,"Wear It Out","The Changing Of The Gard","Stargard",1979,317933,43,false,1130795251,2021-08-04T18:20:39Z,"post-disco,disco,funk","Rhino/Warner Records",0.755,0.709,6,-12.393,0,0.0336,0.0209,0.105,0.0339,0.969,124.062,4
spotify:track:1oYGDdIlbULseivif0Afu0,"Far Out","Do It Your Way","Crown Heights Affair",1976-04-12,381560,0,false,1130795251,2021-08-09T13:16:37Z,"post-disco,disco","Sanctuary Records",0.535,0.976,6,-6.415,1,0.0652,0.0165,0.346,0.0342,0.825,123.64,4
spotify:track:49s3vsplHRM2TOOrhnanub,"L.A.NIGHT","GRAVY","Yasuko Agawa",2017-08-23,333413,30,false,1130795251,2021-08-09T15:50:19Z,"city pop,j-r&b","Victor",0.79,0.64,11,-6.993,0,0.0477,0.466,0.378,0.0652,0.904,99.591,4
spotify:track:7oO2q6zK3W7bg5oeSpq9gR,"Have Some Fun","Greatest Hits","B.T. Express",2017-03-27,319800,20,false,1130795251,2021-08-09T15:51:38Z,"funk,post-disco,disco","Roadshow Records",0.799,0.801,9,-10.019,1,0.0596,0.245,0.00000956,0.368,0.922,109.679,4
spotify:track:4RlFZwEw7lioSWuNAdqseV,"Love Is Gonna Be On Your Side - U.S. Remix","Firefly (Original Album and Rare Tracks)","Firefly",1980,428066,27,false,1130795251,2021-08-09T18:21:14Z,"italo disco,post-disco","New Fresh Records",0.794,0.879,4,-9.07,1,0.0629,0.248,0.0102,0.0609,0.495,113.118,4
spotify:track:3G0d5Kw4a2B5kikR2qNPHb,"Dyin' to Be Dancin'","Dyin' to Be Dancin'","Empress",1982-01-01,422120,32,false,1130795251,2021-08-13T09:42:25Z,"post-disco,disco","UNIDISC MUSIC INC.",0.781,0.575,5,-9.881,1,0.187,0.00132,0.68,0.152,0.865,107.994,4
spotify:track:1lYCmnucH0yo2XGzd2h57r,"Message In Our Music","Message In The Music","The O'Jays",1976-01-01,380160,33,false,1130795251,2021-08-16T10:06:10Z,"philly soul,classic soul,motown,quiet storm,soul","Legacy Recordings",0.668,0.774,5,-7.001,1,0.0468,0.149,0.0000434,0.254,0.771,128.317,4
spotify:track:0yfgbWLgDbj2Ax2puQ5SgY,"You've Got the Floor","You've Got the Floor - Single","Arthur Adams",1981-07-01,357457,22,false,1130795251,2021-08-16T18:36:49Z,"motown","Cleopatra Blues",0.758,0.737,11,-7.987,1,0.044,0.0915,0.044,0.0635,0.924,115.88,4
spotify:track:6mGaaFB1NykbXbo059VrtR,"Diamond Ring - 2014 Remastered Version","Diamond Ring (2014 Remastered Version)","Billy Nichols",1980-01-01,476316,0,false,1130795251,2021-08-18T15:06:16Z,"post-disco,disco","West End Records",0.737,0.716,5,-12.842,0,0.054,0.0355,0.0000943,0.0945,0.773,134.561,4
spotify:track:54Fm4nuF6jOc5V8uyaFeEB,"Safari","Twelve Inch Disco Classics from the 70s, Vol. 6","Modern Sound Corporation",2014-05-13,455973,5,false,1130795251,2021-08-20T10:01:12Z,"","Stone Music Family, LLC",0.724,0.871,5,-6.629,0,0.0342,0.0698,0.142,0.12,0.88,130.897,4
spotify:track:6H3zJCe2XurSqWvfRhAIW6,"(You've Got) That Something","Logg","Logg",1981-01-01,340893,0,false,1130795251,2021-08-22T18:55:32Z,"post-disco,boogie,disco","Salsoul Records",0.669,0.879,0,-12.255,1,0.0397,0.0417,0.0000024,0.0818,0.785,116.415,4
spotify:track:5YwhqHBJStMbGdlm334WiZ,"We Had Enough","Invisible Wind","Arnie Love & The Lovelettes",1980-01-01,336773,0,false,1130795251,2021-08-20T10:07:53Z,"","Numero Group",0.794,0.766,0,-7.024,1,0.0584,0.0397,0.0000593,0.105,0.962,127.059,4
spotify:track:2bflwesbh5cKt0d9CxXPO7,"Dance Freak","Dance Freak","Chain Reaction",1980-03-15,407906,22,false,1130795251,2021-08-20T10:14:02Z,"post-disco","P&P Records",0.573,0.893,11,-8.056,0,0.146,0.00538,0.0697,0.231,0.707,121.651,4
spotify:track:7joFZr4bgXEGyKOqswLpGd,"First True Love Affair - Larry Levan Remix","First True Love Affair","Jimmy Ross",1981-12-20,428026,43,false,1130795251,2021-08-22T07:13:13Z,"post-disco,disco,italo disco","Full Time Production",0.819,0.615,9,-9.957,0,0.0717,0.0317,0.25,0.0777,0.877,118.198,4
spotify:track:4PAzOO1CPnWXPBiqPkfkGP,"What Goes Up","Sexy Italy: Italo-Disco & Electro Rarities, Vol. 1 (1978-1988)","The Love Bite",2020-12-18,355169,0,false,1130795251,2021-08-22T18:57:04Z,"","Stratosphere Records",0.809,0.762,7,-8.081,1,0.084,0.498,0.008,0.613,0.837,119.843,4
spotify:track:3wR4yRsvNdxrLvLEcyVDwW,"I Forgot How To Love You","Down To Earth","The Cool-Notes",2009-12-14,415640,0,false,1130795251,2021-08-22T18:57:54Z,"post-disco,boogie,lovers rock","GAP Music",0.833,0.432,8,-12.895,1,0.214,0.0595,0.152,0.0692,0.694,117.428,4
spotify:track:4AwugWpoeZch7QSVC3SwMk,"Don't Depend On Me","Time Machine","Direct Drive",1982,265213,18,false,1130795251,2021-08-22T19:01:27Z,"jazz funk,post-disco","Oval Sounds LLP",0.743,0.928,8,-8.301,1,0.0386,0.0409,0.00262,0.0476,0.908,116.792,4
spotify:track:6m1QiKyHYeynIotqQ71Vlj,"So Much to Talk About","No Time Like Now","Philly Cream",1980-01-01,287600,2,false,1130795251,2021-08-22T19:02:02Z,"philly soul","UNIDISC MUSIC INC.",0.788,0.438,8,-15.433,0,0.151,0.129,0,0.0932,0.937,114.231,4
spotify:track:0CCL62g05IWcMruWqzCbis,"Darling Come Back Home","I Am Your Woman, She Is Your Wife","Barbara Mason",1978-01-01,301120,41,false,1130795251,2021-08-22T19:07:36Z,"philly soul","UNIDISC MUSIC INC.",0.61,0.602,7,-9.613,1,0.0953,0.000224,0.00000129,0.0769,0.725,96.014,4
spotify:track:30YPmX59uhtxYD3E1rDOkc,"Starchild - Remix / Long Version","Level 42","Level 42;Paul Staveley O'Duffy",1981,401146,22,false,1130795251,2021-08-24T10:10:56Z,"synthpop","UMC (Universal Music Catalogue)",0.715,0.841,8,-8.813,0,0.0373,0.253,0.507,0.032,0.942,114.362,4
spotify:track:4ma32vicf8MBqmX8SK0KPx,"Something That You Got - Real Hot","In the Red","Congress",2017-11-17,303890,0,false,1130795251,2021-08-24T11:03:40Z,"metalcore,hardcore,hardcore punk","Chuwanaga",0.644,0.73,2,-8.193,1,0.0847,0.118,0.00124,0.359,0.945,129.469,4
spotify:track:7AsjIyZ8L884bRjkQ6he5a,"So Good, So Right","Small Axe (Music Inspired By The Original TV Series)","Imagination",2021-06-11,416127,11,false,1130795251,2021-08-24T11:03:57Z,"post-disco,disco","Motown Records UK",0.788,0.539,11,-6.712,0,0.0555,0.285,0.0397,0.0551,0.763,103.442,4
spotify:track:7I9sE9bNnh31ZDB8HfsejJ,"I Know You Care","The Best of Uno Melodic","Ethel Beatty",2018-08-31,337470,9,false,1130795251,2021-08-24T11:10:16Z,"","Expansion Records",0.733,0.555,9,-9.399,0,0.106,0.572,0.00204,0.109,0.848,122.751,4
spotify:track:2mCLc4lZjbpcpXgNBrC5lY,"It Looks Like Love","Goody Goody","Goody Goody",2008-06-10,383093,46,false,1130795251,2021-08-24T11:39:31Z,"disco,post-disco","Rhino Atlantic",0.883,0.333,5,-17.848,0,0.053,0.00799,0.804,0.257,0.964,121.099,4
spotify:track:7JcM0fsCBodL4vZCnZBLQN,"This Happy Feeling","Disco Nights (Expanded Edition)","G.Q.",1979-01-01,324893,22,false,1130795251,2021-08-24T11:49:18Z,"disco,post-disco","Legacy Recordings",0.735,0.657,7,-12.226,0,0.0622,0.00375,0.0661,0.0483,0.96,130.317,4
spotify:track:6mjlbRIgMTf2nqY0kq1rOJ,"I'm Your Boogie Man","KC & the Sunshine Band, Pt. 3... and More","KC & The Sunshine Band",2004-11-02,242133,53,false,1130795251,2021-08-24T11:51:49Z,"disco","Rhino",0.753,0.753,5,-13.023,0,0.0436,0.0144,0.0000443,0.0711,0.913,113.068,4
spotify:track:6hM3lzF1zuw8R6BAkTrrLf,"The Get-Down Mellow Sound","We Got The Groove!","The Player's Association",1980-01-01,475688,17,false,1130795251,2021-08-24T12:25:31Z,"post-disco,jazz funk,disco","Craft Recordings",0.664,0.634,7,-10.363,1,0.0572,0.0115,0.0656,0.0514,0.856,114.404,4
spotify:track:1zaigPe4NB94tc4CRshK46,"Get It Right","Get It Right","Aretha Franklin",1983,375083,43,false,1130795251,2021-09-01T14:13:19Z,"soul,motown,classic soul","Arista",0.758,0.829,1,-6.622,1,0.174,0.0486,0.0000016,0.0317,0.824,122.298,4
spotify:track:2wSwWfqpMBkHBOkb6cCB7o,"Classy Lady - Remastered Version","Paradise (Remastered)","Leroy Hutson",1982,330080,39,false,1130795251,2021-09-01T14:25:13Z,"","Rhino/Elektra",0.717,0.792,0,-6.682,1,0.0644,0.117,0.00113,0.0842,0.896,106.391,4
spotify:track:56S3RgSVfgRH0jZbLnv23Z,"Doing Our Thing with Pride","Doing Our Thing with Pride","Al-Dos Band",2021-09-03,274000,25,false,1130795251,2021-09-03T08:13:13Z,"funk gospel","Kalita Records",0.5,0.683,11,-8.447,1,0.0427,0.447,0.000107,0.0671,0.545,95.384,4
spotify:track:0LLRDxDb8BsQoxnlxaGFSR,"(Keep In Touch) Body To Body","Old School Funk Jams","Shades of love",2018-03-19,389746,22,false,1130795251,2021-09-02T19:13:28Z,"post-disco","Brunswick Records",0.754,0.8,9,-7.026,0,0.0553,0.0345,0.00113,0.0479,0.973,111.18,4
spotify:track:3CuKcfH8BJ5The5G3llaKD,"I'll Do Anything for You","I'll Do Anything for You","Denroy Morgan",1982-01-01,305720,44,false,1130795251,2021-09-02T19:22:03Z,"post-disco","UNIDISC MUSIC INC.",0.732,0.817,11,-6.571,0,0.286,0.195,0.00000298,0.0824,0.804,115.19,4
spotify:track:7eh1Fov3OjwOx0vqiwnFaK,"Square Biz - Remastered 2002","It Must Be Magic (Remastered 2002 / Expanded Edition)","Teena Marie",1981-05-14,400666,45,false,1130795251,2021-09-02T19:24:02Z,"quiet storm,post-disco","UNI/MOTOWN",0.788,0.909,2,-8.094,1,0.118,0.105,0.000101,0.405,0.726,113.828,4
spotify:track:4Cdruv1gB7T2nArouTIoH8,"Everybody's Singin' Love Songs","Funky Pop Love","Sweet Thunder",2005,299026,15,false,1130795251,2021-09-03T12:06:21Z,"","Thematic Records",0.593,0.649,11,-10.851,1,0.0617,0.596,0,0.35,0.864,111.211,4
spotify:track:4CHNviLPgzBvFJUk0dsnTF,"Disco Choo Choo","Disco Choo Choo","Nightlife Unlimited",1979-01-01,564640,21,false,1130795251,2021-09-04T19:31:34Z,"disco,post-disco,hi-nrg,italo disco","UNIDISC MUSIC INC.",0.817,0.888,6,-8.143,1,0.0616,0.00204,0.757,0.0197,0.739,131.88,4
spotify:track:6lQ3uoe6jfsW4gFmArAMSt,"Walkman","Walkman (Original) - Single","Kasso",1982,324346,34,false,1130795251,2021-09-08T13:17:35Z,"italo disco,chicago house,post-disco,hi-nrg,italo dance","Bacci Bros Records",0.789,0.805,11,-5.497,0,0.0325,0.051,0.806,0.0563,0.971,113.885,4
spotify:track:5gRgMG0DSYNjZ3f4M6jMdA,"Dreaming a Dream (Disco)","Dreaming a Dream","Crown Heights Affair",1975-01-01,232266,0,false,1130795251,2021-09-08T13:24:27Z,"post-disco,disco","Sanctuary Records",0.615,0.801,10,-9.258,0,0.0674,0.000175,0.886,0.0771,0.702,118.598,4
spotify:track:1H3Us2G72n0xTjqPvFqmT6,"Open Sesame - Original 12"" Extended Version","Funk Soul Brothers","Kool & The Gang",2020-06-05,524065,0,false,1130795251,2021-09-08T13:33:16Z,"disco,funk","UME - Global Clearing House",0.704,0.854,11,-7.986,0,0.0512,0.0912,0.0397,0.111,0.616,119.851,4
spotify:track:2C9lXa963Fx7kr8cMONdwD,"Love Explosion","Ultra-High Frequencies: The Chicago Party","Donnell Pitman",2015-03-03,363040,29,false,1130795251,2021-09-10T10:08:54Z,"post-disco","Numero Group",0.676,0.762,5,-8.471,1,0.129,0.0162,0.00000149,0.0762,0.928,126.226,4
spotify:track:7zGJgM1OztMPUJ2Hxl5N9l,"Unknown Destination","De Jonge Jaren van Massada - 50 Jaar Nederpop","Massada",2008-01-01,496521,5,false,1130795251,2021-09-10T10:49:34Z,"maluku,indorock,nederpop","Telstar",0.517,0.768,7,-11.871,0,0.0747,0.2,0.00372,0.556,0.634,128.626,4
spotify:track:2isWK5XpN82FswXn5Lme0Y,"Stomp","Give Me Your Love (80's Funk Music Rare Tracks)","Bliss",2011,268813,0,false,1130795251,2021-09-14T19:56:21Z,"","Active Force Music Group",0.836,0.579,10,-7.9,0,0.0523,0.306,0.0000768,0.0383,0.926,110.713,4
spotify:track:7r34THvR0eTjNf6wa0dvl0,"We Can Go to Your House","Seventh Heaven","Maurice Massiah",1982-01-01,429933,5,false,1130795251,2021-09-14T19:57:27Z,"post-disco,boogie,funk","UNIDISC MUSIC INC.",0.817,0.559,1,-11.589,0,0.0488,0.0636,0.00331,0.0518,0.9,115.979,4
spotify:track:6dGREBs7FIF4vsTKDNemOG,"Share The Night - Club Mix","Share The Night","World Premiere",1983-12-01,448120,0,false,1130795251,2021-09-14T20:08:35Z,"post-disco,nu disco","Easy Street Records",0.713,0.44,11,-18.532,0,0.0555,0.0204,0.157,0.0785,0.551,108.399,4
spotify:track:68XUelH94jAekFj6vOBrnw,"Funny Situation","Funny Situation","Reflex",1981,246975,4,false,1130795251,2021-09-24T15:48:39Z,"","Paint A Picture Records",0.804,0.632,6,-8.449,0,0.0675,0.0926,0.0000367,0.06,0.709,120.283,4
spotify:track:7jgRziCPRajOt7lLRO15H7,"She's My Summer Breeze","Capitol Rare: Funky Notes From The West Coast","The Reflections",1999-06-17,264706,14,false,1130795251,2021-09-27T11:02:24Z,"","Blue Note Records",0.418,0.437,0,-13.692,1,0.0449,0.445,0,0.23,0.331,79.763,4
spotify:track:0GxEziaILXCAwBa23IDlFS,"Secret Rendezvous - Remastered","Classic Masters","Rene & Angela",2002-01-01,254346,29,false,1130795251,2021-09-27T11:02:46Z,"quiet storm,post-disco,classic soul","Capitol Records",0.804,0.83,8,-6.417,0,0.0504,0.12,0.000047,0.162,0.961,99.18,4
spotify:track:6qqijF76dlzpFycV77w264,"Sadie (She Smokes) [feat. Jocelyn Brown] - 2013 - Remaster","Anthology","Joe Bataan;Jocelyn Brown",1973,305826,0,false,1130795251,2021-09-27T19:42:48Z,"latin jazz","Salsoul Records",0.832,0.811,1,-7.429,1,0.055,0.0397,0.000991,0.0454,0.87,114.714,4
spotify:track:1i4OXAkDWElEzfu1zvrj3v,"Don't Fight the Feeling","Hey Girl / Don't Fight the Feeling","Master Force",1979,234057,0,false,1130795251,2021-10-03T20:25:46Z,"","Rain Records",0.669,0.769,9,-10.051,0,0.126,0.0807,0.00000387,0.0669,0.733,121.112,4
spotify:track:6YCIqjdf7HD8Hbdb3LHDuf,"Hey Girl","Hey Girl / Don't Fight the Feeling","Master Force",1979,233755,0,false,1130795251,2021-10-03T20:25:49Z,"","Rain Records",0.725,0.731,7,-10.993,1,0.0623,0.232,0,0.319,0.712,105.004,4
spotify:track:5KgN70dK8f5Kpljhgq18Kn,"Handsome Man","Larry Levan's Paradise Garage","Sparkle",1996-01-01,383960,0,false,1130795251,2021-10-10T20:51:03Z,"post-disco","Salsoul Records",0.722,0.86,9,-8.451,1,0.0372,0.0288,0.000942,0.0692,0.939,120.407,4
spotify:track:4PAIKJ0Y1q1OwcamnKEfcV,"A Feeling Inside","Do You Hear Me Talking to You?","Peoples Pleasure;Alive and Well",2019-02-01,295350,24,false,1130795251,2021-10-12T08:57:21Z,"","Athens Of The North",0.421,0.445,8,-11.171,1,0.0288,0.27,0.00000223,0.22,0.481,88.042,4
spotify:track:1s16yZ0cyNAJJT1iUVMwam,"If You Want It","Niteflyte","Niteflyte",1995-07-02,270933,48,false,1130795251,2021-10-14T07:31:22Z,"aor,yacht rock","Legacy Recordings",0.458,0.861,11,-6.011,0,0.086,0.477,0,0.0649,0.731,86.774,4
spotify:track:4nGji1MupXVewYIMNvkfyL,"All Night Long","Backstreet Brit Funk Vol.2 compiled by Joey Negro","Cloud",2018-06-29,420000,13,false,1130795251,2021-10-14T19:31:44Z,"jazz funk","Z Records",0.67,0.829,1,-6.492,1,0.12,0.0161,0.0108,0.249,0.716,123.041,4
spotify:track:3uhdHL0uh91iGoyFvvfYZ8,"Dancing Into The Stars - 12"" Extended Version","Salsoul: The Original Disco Mixes, Vol. II","Logg",2020-08-14,664706,0,false,1130795251,2021-10-19T13:40:31Z,"post-disco,boogie,disco","Salsoul Records",0.806,0.741,4,-10.702,0,0.0577,0.0365,0.0173,0.493,0.951,119.061,4
spotify:track:5JbkoZWGnqLQcVqPVwDZn7,"Feel Like Dancing","Tonight","France Joli",1980-01-01,437173,31,false,1130795251,2021-10-19T13:41:08Z,"disco,post-disco,hi-nrg","UNIDISC MUSIC INC.",0.733,0.737,8,-8.885,0,0.043,0.0715,0.124,0.0594,0.955,115.987,4
spotify:track:7KIQKq8H0yENFv6nEa41b5,"Square Biz","Greatest Hits","Teena Marie",1986-01-01,385533,43,false,1130795251,2021-10-19T15:29:34Z,"quiet storm,post-disco","Spectrum",0.768,0.861,2,-10.967,1,0.0883,0.167,0.000143,0.42,0.779,113.599,4
spotify:track:5fiudMisuNkKC1htZSCh2t,"Let Love Flow On","Sings Love","Sonya Spence",1981,222981,54,false,1130795251,2021-10-19T15:36:49Z,"lovers rock","Attic Salt Discs",0.793,0.559,0,-9.634,1,0.116,0.252,0.00000723,0.0583,0.906,110.401,4
spotify:track:6ISIxvgdV1IMJFRJPiWac3,"Happily Ever After","Once Upon A Time","Donna Summer",1977-10-31,233267,21,false,1130795251,2021-10-21T09:00:14Z,"disco,hi-nrg","Mercury Records",0.665,0.686,10,-13.444,1,0.0414,0.00923,0.00262,0.287,0.802,130.073,4
spotify:track:47GQVs1FMvoyxQmkCsKEOe,"Disco to Go","Funk Or Walk","The Brides Of Funkenstein",1975,306960,31,false,1130795251,2021-10-21T11:15:21Z,"funk","Rhino Atlantic",0.754,0.681,9,-8.593,0,0.19,0.436,0.0125,0.0593,0.854,94.01,4
spotify:track:6fgp7b7ni2ILhAtbOEaXRl,"I'm Dancing For Your Love","Masterjam","Rufus & Chaka Khan",1979-01-01,274733,30,false,1130795251,2021-10-21T12:00:04Z,"funk,classic soul","Geffen*",0.832,0.696,0,-13.936,1,0.0379,0.0969,0.00043,0.205,0.822,123.798,4
spotify:track:5iYhGpHPcOQ1sV3snZasEr,"That's What Friends Are For","This Is One Girl","Madeline Bell",1976-01-01,227466,0,false,1130795251,2021-10-24T12:37:54Z,"northern soul","Castle Communications",0.671,0.867,7,-7.318,1,0.0692,0.489,0.00000247,0.0922,0.801,111.849,4
spotify:track:7fJvlmnfsJZTdcHhqT5UH2,"Here Comes That Sound Again","Here Comes That Sound Again","Love De-Luxe",2019-03-22,532066,34,false,1130795251,2021-10-24T12:39:12Z,"disco","Warner Music Group - X5 Music Group",0.891,0.686,5,-9.367,0,0.0554,0.174,0.0471,0.0553,0.915,115.619,4
spotify:track:007YmTMWISmY9bzMKh6yxB,"Say What","Kenny Mann with Liquid Pleasure","Kenny Mann",1980,250674,0,false,1130795251,2021-10-25T08:27:47Z,"","Branditmusic",0.739,0.543,7,-15.84,1,0.0509,0.0206,0.000435,0.086,0.855,120.541,4
spotify:track:26qq8BZFoz7sV1jtn5IMfV,"You Are My Dream","French Disco Boogie Sounds, Vol. 2","Nel Oliver",2016-10-14,298919,0,false,1130795251,2021-11-01T12:56:32Z,"","Favorite",0.711,0.757,8,-9.114,0,0.0399,0.601,0.222,0.0877,0.914,102.634,4
spotify:track:6es07K0LNr7hhx7rcuYYb6,"Lay It On Me","The Best of Sylvia","Sylvia",2014-09-29,238053,0,false,1130795251,2021-11-01T13:07:25Z,"northern soul","Sanctuary Records",0.598,0.773,11,-7.861,0,0.0427,0.347,0.0000935,0.151,0.883,88.681,4
spotify:track:5DT1dW3RlOhAgdJFCAFjqS,"Too Soon You're Old","Too Soon You're Old","Penny Goodwin",2016-11-25,287002,35,false,1130795251,2021-11-07T12:28:50Z,"","Athens Of The North",0.464,0.665,9,-11.015,0,0.0419,0.574,0.00624,0.55,0.938,143.679,4
spotify:track:40qDrLR7m89ot5AZlomjL5,"Obsession - The Nassau Mix","Obsession","Guy Cuevas",1982,357426,16,false,1130795251,2021-11-12T10:49:39Z,"","Libreville Records",0.797,0.59,6,-13.576,1,0.0659,0.229,0.0463,0.15,0.791,117.049,4
spotify:track:6D9CujJDu7UO68CPO0wtQq,"Remember to Remember","The Best of Uno Melodic","Rick Holmes",2018-08-31,549165,13,false,1130795251,2021-11-15T08:42:21Z,"soul jazz","Expansion Records",0.573,0.564,11,-12.532,0,0.0367,0.532,0.0733,0.212,0.534,155.003,4
spotify:track:7bCnlOahIf6Cvh0ECvzWIt,"Strike It Up","12 Inch Mixes","The Strikers",1991-10-01,417133,7,false,1130795251,2021-11-16T19:45:00Z,"post-disco,disco","UNIDISC MUSIC INC.",0.79,0.619,2,-11.393,1,0.162,0.0576,0.0102,0.0335,0.618,115.92,4
spotify:track:5imsVc0nCBfPZzCGPsl1b1,"Nothing Left Is Real - Remastered","Get Away / Nothing Left Is Real","Pure Funk",2013-12-30,218321,4,false,1130795251,2021-11-23T16:18:07Z,"","Alexis Entertainment Group LLC",0.447,0.931,9,-6.86,0,0.168,0.268,0.00000443,0.382,0.627,117.696,4
spotify:track:0l6kqhSVD3n4E0gkH9X7C2,"Party In Me","Capitol Disco","Gene Dunlap",2007-06-08,245880,41,false,1130795251,2021-11-24T19:19:12Z,"post-disco,disco","Parlophone UK",0.725,0.704,7,-11.237,1,0.239,0.084,0.0000533,0.077,0.718,112.752,4
spotify:track:0TSCakRsNMuje19E6nnthW,"Take Them in Prayer","Take Them In Prayer","Earl Young",2021-11-26,247391,15,false,1130795251,2021-11-26T10:20:40Z,"funk gospel,philly soul","Athens Of The North",0.812,0.395,9,-14.016,0,0.0929,0.494,0.000171,0.064,0.56,127.633,4
spotify:track:65QkulPw8bqeOd7338cI02,"Gotta Keep Moving","Gotta Keep Moving","Martha Reeves",1980-01-01,364156,9,false,1130795251,2021-11-26T10:32:08Z,"northern soul,motown","Fantasy",0.739,0.714,5,-14.298,0,0.211,0.508,0.0146,0.105,0.817,112.325,4
spotify:track:09XBk3sCEqZKvaI5MyaAGU,"Funky and Fire","French Disco Boogie Sounds, Vol. 3","Janet N'Diaye Lokamba",2018-02-09,290600,0,false,1130795251,2021-11-27T21:22:30Z,"","Favorite",0.828,0.796,7,-6.919,1,0.0927,0.299,0.000804,0.0961,0.619,115.312,4
spotify:track:3ZypcKg8inS5xWekRRq376,"Steel City Disco","Steel City Disco","Steel City Connection",2019-03-08,246554,3,false,1130795251,2021-12-07T19:10:04Z,"","Kalita Records",0.632,0.797,5,-10.561,1,0.0361,0.673,0.157,0.135,0.787,128.663,4
spotify:track:1oQCjfpsNAuHQmbDkYJoa6,"Let the Music Play","Slammin' & Jammin'","Charles Earland;Carlos Garnett",1997,647000,3,false,1130795251,2021-12-07T19:11:08Z,"jazz funk,soul jazz,hard bop,acid jazz,jazz fusion,free jazz","Savant",0.669,0.794,11,-8.737,0,0.0367,0.56,0.879,0.222,0.703,120.699,4
spotify:track:7jG9kGam9k09WLhHcNUDJb,"Mr. C","Mr. C.","Norman Connors",1981-02-01,266760,11,false,1130795251,2021-12-07T19:24:25Z,"quiet storm,philly soul,classic soul,jazz funk","Arista/Legacy",0.633,0.815,0,-6.84,1,0.0635,0.00161,0.922,0.0429,0.68,132.44,4
spotify:track:2moYXwKFCDxZto4Jr37cAr,"Expansions","Cosmic Funk & Spiritual Sounds: The Flying Dutchman Masters","Lonnie Liston Smith and the Cosmic Echoes",2012-09-24,365600,0,false,1130795251,2021-12-07T19:24:49Z,"","Ace Records",0.535,0.617,5,-14.076,0,0.0487,0.119,0.00639,0.294,0.919,126.454,4
spotify:track:3is0PtO83fFJDghnwQpl21,"Phoenix","The Northern Soul Story Vol.3: Blackpool Mecca","Aquarian Dream",2007-07-30,319413,20,false,1130795251,2021-12-07T19:28:10Z,"jazz funk,post-disco,northern soul","Sony Music Entertainment",0.754,0.691,9,-8.157,1,0.0539,0.0107,0.111,0.205,0.875,133.431,4
spotify:track:4MGI8I8awXhcuwGNvxORQc,"Get a Good Feeling","Get a Good Feeling","Brief Encounter",2021-03-12,261099,6,false,1130795251,2021-12-09T13:27:54Z,"","Athens Of The North",0.579,0.642,7,-10.08,1,0.107,0.175,0.624,0.246,0.674,108.421,4
spotify:track:7wExOJVfTNVaxK5Q276CPc,"(Xtra) Special","(Xtra) Special","Dõlette Mcdonald",1982-03-05,435506,0,false,1130795251,2021-12-21T18:13:37Z,"","Branditmusic",0.77,0.565,4,-11.163,0,0.0483,0.0198,0.0288,0.0765,0.895,110.46,4
spotify:track:0eTTntQpLUuMVBkpf23YoX,"Come Back Lover","Joey Negro and Sean P Present the Best of Disco Spectrum","Fresh Band",2017-09-08,307315,0,false,1130795251,2021-12-21T18:37:23Z,"","BBE Music",0.731,0.776,5,-10.886,0,0.126,0.254,0.0785,0.11,0.799,114.196,4
spotify:track:0zoGVO4bQXG8U6ChKwNgeg,"4:00A.M.","MIGNONNE (Mastered by Bernie Grundman)","Taeko Onuki",1978-09-21,336960,70,false,1130795251,2021-12-25T17:57:17Z,"city pop,shibuya-kei","Sony Music Direct (Japan) Inc.",0.631,0.644,10,-10.81,0,0.0348,0.341,0.000411,0.0877,0.861,103.376,4
spotify:track:7fb207VIacXoxNPwxpzz9u,"Glad To Know You - Extended","Glad To Know You","Kitty Grant",1983-02-11,307569,24,false,1130795251,2021-12-28T14:43:55Z,"post-disco","High Fashion Music",0.766,0.675,7,-7.657,0,0.0474,0.0515,0.125,0.0594,0.752,117.69,4
spotify:track:4UU2mFWHP4vNCYddj54uAg,"I Was Tired of Being Alone - 12"" Version","I Was Tired of Being Alone (12"" Version)","Patrice Rushen;Byron Clark",2021-06-23,364360,14,false,1130795251,2021-12-28T17:17:52Z,"post-disco,jazz funk,disco,funk","Strut",0.92,0.83,8,-7.217,1,0.0429,0.0104,0.103,0.0303,0.945,118.696,4
spotify:track:6z8u2hCiZefgOtCjxFu4M3,"Tonight's the Night (Good Time)","I Love to Dance","Kleeer",1979-07-14,375040,33,false,1130795251,2022-01-01T19:16:43Z,"post-disco,funk","Rhino Atlantic",0.685,0.808,8,-12.307,1,0.0492,0.00863,0.552,0.186,0.806,123.2,4
spotify:track:0pQljTOoWCdskkU6JETS9J,"Independent Woman","Greatest R&b Legends Cleveland, Vol. 2","Jan Jones",2016-09-27,235895,16,false,1130795251,2021-12-31T14:41:27Z,"northern soul","Executive Hits Entertainment",0.664,0.643,9,-6.773,1,0.0299,0.0759,0.0000899,0.134,0.537,115.198,4
spotify:track:11ZaqoLbm4bRs5K48OyHWE,"Look Ahead","Aquarian Dream","Norman Connors;Aquarian Dream",1976,203573,16,false,1130795251,2022-01-03T11:26:57Z,"quiet storm,philly soul,classic soul,jazz funk,post-disco,northern soul","Legacy Recordings",0.597,0.867,8,-6.674,1,0.0385,0.0541,0.00035,0.0537,0.799,123.593,4
spotify:track:5DutgiIGf0MaWGshiGxs3z,"Dance to the Beat Freakout","Dance to the Beat Freakout / The Best Thing in Life","Wayne Ford",1979-03-15,801440,3,false,1130795251,2022-01-04T18:19:21Z,"","P&P Records",0.716,0.567,7,-18.602,1,0.0425,0.00965,0.64,0.271,0.943,124.327,4
spotify:track:1RhPnDygjicKoKiDxf2EMB,"Waktu Kian Berarti","Ceria","Chaseiro",1980-01-01,252426,0,false,1130795251,2022-01-06T13:57:32Z,"pop kreatif,indonesian jazz,city pop,indonesian pop,jazz fusion","Musica Studios",0.816,0.583,9,-7.912,0,0.0368,0.0574,0.237,0.331,0.96,119.358,4
spotify:track:1USYiBHJVITP5XOpg1iZ6D,"Getting Hot","Gwen Guthrie","Gwen Guthrie",1982-01-01,336386,29,false,1130795251,2022-01-06T17:16:44Z,"post-disco,disco","Mercury Records",0.769,0.761,5,-8.425,1,0.0545,0.0298,0.25,0.238,0.814,112.967,4
spotify:track:5wNkMIiej8AYMkPH2XNNFr,"Song for You","Prime Choice","Popcorn",1983-04-15,273202,0,false,1130795251,2022-01-09T20:09:18Z,"","Branditmusic",0.729,0.627,7,-8.514,1,0.032,0.252,0.046,0.145,0.879,120.784,4
spotify:track:0fcGuTGL7JJlpZ9SJjPdA4,"Tut Kalbimi Tut","Tut Kalbimi Tut","Neşe Alkan",1983-08-08,246733,0,false,1130795251,2022-01-19T09:30:08Z,"anatolian rock","Elenor Plak",0.693,0.603,7,-11.218,1,0.0752,0.654,0.00000219,0.262,0.701,116.22,4
spotify:track:5VSxOUW2zqOo77pauTqpFG,"Give Me","I-Level","iLEVEL",1983-01-01,241539,39,false,1130795251,2022-01-20T09:52:55Z,"acid jazz,post-disco","UMC (Universal Music Catalogue)",0.829,0.634,1,-9.59,0,0.0603,0.0291,0.015,0.35,0.893,114.446,4
spotify:track:3h8yvoKcRHIriwhekJYz1j,"I'm So In Love With You","Miami Funk, Vol. 4","Wizdom",2008-10-10,202885,40,false,1130795251,2022-01-27T21:39:05Z,"","Stone Music Family, LLC",0.617,0.465,0,-15.399,1,0.0548,0.205,0.0000326,0.43,0.753,97.176,4
spotify:track:6NMJ3xiTCjXQ30UWSR1ouB,"Much Too Much","Superheroes","9th Creation",2018-11-30,236676,0,false,1130795251,2022-01-27T21:39:45Z,"post-disco","Past Due Records",0.709,0.942,10,-5.563,0,0.148,0.527,0,0.0939,0.852,102.031,4
spotify:track:6BrQQdlhwUkvVxXp5YVpJV,"It's All Yours","It's All Yours","Starpoint",1984,293746,35,false,1130795251,2022-01-27T21:43:26Z,"post-disco","Rhino/Elektra",0.781,0.824,0,-7.202,1,0.0625,0.151,0.00225,0.0526,0.942,114.448,4
spotify:track:20LWAuitvoO2OZWItCRT71,"I’m So Crazy ‘Bout You","It's So Delicious","Starpoint",2005-09-20,254320,34,false,1130795251,2022-01-27T21:43:38Z,"post-disco","Copyright Group",0.827,0.861,1,-4.716,0,0.0911,0.253,0.196,0.0215,0.88,117.076,4
spotify:track:10I0t8uNZWYRW4xO5nVj4z,"This Love Is for Real","Truly Bad","Ron Banks",1983,281760,14,false,1130795251,2022-02-03T14:34:56Z,"post-disco","SMCMG",0.834,0.43,0,-12.191,0,0.0382,0.545,0.000018,0.055,0.96,107.186,4
spotify:track:0BPcK5Of4eq4MwWzr1W3Si,"I've Got To Find A Way","The Best Of TVI Records Vol. 1 ""Dance The Night Away""","Zena Dejonay",1995-06-06,314826,3,false,1130795251,2022-02-05T13:36:53Z,"post-disco","TVI Records & Filmworks",0.77,0.509,6,-13.71,0,0.0571,0.0284,0.000812,0.441,0.78,121.882,4
spotify:track:2PcU8aPMqeiZVGv3dWOvRW,"Chicago","Silver Vibrations","Roy Ayers",1983,440466,23,false,1130795251,2022-02-05T13:38:45Z,"jazz funk,acid jazz,funk","BBE Music",0.655,0.823,0,-7.992,1,0.0439,0.0247,0.021,0.357,0.439,114.717,4
spotify:track:3xM750D9lMPhY2alnJOsZW,"Pretty Bird","Terea","Terea",2011-07-11,253120,34,false,1130795251,2022-02-08T08:47:35Z,"","Jazzman",0.685,0.312,5,-17.8,0,0.0451,0.661,0.018,0.105,0.925,79.918,4
spotify:track:36iXyKBctQUBii0jpwIKUe,"Disco Thing","Mix Faze (feat. Ron Rush & Aidqueen Movement)","Seaquence",2012-01-05,354813,5,false,1130795251,2022-02-11T13:04:25Z,"","IRUSHMUSIC",0.786,0.96,4,-7.232,0,0.0899,0.0568,0.0387,0.326,0.459,117.812,4
spotify:track:4pZQtqA3P3e1gjgwPOHDUC,"Love the Way You Love Me","Point of View","Marti Caine",1981-01-01,338640,0,false,1130795251,2022-02-14T10:28:53Z,"","Sanctuary Records",0.773,0.418,9,-13.768,0,0.0446,0.0636,0.00147,0.0997,0.735,92.952,4
spotify:track:5idpaXaKeO8NxQo2JCplJK,"Without Love","A Fantasy Love Affair","Peter Brown",1977,194440,23,false,1130795251,2022-02-15T08:11:24Z,"disco,post-disco","Rhino",0.504,0.153,4,-21.129,0,0.0419,0.554,0.0825,0.0939,0.175,87.252,4
spotify:track:2BWqryIOUuKiFTzGsyt6Hm,"Game No. 1","Dancin' All Night","Street Kids",1984-01-01,344386,0,false,1130795251,2022-02-15T09:22:32Z,"","Gallo Record Company",0.803,0.857,4,-11.02,0,0.0597,0.0456,0.0181,0.32,0.673,101.139,4
spotify:track:3ixLSQGeQUrHu3A0EcPCQk,"It's Over","We All Know Who We Are","Cameo",1978,256866,23,false,1130795251,2022-02-17T13:16:38Z,"funk","Island Mercury",0.701,0.387,10,-11.723,1,0.0579,0.397,0.00113,0.261,0.707,80.082,4
spotify:track:6iFozpuuokILvPe02T0DFV,"There You Go","The Hits Of Edwin Starr","Edwin Starr",1992-08-11,184733,22,false,1130795251,2022-02-28T09:43:39Z,"northern soul,motown,classic soul","UNI/MOTOWN",0.735,0.567,10,-14.054,0,0.0875,0.582,0.00000679,0.422,0.965,145.091,4
spotify:track:5Tgf8kbzWBYWb3iBsxOiWj,"Holding On","Holding On","Darryl Douglas, Inc.",2018-02-12,381500,16,false,1130795251,2022-03-02T21:10:29Z,"funk gospel","Kalita Records",0.739,0.845,10,-7.542,0,0.0578,0.095,0.000152,0.252,0.697,119.119,4
spotify:track:195jGz2yMHRtHglfv1vfT0,"Sing Me","Ladies of the Eighties","Eighties Ladies",1980,264440,13,false,1130795251,2022-03-10T13:43:44Z,"post-disco","Expansion Records",0.446,0.81,8,-8.127,1,0.108,0.0506,0.153,0.0564,0.709,205.105,4
spotify:track:1dLna2xBW6VDnNdLDyR58n,"Love Is All","This Is One Girl","Madeline Bell",1976-01-01,202493,0,false,1130795251,2022-03-11T16:52:58Z,"northern soul","Castle Communications",0.607,0.68,2,-9.791,1,0.064,0.568,0.0000962,0.13,0.4,109.091,4
spotify:track:5swcAtOg6rMVKImxNH11rG,"Je ne suis que musique","French Disco Boogie Sounds Vol.4","Shen Et Les Shendys",2019-11-29,227726,0,false,1130795251,2022-03-11T19:11:19Z,"","Favorite Recordings",0.728,0.84,6,-8.508,0,0.0521,0.0873,0.0119,0.118,0.8,104.904,4
spotify:track:66PbfKgnsyac9t6PECtNrX,"Hot To Trot","Alfredo","Alfredo De La Fé",1979-06-05,388853,0,false,1130795251,2022-03-11T19:17:37Z,"salsa,latin jazz,son cubano,tropical music,timba","Alfredo De La Fé Music",0.789,0.724,0,-7.756,1,0.0608,0.141,0.0716,0.159,0.643,117.103,4
spotify:track:4UqPeeSyRt59KZmC0aA2Ni,"Love Hangover","Diana Ross (Expanded Edition)","Diana Ross",1976-02-10,468640,55,false,1130795251,2022-03-13T19:02:56Z,"motown,disco","UNI/MOTOWN",0.508,0.669,1,-10.342,1,0.0377,0.241,0.0148,0.0523,0.875,112.437,4
spotify:track:1Svh39qiOH3FNkDzQ4zo57,"Memories of Moments","Rainer Trueby Presents Soulgliding","Demo Cates",2020-02-07,232026,0,false,1130795251,2022-03-14T08:43:14Z,"","BBE Music",0.603,0.595,5,-9.674,1,0.0941,0.347,0,0.0644,0.733,92.849,4
spotify:track:0OLOcKHN4uXRo5ISx2TAqk,"Body Heat","Body Heat","Quincy Jones",1974-01-01,238866,45,false,1130795251,2022-03-14T10:19:19Z,"soul jazz,big band,quiet storm","A&M",0.344,0.389,1,-17.961,0,0.0422,0.492,0.00361,0.125,0.727,172.675,4
spotify:track:5jKGodExeDuRa9ygCyit6y,"Zajedno srecni","Zora","Boban Petrovic",1984-01-01,292733,24,false,1130795251,2022-03-16T08:11:48Z,"aor","Diskos",0.537,0.53,5,-12.208,1,0.0816,0.457,0.000197,0.0469,0.698,90.371,4
spotify:track:3Um3a7nRWaaccM8GEhfQs6,"You're a Star","Celestial Sky","Starship Orchestra",1980-06-01,365466,19,false,1130795251,2022-03-17T10:30:20Z,"","Columbia/Legacy",0.695,0.762,10,-9.107,0,0.0486,0.0481,0.592,0.0848,0.795,122.876,4
spotify:track:0yqlgsztj1Won3rie5Hzht,"Panama - Vocal","The Story of Roy Porter Sound Machine (1971-1975)","Roy Porter Sound Machine;George Holmes",2012-09-10,217292,4,false,1130795251,2022-03-25T20:37:54Z,"jazz funk","Tramp Records",0.554,0.754,7,-6.027,0,0.0464,0.0643,0.00227,0.171,0.786,117.996,4
spotify:track:3bCD1Gy9FnIazjyPdSbt8N,"What's On Your Mind","Timeless Discoveries Kent Harris Presents: Reaching Back","Janette Renee",2010-11-02,254013,10,false,1130795251,2022-03-28T19:28:02Z,"","SPIN OFF RECORDS",0.637,0.495,11,-11.907,0,0.0577,0.813,0.176,0.148,0.707,97.33,4
spotify:track:0OlHXmKRtocFbqsEDLdNby,"Groove Your Blues Away","Amuzement Park","Amuzement Park",1982-09-12,217950,2,false,1130795251,2022-03-28T19:30:32Z,"post-disco,boogie","Bringins Music",0.806,0.421,8,-16.742,0,0.0449,0.333,0.0000906,0.8,0.876,109.782,4
spotify:track:4kO4YTu82C3gZURnMr14KI,"Boogie Town","Greatest Hits","Fat Larry's Band",1995-09-14,243440,10,false,1130795251,2022-04-01T09:53:19Z,"philly soul,post-disco,funk","Fantasy",0.768,0.705,5,-13.362,1,0.0437,0.0866,0.152,0.0694,0.822,125.454,4
spotify:track:6l06nynPlFgnnHkgr3M0jB,"I'm Your Man","I'm Your Man - Single","Spade Brigade",2007-04-09,228386,0,false,1130795251,2022-04-12T09:08:28Z,"","Kay-Dee Records",0.57,0.765,2,-8.209,0,0.0449,0.465,0,0.29,0.891,106.895,4
spotify:track:02gLDthHcH7FrtWVsK68xg,"Somethinng Got A Hold On Me","Somethinng Got A Hold On Me","Chuck Armstrong",2021-07-01,595613,0,false,1130795251,2022-04-12T09:29:33Z,"","Emotional Rescue",0.843,0.652,0,-8.711,1,0.0313,0.00809,0.12,0.0441,0.966,119.018,4
spotify:track:1edqkeKBsukMkgbrawehUS,"Soul Machine","Late Night Tales Presents After Dark: Nightshift","The Salsoul Invention;Bill Brewster",2014-07-06,328388,0,false,1130795251,2022-04-12T09:32:44Z,"","Late Night Tales",0.667,0.633,1,-11.037,0,0.0606,0.0026,0.857,0.103,0.893,98.02,4
spotify:track:01BmomkQuoE3UueMJqRVrp,"Changing Times - Remastered 2004","Joy And Pain (Remastered 2004)","Maze;Frankie Beverly",1980-07-18,397266,23,false,1130795251,2022-04-12T10:24:17Z,"quiet storm,classic soul,funk","Capitol Records",0.656,0.848,9,-7.737,0,0.0476,0.517,0.0309,0.0764,0.489,113.874,4
spotify:track:7KOS9ptdLAdy3hJxuvpHfc,"I'll Never Forget (My Favorite Disco)","Time Is Slipping Away","Dexter Wansel;The Jones Girls",1979-06-15,274226,38,false,1130795251,2022-04-16T15:40:43Z,"philly soul,jazz funk,post-disco,quiet storm,classic soul","Legacy Recordings",0.755,0.82,2,-7.757,0,0.0618,0.0253,0.0000672,0.227,0.85,118.224,4
spotify:track:5gOR0BQ4zLY0Dv538cjnf1,"After Hours - 2021 Remaster","After Hours / Love Don't Come Easy (2021 Remaster)","Charlie Mitchell",2021-07-23,195795,8,false,1130795251,2022-04-18T19:58:36Z,"","Good Time Records",0.495,0.379,6,-15.336,1,0.0411,0.347,0.0388,0.183,0.648,91.886,4
spotify:track:1qy7B9MgZVZMlQ9LbbL2p6,"Searchin'","Closer Than Close","The Stylistics",1981,271066,10,false,1130795251,2022-04-19T10:44:10Z,"philly soul,classic soul,motown,quiet storm","Philadelphia International/Legacy",0.646,0.665,1,-7.78,0,0.0563,0.156,0.00000496,0.185,0.847,124.678,4
spotify:track:6izZJJsAFod5XAivYYtf9r,"I Love You! Love You Completely","Straight Up","Exit 9",1975,186800,13,false,1130795251,2022-04-19T19:53:19Z,"breakbeat","Brunswick Records",0.724,0.902,9,-5.62,0,0.153,0.176,0.000208,0.104,0.735,122.435,4
spotify:track:1pe0T19WHfXMAkq4uWfAXP,"Poyson","80s Soul Mix","Gwen McCrae",2019-01-18,311666,4,false,1130795251,2022-04-22T14:14:33Z,"post-disco,disco,funk","Warner Music Group - X5 Music Group",0.776,0.523,11,-15.327,0,0.106,0.138,0.000367,0.0729,0.933,104.055,4
spotify:track:5nCFmtXkdWlgSRdGzyEfVI,"I'd Like To","Let's Rock / I'd Like To","Feel",1983-01-05,395391,1,false,1130795251,2022-04-22T14:25:50Z,"post-disco,boogie","Becket Records",0.834,0.598,5,-13.592,1,0.089,0.0721,0.00146,0.0987,0.838,109.899,4
spotify:track:6Ifves1mx7CNkFa9xvNTVn,"The Secret Sign","The Secret Sign","Dianne Mower",1980-01-01,237987,0,false,1130795251,2022-04-26T16:01:09Z,"yacht rock","Numero Group",0.548,0.59,10,-9.506,1,0.0367,0.642,0.0677,0.0824,0.754,86.808,4
spotify:track:25VeqnVGcIistBj7Ml9b1Q,"Tonight's the Night - Extended Version","Tonight's the Night","Take Three",2022-04-22,492437,12,false,1130795251,2022-04-26T19:45:27Z,"post-disco","Freestyle Records",0.834,0.412,10,-12.653,0,0.126,0.0408,0.631,0.266,0.499,117.461,4
spotify:track:0GovA416JgTDAfUjvIGHI5,"Keep On Singing - 2022 Remaster","Keni Burke (2022 Remaster)","Keni Burke",1977-08-16,281720,0,false,1130795251,2022-04-27T19:11:13Z,"post-disco","BMG Rights Management (US) LLC",0.623,0.767,11,-5.944,0,0.0545,0.0309,0,0.0591,0.769,100.154,4
spotify:track:7zLJawuzuYQDmzUen1unZv,"Hangin' Downtown","She's Strange","Cameo",1984,307960,37,false,1130795251,2022-04-27T12:33:01Z,"funk","Island Mercury",0.603,0.41,10,-13.699,0,0.0436,0.318,0,0.349,0.559,72.159,4
spotify:track:617vxIIBV0RyRJ8VI2HDBk,"If You Wanna See the Sunshine","Starbooty","Ubiquity",1978-01-01,348200,5,false,1130795251,2022-04-27T14:24:54Z,"","Rhino/Elektra",0.737,0.942,8,-5.961,1,0.125,0.172,0.00142,0.0367,0.624,130.246,4
spotify:track:0Qth7wYXurTLZfAjPf06gE,"Get Down Get Down - Remix","Action Satisfaction","Melody Stewart",2009-01-01,476760,1,false,1130795251,2022-04-27T14:36:07Z,"","UNIDISC MUSIC INC.",0.808,0.585,7,-8.372,0,0.0617,0.0524,0.0179,0.0889,0.945,123.304,4
spotify:track:6xdi74FISt6WNJ0rJKQGVo,"Butterfly","This Is Your Life","Norman Connors and The Starship Orchestra",1977-02-01,299080,13,false,1130795251,2022-04-28T07:06:45Z,"jazz funk,quiet storm","Arista/Legacy",0.676,0.378,5,-10.608,0,0.0339,0.748,0.0863,0.125,0.692,124.269,4
spotify:track:0gMt0gzm8ywLBZfr8zXxFQ,"Captain Connors - 12"" Version","This Is Your Life","Norman Connors and The Starship Orchestra",1977-02-01,443400,4,false,1130795251,2022-04-28T08:31:15Z,"jazz funk,quiet storm","Arista/Legacy",0.657,0.794,10,-9.434,0,0.0663,0.00576,0.686,0.0534,0.916,128.82,4
spotify:track:0E6EbqqEBDHEo7NuqEMuZ5,"Don't Tell Me, Tell Her","The Legacy Of Phyllis Hyman","Phyllis Hyman",1996-10-29,257466,19,false,1130795251,2022-04-28T09:18:56Z,"philly soul,quiet storm,classic soul","Arista",0.668,0.832,9,-7.092,0,0.102,0.262,0.00000104,0.105,0.921,166.627,4
spotify:track:2zC0uKFfERvtOYNKendhEs,"I'm Back for More","Back for More","Al Johnson;Jean Carn",1980-06-01,309226,42,false,1130795251,2022-04-28T09:21:34Z,"philly soul,post-disco,classic soul,quiet storm","Columbia/Legacy",0.631,0.562,6,-11.402,0,0.0659,0.406,0.00112,0.0533,0.784,89.927,4
spotify:track:0tpR1g83f8WauGkXzei57f,"Stella","This Is Your Life","Norman Connors and The Starship Orchestra",1977-02-01,198786,20,false,1130795251,2022-04-28T09:34:40Z,"jazz funk,quiet storm","Arista/Legacy",0.655,0.73,3,-7.966,0,0.0552,0.397,0.00685,0.656,0.862,106.673,4
spotify:track:3KutAiQ698975DL3JoQ7gF,"Be There in the Morning","Invitation (Expanded)","Norman Connors",2014-08-22,254937,17,false,1130795251,2022-04-28T10:14:08Z,"quiet storm,philly soul,classic soul,jazz funk","Legacy Recordings",0.616,0.869,5,-7.581,1,0.0929,0.339,0.0000186,0.469,0.821,106.562,4
spotify:track:5wiJgpZlYBLAFATDUcMvrw,"Take It to the Limit","Take It To The Limit (Expanded Edition)","Norman Connors",2014-08-22,231630,20,false,1130795251,2022-04-28T10:17:44Z,"quiet storm,philly soul,classic soul,jazz funk","Legacy Recordings",0.625,0.885,4,-7.564,0,0.0598,0.259,0.0000061,0.133,0.931,125.102,4
spotify:track:2RH61BqMEeRjfND7MQBWHU,"Devotion","Open Our Eyes","Earth, Wind & Fire",1974-03-25,290005,52,false,1130795251,2022-04-28T15:47:10Z,"funk,disco","Legacy Recordings",0.572,0.355,9,-12.863,0,0.0286,0.452,0.0016,0.144,0.51,83.052,4
spotify:track:7hLokGp8eMZCbnmXbiPtHC,"Back Street - Remastered Version","Love City (Expanded & Remastered)","Ronn Matlock",2007-10-15,271706,8,false,1130795251,2022-04-29T07:47:02Z,"","Rhino Atlantic",0.856,0.769,3,-7.926,0,0.0358,0.0344,0.00195,0.0936,0.975,135.004,4
spotify:track:49ZcHXohTPGD8z4s74kjyw,"That Someone's U","That Someone's U","The L.A Propinquity",2021-12-24,286000,1,false,1130795251,2022-05-03T12:26:53Z,"","Super Disco Edits",0.623,0.783,4,-8.399,0,0.0626,0.331,0.0000348,0.0544,0.791,112.802,4
spotify:track:3WdgkqRUTdr9hKSO4pUpZU,"SAIL ON FIRE","CAN I SING?","Masayoshi Takanaka",1983-10-05,263560,33,false,1130795251,2022-05-05T14:04:58Z,"jazz fusion,city pop,jazz funk","Universal Music LLC",0.771,0.493,9,-14.808,0,0.0422,0.157,0.28,0.246,0.623,107.446,4
spotify:track:1I5HQn9HMCOMzsAzdk6KJL,"I'll Go","Overdose of the Holy Ghost compiled by David Hill","Kristle",2013-04-15,230083,14,false,1130795251,2022-05-05T15:05:39Z,"funk gospel","Z Records",0.674,0.831,9,-8.163,1,0.0883,0.208,0.0000841,0.0303,0.561,116.052,4
spotify:track:58r4JuwHhXLAkttkaUZfLw,"Got to Be Real","Cheryl Lynn (Expanded Edition)","Cheryl Lynn",1978-07-17,307946,73,false,1130795251,2022-05-05T15:06:05Z,"post-disco,disco","Legacy Recordings",0.836,0.626,9,-10.143,0,0.0335,0.0943,0.742,0.153,0.898,114.657,4
spotify:track:17EVu5b0l5uo2gErSfqEt1,"Love Come Down","Get Loose","Evelyn ""Champagne"" King",1982-06-26,365760,62,false,1130795251,2022-05-05T15:07:43Z,"post-disco,disco,funk","RCA Records Label",0.904,0.624,3,-5.936,0,0.045,0.00622,0.00171,0.0304,0.804,115.735,4
spotify:track:6nynFMP0uEslYEIgQeaofh,"Shame - 12"" Disco Version","The Best Of Evelyn ""Champagne"" King","Evelyn ""Champagne"" King",1990-04-09,391360,50,false,1130795251,2022-05-05T15:07:53Z,"post-disco,disco,funk","RCA Records Label",0.784,0.506,11,-15.608,0,0.0517,0.0135,0.269,0.0705,0.898,134.517,4
spotify:track:2iGrc21d7bfvLAdlNeNerI,"影になって","悲しいほどお天気","Yumi Matsutoya",1979-12-01,332175,45,false,1130795251,2022-05-10T07:52:57Z,"city pop,kayokyoku,j-pop,enka","Universal Music LLC",0.464,0.607,2,-7.612,0,0.0375,0.465,0.0000466,0.153,0.702,171.941,4
spotify:track:6geV0a1GCcZ6mXdchyC2di,"I Love You S...","La Perversita","Jeanne Folly;Bazooka;Hector Zazou;VXZ 375;J. L Hennig",1979-12-12,687285,0,false,1130795251,2022-05-10T11:52:30Z,"","Universal Digital Enterprises",0.529,0.538,7,-7.531,1,0.11,0.482,0.0164,0.174,0.448,101.335,4
spotify:track:7gcVSYvyoNKrromGk9fyJC,"I Hate Telling A Lie","Steam Tracks","Stimela",2000-10-13,384266,0,false,1130795251,2022-05-17T09:20:52Z,"afro soul,afropop,jazz","Gallo Record Company",0.652,0.706,2,-10.28,0,0.0426,0.205,0.00205,0.306,0.864,89.195,4
spotify:track:5jpYsq5cYKeQDRgn8WTenS,"Heart's Desire","Don Blackman","Don Blackman",1982-01-01,271106,39,false,1130795251,2022-05-17T08:06:03Z,"post-disco,jazz funk","Arista/Legacy",0.705,0.707,0,-12.716,1,0.122,0.13,0.234,0.0722,0.667,101.006,4
spotify:track:26doe2ctDRtVPd0jjhwkyO,"I Like It","Back Street Brit Funk compiled by Joey Negro","Intrigue",2010-05-10,276466,0,false,1130795251,2022-05-29T13:44:28Z,"","Z Records",0.884,0.599,7,-10.735,1,0.11,0.00851,0.00388,0.0377,0.807,114.386,4
spotify:track:4Tr6U0oBgLBMcxmP7kuokk,"Bowa'a Mba Ngebe","Funky Disco Music","Eko",2018-02-16,210759,35,false,1130795251,2022-05-30T18:56:39Z,"","Africa Seven",0.576,0.909,7,-5.734,1,0.179,0.779,0.0264,0.384,0.935,112.349,4
spotify:track:2wCu7gCFE54RMUo3KuEBp4,"Ndolo Embe Mulema","Funky Disco Music","Eko",2018-02-16,369216,32,false,1130795251,2022-05-30T18:57:02Z,"","Africa Seven",0.654,0.867,10,-6.665,1,0.258,0.511,0.156,0.666,0.964,125.75,4
spotify:track:16edYoyGWlfItCbNWd6zOB,"M'ongeule M'am","Pop Makossa (Analog Africa No. 23)","EKO",2017-06-16,243082,34,false,1130795251,2022-05-30T18:58:28Z,"","Analog Africa",0.652,0.907,5,-11.705,0,0.0601,0.00406,0.000834,0.321,0.894,122.789,4
spotify:track:6DNGubEO3jpZE1osALeEkn,"Fulton County Line","Tommy Stewart","Tommy Stewart",2003-07-22,289266,0,false,1130795251,2022-06-02T10:38:50Z,"","Luv N' Haight",0.6,0.775,11,-8.063,1,0.0301,0.0659,0.0457,0.0589,0.902,114.928,4
spotify:track:2Kh7G0V8WDYwgaUNg7gN6F,"You Are Delicious","Mr Bongo Record Club, Vol. 5","Mave & Dave",2022-04-08,279186,44,false,1130795251,2022-06-07T15:27:18Z,"","Mr Bongo",0.741,0.441,2,-11.598,0,0.0445,0.387,0.296,0.111,0.965,98.427,4
spotify:track:2IWjnoD7tG0Bnw59WkfdcX,"Space Bass - Special 12"" Disco Mix","For Discos Only: Indie Dance Music From Fantasy & Vanguard Records (1976-1981)","SLICK",2018-08-24,423722,26,false,1130795251,2022-06-07T18:44:00Z,"disco","Craft Recordings",0.767,0.672,7,-11.53,1,0.0483,0.024,0.59,0.024,0.922,129.678,4
spotify:track:4Q2OILIpApEuJHd6NktsQ3,"Life's Just A Ballgame","Conscience","Womack & Womack",1988-06-13,263440,35,false,1130795251,2022-06-09T12:21:44Z,"","Island Records",0.824,0.529,5,-16.172,0,0.0435,0.34,0.0302,0.122,0.873,115.667,4
spotify:track:2AKlf9eNpKEwpRW62j2SZy,"Changing - 2020 Rework","Changing","Frankie Fandango",2020-02-28,523103,0,false,1130795251,2022-06-09T12:50:40Z,"","Soulful Evolution",0.696,0.896,11,-4.622,0,0.047,0.125,0.00276,0.286,0.785,105.078,4
spotify:track:3nagaqjH0nBFeNGJ7ep9rP,"The Hustler","Street Life","The Crusaders",1979-01-01,326160,24,false,1130795251,2022-06-17T11:37:13Z,"jazz funk,jazz fusion,smooth jazz,soul jazz","Verve",0.768,0.451,9,-14.176,0,0.0536,0.107,0.596,0.0374,0.624,95.521,4
spotify:track:1nCCbcX4MdK1cQIUGXL1eC,"Adventures In the Land of Music","Adventures in the Land of Music","Dynasty",1980-01-01,259120,0,false,1130795251,2022-06-20T07:53:30Z,"post-disco,funk","Sanctuary Records",0.739,0.575,11,-8.397,0,0.0494,0.155,0,0.338,0.763,77.928,4
spotify:track:5iQMnKBVHICpXWcb0w7rE1,"Help Is On The Way","Message From a Black Man","The Whatnauts",1970-01-01,433093,0,false,1130795251,2022-06-22T13:41:25Z,"classic soul","Castle Communications",0.777,0.444,5,-13.308,0,0.0484,0.062,0.000308,0.322,0.841,104.27,4
spotify:track:1xq8r92Uq0suAzogj90F6P,"I Am Somebody","The Best Of Glenn Jones","Glenn Jones",1992-07-29,227933,36,false,1130795251,2022-06-28T11:50:31Z,"quiet storm","Jive",0.859,0.665,2,-10.268,0,0.0818,0.3,0.00318,0.0649,0.947,116.909,4
spotify:track:3HypeysKioT3ECOVdzudUR,"You Got to Know Better","I'm in Heaven","Touch Of Class",1976-12-14,202775,3,false,1130795251,2022-07-06T20:54:51Z,"afrikaans pop,philly soul","Midland International",0.407,0.841,5,-8.434,1,0.0429,0.516,0.00000149,0.563,0.902,105.187,4
spotify:track:2eKABdGI5XFd5315KBiivE,"Potion","Potion","Rick Clarke",2022-05-06,360489,5,false,1130795251,2022-07-11T09:42:37Z,"","Freestyle Records",0.745,0.801,5,-6.987,1,0.0787,0.124,0.0123,0.164,0.861,120.888,4
spotify:track:42zgB1s8g7TiNLNBx0pCKJ,"Dance with Me","A Funky Situation","Wilson Pickett",1978,294186,7,false,1130795251,2022-07-11T14:14:47Z,"motown,classic soul,soul,northern soul","Rhino Atlantic",0.766,0.563,0,-13.959,0,0.0347,0.227,0.000338,0.121,0.964,120.773,4
spotify:track:24KzSvEllbSo8bflE1aDpD,"I Feel Like Loving You Today","Love Byrd","Donald Byrd",1981,417920,43,false,1130795251,2022-07-20T09:37:21Z,"hard bop,jazz funk,jazz,soul jazz,jazz fusion,acid jazz,bebop","Rhino/Elektra",0.602,0.582,2,-10.19,0,0.0449,0.392,0.0612,0.607,0.716,77.477,4
spotify:track:4aVowfVhlyNUgHYqXbK8Ev,"Disco Nights (Rock Freak)","Disco Nights (Expanded Edition)","G.Q.",1979-01-01,354906,49,false,1130795251,2022-07-20T09:41:03Z,"disco,post-disco","Legacy Recordings",0.798,0.528,5,-12.228,0,0.0531,0.0116,0.00379,0.0446,0.898,122.61,4
spotify:track:4DiJOPt80GO2oc3tL1w1tk,"That Friday Pay (Part 1)","Z Records presents Ibiza 2022","Sonny Jenkins & The New York Potpourri Orchestra",2022-07-22,371653,25,false,1130795251,2022-07-22T08:55:39Z,"disco","Z Records",0.816,0.811,10,-7.625,0,0.0483,0.00915,0.000162,0.0482,0.832,116.113,4
spotify:track:3Tc6dHggtSaZqlKRhzkeub,"Love, Love, Love","Never My Love: The Anthology","Donny Hathaway",2013-11-05,204055,46,false,1130795251,2022-07-26T09:47:55Z,"soul,classic soul","Rhino Atlantic",0.497,0.636,8,-8.71,1,0.0723,0.683,0,0.228,0.69,93.777,4
spotify:track:1QvKwDqHTCis2jHuhKXrbt,"I'm In Love","Gap Band I","The Gap Band",1979-01-01,327400,0,false,1130795251,2022-07-26T09:48:19Z,"funk,quiet storm","Universal Music Group International",0.508,0.719,7,-7.44,0,0.0387,0.561,0.000332,0.316,0.614,81.893,4
spotify:track:7zfsSCP1Sk5JGtBQSjsBTm,"I Owe It to Myself","Flying High","Primetime",1984-01-01,226693,0,false,1130795251,2022-07-27T14:22:47Z,"post-disco","Cavalcade Records Ltd",0.764,0.598,1,-10.249,1,0.0519,0.0804,0.00000478,0.317,0.757,103.468,4
spotify:track:6oh8hreBTxiUl6DEnKgmai,"Steal Your Heart","Show Time","Slave",1981,325253,30,false,1130795251,2022-08-01T10:42:07Z,"funk,post-disco","Rhino Atlantic",0.697,0.557,7,-13.162,0,0.036,0.0865,0.00000133,0.278,0.789,110.091,4
spotify:track:7ufeVn1g7b2qFPZoG5kzZ6,"Hey, Uh, What You Say Come On","Everybody Loves The Sunshine (Reissue)","Roy Ayers Ubiquity",1976-05-12,225600,34,false,1130795251,2022-08-01T10:42:33Z,"jazz funk","Universal Records",0.446,0.918,0,-11.46,0,0.0655,0.091,0.0234,0.0681,0.71,126.41,4
spotify:track:1uAijxIKOQVllUhlbEVku4,"Dancing into the Stars","Logg","Logg",1981-01-01,325200,0,false,1130795251,2022-08-04T09:39:52Z,"post-disco,boogie,disco","Salsoul Records",0.738,0.764,7,-11.386,1,0.054,0.0401,0.0000019,0.0574,0.891,118.415,4
spotify:track:65wOCVKLTKCBxLf185DBde,"Move Me No Mountain","In Heat","Love Unlimited",1974-01-01,235333,32,false,1130795251,2022-08-11T07:46:08Z,"philly soul","Island Def Jam",0.678,0.799,8,-6.829,1,0.0478,0.613,0.00378,0.323,0.887,90.113,4
spotify:track:5vS3mB4wxEunxNgoJEGO3t,"Just a Groove","Greatest - Sam Records","Glen Adams Affair",2015-02-23,381346,6,false,1130795251,2022-08-11T11:46:43Z,"post-disco","Crimson",0.84,0.707,5,-11.911,1,0.0628,0.0202,0.00114,0.217,0.602,115.196,4
spotify:track:0zWuabD297eTl19t98U9Yc,"Search for Tomorrow","Say Yeah / Search for Tomorrow","Chain Reaction",2018-12-17,206617,0,false,1130795251,2022-08-15T06:00:18Z,"post-disco","Rain&Shine",0.519,0.913,5,-5.836,0,0.102,0.598,0.0000431,0.748,0.728,112.314,4
spotify:track:0a0mAhYq0GPJ5qTTZ5JRqZ,"Singing And Dancing - 2012 Remaster","Just How Sweet Is Your Love (2012 Remaster)","Rhyze",1980,275693,6,false,1130795251,2022-08-15T14:54:46Z,"post-disco,disco,disco house","Essential Media Group",0.779,0.868,8,-7.622,1,0.138,0.17,0.00659,0.0335,0.726,126.206,4
spotify:track:2Un3DtC5x5VqbVHie1jC8n,"Kesköö","Groove of ESSR: Funk, Disco, Jazz from Soviet Estonia","Els Himma",2019-07-05,166781,0,false,1130795251,2022-08-16T07:47:45Z,"","Funk Embassy Records",0.49,0.698,5,-8.649,0,0.0796,0.75,0,0.144,0.83,123.693,4
spotify:track:50vS2kwdpgWPRuhxrCYbxe,"Good Love","Good Love","Rome Jefferies",1983,354638,0,false,1130795251,2022-08-16T10:20:40Z,"","Rain Records",0.726,0.826,2,-9.281,0,0.0721,0.0628,0.00131,0.38,0.968,111.795,4
spotify:track:51bKVBtq6EVqE1U56ACQyx,"Get Up On Your Feet (Keep On Dancin') - Walter Gibbons 12"" mix","Jungle Music","TC James;The Fist-O-Funk Orchestra;Walter Gibbons",2010-08-16,666546,0,false,1130795251,2022-08-26T09:58:11Z,"","Strut",0.568,0.878,10,-7.197,1,0.0559,0.0152,0.223,0.0914,0.76,111.666,4
spotify:track:2N6xewRtVIdrK3IRZavCCA,"Love Injection","Love Injection","Trussel",1980,476360,32,false,1130795251,2022-09-04T18:40:59Z,"post-disco,chicago house,disco","Rhino/Elektra",0.856,0.655,6,-15.478,1,0.197,0.27,0.000103,0.646,0.814,112.35,4
spotify:track:1SMve8RRwhfTtAiWIvYfAj,"Riding High","Riding High","Faze-O",1977,318360,45,false,1130795251,2022-09-06T09:43:37Z,"","Rhino Atlantic",0.474,0.892,6,-5.844,1,0.103,0.0524,0.0021,0.0883,0.689,96.91,4
spotify:track:2MrY49KwBCEGgc9Q3gBwQd,"Just Let Me Be Close to You 64 Bit Master","Just Let Me Be Close to You 64 Bit Master - Single","The Valentine Brothers",1982-03-17,406595,27,false,1130795251,2022-09-08T09:43:12Z,"post-disco","UFO",0.579,0.731,6,-8.417,1,0.104,0.363,0.000346,0.0516,0.799,80.013,4
spotify:track:2YLu6ZpzkwSM3zJ1hNA6DN,"Disco Circus - Full Length Version","Disco Circus (Full Length Version)","Martin Circus",1978-01-01,842106,20,false,1130795251,2022-09-16T16:11:16Z,"disco","Sony BMG Music Entertainment",0.725,0.811,10,-10.307,0,0.0627,0.0239,0.917,0.342,0.88,119.579,4
spotify:track:4X7hACjMfokfcgfNWPasdZ,"Happy Feelin'","That's The Way Of The World","Earth, Wind & Fire",1975-03-15,215298,44,false,1130795251,2022-09-16T16:56:41Z,"funk,disco","Columbia",0.643,0.729,9,-10.172,1,0.0461,0.062,0.494,0.0457,0.846,130.308,4
spotify:track:5MmiTMo3dJ7IAQJn303mVb,"Just Call","Sherrick","Sherrick",1987-07-29,253000,37,false,1130795251,2022-09-17T16:18:05Z,"post-disco","Warner Records, Inc.",0.733,0.596,8,-9.488,0,0.0426,0.446,0.000272,0.0452,0.826,111.87,4
spotify:track:4ZpH4AvirFsA6X7GanhzzP,"We Have So Much","Dust Yourself Off/Accept No Substitutes","Pleasure",2002-01-01,209173,7,false,1130795251,2022-09-19T18:32:45Z,"go-go,jazz funk,post-disco,funk","Fantasy Records",0.401,0.837,7,-7.055,1,0.092,0.244,0,0.157,0.77,114.371,4
spotify:track:2oeY6egU2q9fMEYStzrQcR,"You Brought It On Yourself","Your Love Is a Life Saver","Gayle Adams",1992-01-01,324933,22,false,1130795251,2022-09-19T18:33:25Z,"post-disco,disco,funk,boogie","UNIDISC MUSIC INC.",0.693,0.66,2,-14.237,1,0.0419,0.00127,0.00823,0.0367,0.683,125.255,4
spotify:track:35qBKEMTujiAxEr1gLjsxl,"When Your Jones Come Down","Soul Jazz Records Presents Disco: A Fine Selection of Independent Disco, Modern Soul and Boogie 1978-82","Sugar Bear Johnson",2015-01-06,404693,0,false,1130795251,2022-09-19T18:34:42Z,"","Soul Jazz Records",0.748,0.643,5,-12.124,0,0.0545,0.0789,0.0112,0.1,0.801,117.751,4
spotify:track:2xA9V7lbVClpuGhsU7SqIz,"Every Girl (Wants My Guy)","Get It Right","Aretha Franklin",1983,389889,33,false,1130795251,2022-09-19T18:35:53Z,"soul,motown,classic soul","Arista",0.813,0.756,11,-8.298,0,0.119,0.0873,0.0000257,0.0319,0.816,118.356,4
spotify:track:27mwyWEiEjmxlcBubRK3p3,"You Got the Best of Me - Remastered Version","Love City (Expanded & Remastered)","Ronn Matlock",2007-10-15,253133,16,false,1130795251,2022-09-19T18:36:27Z,"","Rhino Atlantic",0.855,0.67,11,-9.536,0,0.0291,0.148,0.00255,0.136,0.965,109.197,4
spotify:track:6cN2p2MpWEz6J9JiiNIBLB,"Don't Tell Me You're Sorry","Just for You","Chuck Cissel",1979,217120,13,false,1130795251,2022-09-19T18:36:53Z,"post-disco,aor,northern soul","Arista",0.69,0.786,5,-6.91,1,0.0402,0.026,0,0.453,0.882,121.348,4
spotify:track:4YmKTCL86mpGHUS0sEWAUV,"Float On","Float On","The Floaters",1993-06-22,708866,0,false,1130795251,2022-09-20T07:31:09Z,"classic soul","Geffen*",0.542,0.53,7,-14.192,1,0.0267,0.268,0.000774,0.221,0.616,96.031,4
spotify:track:3UtiDXqFPOPLDqkv29In67,"Does She Have A Friend For Me?","80 + Here's to Love","Gene Chandler",1980,255000,28,false,1130795251,2022-09-20T07:39:30Z,"doo-wop,northern soul","Westside",0.689,0.543,0,-8.635,0,0.0458,0.414,0,0.0635,0.913,89.566,4
spotify:track:62sF6B8b2OyCfXE3mrK0Vd,"Double O One Disco","Clap Hands / Double O One Disco","Highway Motion",2022-09-23,206668,1,false,1130795251,2022-09-29T08:25:27Z,"","Freestyle Records",0.596,0.851,1,-11.272,1,0.0516,0.000161,0.387,0.283,0.962,133.701,4
spotify:track:7l7Lrb8GNwv5VMnHbLvNJm,"Give Your Best To The Master","Pray Again","Shirley Finney",1978-10-04,294746,1,false,1130795251,2022-10-01T12:35:33Z,"funk gospel","Savoy Records",0.425,0.826,11,-7.589,0,0.0613,0.336,0.0000102,0.473,0.694,131.405,4
spotify:track:23SUNTkfioBRmsF1bLKKjt,"Rising Cost Of Love","Live And Learn","Elkie Brooks",1979-01-01,300680,17,false,1130795251,2022-10-01T17:40:44Z,"","UMC (Universal Music Catalogue)",0.651,0.786,1,-12.31,0,0.0534,0.591,0.48,0.201,0.837,108.926,4
spotify:track:3GSGw6hDOBdK6QtEnrj6Xt,"Happy","Joey Negro presents It's A Summer Groove Vol.1","Sandi Havens",2009-07-20,416026,2,false,1130795251,2022-10-01T17:41:16Z,"post-disco,northern soul","Z Records",0.682,0.861,6,-7.984,1,0.352,0.108,0.0000771,0.0707,0.69,121.749,4
spotify:track:1rGzmtqPURQKFjHULWKhFP,"I Got The Vibes","The Gospel Truth: Complete Singles Collection","Joshie Jo Armstead",2020-09-17,136029,3,false,1130795251,2022-10-01T17:42:03Z,"funk gospel,northern soul","Craft Recordings",0.52,0.888,5,-8.553,0,0.181,0.509,0,0.166,0.612,109.55,4
spotify:track:1HgHt4sB6yBdZonYDIa1db,"Put a Little Love into It (When You Do It)","Aint It Good Feeling Good","Eloise Laws",1977-01-01,309846,3,false,1130795251,2022-10-03T09:17:44Z,"northern soul","Crimson",0.629,0.715,5,-14.095,1,0.0328,0.221,0.00692,0.0523,0.97,109.247,4
spotify:track:6duvTgkdmF0E8iXOCBSn0o,"Set It Out - 7"" Version","Set It Out","Conway Brothers",2022-09-19,243933,16,false,1130795251,2022-10-06T14:13:12Z,"post-disco","Star Creature Universal Vibrations",0.726,0.89,2,-5.475,1,0.124,0.00142,0.00675,0.0882,0.876,121.15,4
spotify:track:78vp27iQwYYbPVF2Wiz5gh,"You're What I Need","You're What I Need","Sweet Clover",2022-10-14,260500,3,false,1130795251,2022-10-14T10:34:43Z,"","Kalita Records",0.659,0.812,9,-8.442,1,0.0432,0.196,0.00000113,0.365,0.724,118.696,4
spotify:track:1kGS9IwjhswmRMLNq4t9u6,"Got to Find My Way","Take It on Up","Pockets ",1978-05-30,231600,6,false,1130795251,2022-10-17T12:36:58Z,"","Legacy Recordings",0.801,0.756,6,-3.851,0,0.0784,0.294,0.00646,0.0716,0.928,117.18,4
spotify:track:56bNrEhLpClRc3y2bxil9T,"Tantalizing","Greatest Hits","Jerry & The Champions",2012-07-20,201106,1,false,1130795251,2022-10-17T13:18:40Z,"boogie","Clayboard Records",0.734,0.718,0,-4.704,1,0.0339,0.0205,0,0.261,0.671,111.564,4
spotify:track:4ixULxuG6R6U6iBtTTXpAc,"I.D.O.","I.D.O.","Tantara",2019-11-08,232057,1,false,1130795251,2022-10-17T13:50:26Z,"thrash metal,speed metal","President Records",0.782,0.693,11,-6.239,0,0.0874,0.239,0.0000171,0.153,0.837,124.461,4
spotify:track:2mgSNWaJj9apdrYjuc0Yzx,"I'll Get to That","A Touch of Class (Remembering James Brown)","Tom Sanders",2012-08-28,221266,21,false,1130795251,2022-10-17T13:57:42Z,"funk","Portra Records",0.935,0.659,9,-9.945,0,0.0602,0.353,0.139,0.0357,0.96,122.957,4
spotify:track:6ZjVLAUoMQDYgQnlZUqtWM,"Baby I'm Scared of You","Love Wars","Womack & Womack",1983,338160,47,false,1130795251,2022-10-18T14:05:52Z,"","Rhino/Elektra",0.607,0.647,3,-10.587,0,0.0389,0.0574,0.000159,0.052,0.891,107.925,4
spotify:track:3f2jyAiDo67G1hlYI0pzxl,"Good Good Music","Silver Vibrations","Roy Ayers",1983,351613,9,false,1130795251,2022-10-24T14:37:14Z,"jazz funk,acid jazz,funk","BBE Music",0.789,0.876,2,-8.182,1,0.14,0.0639,0.023,0.0826,0.704,126.863,4
spotify:track:277DcfMOgfgEoMCAGaVOxh,"Evil Vibrations","The Craig Charles Funk & Soul Club, Vol. 6","The Mighty Ryeders",2018-11-30,222386,22,false,1130795251,2022-10-26T07:37:21Z,"","Freestyle Records",0.462,0.938,11,-3.168,0,0.0628,0.0676,0.0000231,0.0959,0.937,112.848,4
spotify:track:2DhajeZS9iMjKyQlYFaOWq,"Keep That Same Old Feeling","1860 Band","1860 Band",2009-01-01,307500,0,false,1130795251,2022-10-27T08:40:18Z,"jazz funk","Video Pacific Communications",0.592,0.451,3,-18.478,1,0.0354,0.671,0.608,0.105,0.912,110.73,4
spotify:track:4K5U0C2A7B0kta5CHXWB1F,"Let Your Love Rain Down On Me","Malaco Soul Sisters","Jewel Bass",2010-03-16,234586,23,false,1130795251,2022-10-27T12:08:19Z,"northern soul","Malaco Records",0.681,0.692,6,-9.141,0,0.0302,0.172,0.000143,0.0621,0.734,112.107,4
spotify:track:4YEaCjG1OZxK0Q5VStiR3l,"Do You Realize","Fantasy","Aquarian Dream",1978,283840,32,false,1130795251,2022-10-27T13:05:09Z,"jazz funk,post-disco,northern soul","Rhino/Elektra",0.392,0.697,7,-11.988,1,0.0906,0.509,0.00585,0.531,0.704,80.146,4
spotify:track:65AyIGUaahsjn7XGKpf5yp,"Captain Connors - 12"" Version","The Essential Norman Connors - The Buddah/Arista Years","Norman Connors",2018-03-16,445640,7,false,1130795251,2022-10-30T10:06:25Z,"quiet storm,philly soul,classic soul,jazz funk","Buddah/Legacy",0.658,0.717,10,-10.332,0,0.0809,0.00242,0.748,0.128,0.879,128.511,4
spotify:track:2vNRQmWAAMdLPLzrZQlbaI,"Warm","Warm - An Elite Lesson in Future R & B","Beverley Skeete",2000,346426,6,false,1130795251,2022-10-31T09:45:03Z,"post-disco","Disorient",0.647,0.494,10,-11.66,0,0.0832,0.122,0.000153,0.0548,0.735,100.322,4
spotify:track:1GBESqhsCOVrsHV8qdE7IY,"Kansas City","Kansas City","The Movers",1979-04-23,435439,7,false,1130795251,2022-11-02T10:02:13Z,"","The Gallo Record Company Vault",0.58,0.737,0,-11.783,0,0.0323,0.0217,0.0000134,0.284,0.897,117.924,4
spotify:track:1fReqnUh1Rcatgk8YfZUN7,"Na Real Sekele Fo'Ya","African Funk Experimentals (1979 to 1981)","Pasteur Lappe",2016-04-22,380217,42,false,1130795251,2022-11-06T11:44:55Z,"afrobeat","Africa Seven",0.734,0.86,9,-8.062,1,0.0674,0.219,0.514,0.651,0.863,117.14,4
spotify:track:4QHFZhYuhKczwn0NGBFOcM,"Steppin' out on the Groove","Steppin' Out on the Groove","Tony Jackson",2022-11-04,349116,9,false,1130795251,2022-11-15T14:29:43Z,"","Freestyle Records",0.818,0.8,9,-9.032,0,0.057,0.363,0.0921,0.188,0.924,117.379,4
spotify:track:1W5mg8IPaBqrQhaxop5vz1,"Out Of My Hands (Love's Taken Over) - Vocal Mix","Out Of My Hands (Love's Taken Over)","Unfinished Business",2012-07-01,439414,26,false,1130795251,2022-11-27T13:29:36Z,"disco house,chicago house","Still Music",0.841,0.819,9,-5.584,1,0.0968,0.0222,0.00506,0.0242,0.815,130.591,4
spotify:track:6wKAZB2lwOWeqpwquNHThG,"Very Special","Very Special","Debra Laws",1981,268173,56,false,1130795251,2022-12-01T12:12:19Z,"quiet storm","Rhino/Elektra",0.54,0.523,8,-9.358,0,0.0563,0.585,0,0.0594,0.556,147.322,4
spotify:track:67OOgbV2tnbkMjWSgIrWMx,"Nisyan","Compilation","Ahmed Fakroun",2010-10-07,257019,43,false,1130795251,2022-12-05T13:35:22Z,"","fakrounmusic",0.874,0.316,4,-15.596,1,0.113,0.189,0.0147,0.0691,0.919,98.179,4
spotify:track:5LE8IcSvqVtMI1M5a4V1bx,"From the Bottom of My Heart (Disco Socks)","From the Bottom Of My Heart (Disco Socks) / Sarasota (Que Bueno Esta)","Omni",1979,388999,0,false,1130795251,2022-12-13T13:02:39Z,"","Terrestrial Funk",0.665,0.725,5,-8.917,0,0.0642,0.00282,0.00646,0.131,0.773,123.219,4
spotify:track:69gHe85BMrem1uRoiek6mo,"Saturday Night","Kinsman Dazz","Kinsman Dazz",1978,293960,5,false,1130795251,2022-12-13T13:04:05Z,"post-disco","Mercury Records",0.75,0.454,5,-13.348,1,0.0564,0.0756,0.553,0.0753,0.945,95.311,4
spotify:track:2LLECz2Kz3UBZyPXBTL1uc,"I Might As Well Forget About Loving You","Kinsman Dazz","Kinsman Dazz",1978,216093,11,false,1130795251,2022-12-13T13:04:26Z,"post-disco","Mercury Records",0.631,0.452,10,-12.948,1,0.0417,0.665,0.00000915,0.092,0.895,144.687,4
spotify:track:2XV72ZpIs4BNeS01fvv3IG,"Stop Fantasy","Stop Fantasy","Plustwo",2021-06-13,242700,35,false,1130795251,2022-12-13T13:05:35Z,"italo disco","Plustwo",0.834,0.551,0,-6.76,0,0.0483,0.308,0.0376,0.054,0.77,114.049,4
spotify:track:5eCY2LP7f6lhn5nEGhp9El,"Searching to Find the One","Searching to Find the One","Unlimited Touch",1980,309720,36,false,1130795251,2022-12-13T13:08:38Z,"post-disco,disco,funk,boogie","UNIDISC MUSIC INC.",0.671,0.701,1,-10.677,0,0.0786,0.0075,0.00188,0.283,0.866,114.106,4
spotify:track:4AmG6NOFB8901aYSpbPfk1,"Just As Long As I Got You","Salsoul Classics Vol. 1","Love Committee",1990-10-25,517733,0,false,1130795251,2022-12-13T13:09:03Z,"philly soul,disco","Salsoul Records",0.65,0.755,7,-9.13,0,0.0696,0.0231,0.0000769,0.104,0.853,123.66,4
spotify:track:6ZHdz6Exl8iFqOY9df2GkP,"What a Funky Night (Remastered) [Single Version] [Bonus Track]","Tight (Remastered)","Harri Stojka Express",2017-04-22,247498,15,false,1130795251,2022-12-22T21:05:51Z,"","Gypsy Production",0.964,0.656,7,-6.132,1,0.115,0.0739,0.0466,0.307,0.876,118.894,4
spotify:track:6pR8Q9MsvqEs4xXyig4mR4,"I'm About Loving You","Playlist: The ATCO Singles","Al Hudson;Al Hudson, The Soul Brothers",2017-04-14,174706,26,false,1130795251,2022-12-29T08:40:24Z,"northern soul","Rhino",0.625,0.721,8,-6.063,1,0.0478,0.2,0.00479,0.273,0.908,100.551,4
spotify:track:7galKAgCM9ViG6ztiaoQkU,"Where Were You Last Night (Sexy Lady)","Tryin To Survive","Sumy",2015-01-19,250293,4,false,1130795251,2023-01-04T09:25:10Z,"boogie,post-disco","Rush Hour",0.825,0.478,1,-8.95,1,0.0553,0.000522,0.0788,0.155,0.748,125.721,4
spotify:track:62xn6QmlDKAyEXKKDp1SCP,"Step On","Peace & Harmony","Harry Mosco",2019-05-17,397917,0,false,1130795251,2023-01-04T09:26:44Z,"afropop,afrobeat","Isle of Jura Records",0.934,0.906,7,-6.195,0,0.0921,0.381,0.0334,0.343,0.871,120.049,4
spotify:track:4f94Nu7azEunjiMIxqKBv1,"So Different","Your Place or Mine / So Different","Kinky Foxx",1980-12-17,410893,24,false,1130795251,2023-01-04T09:27:25Z,"post-disco,funk,boogie","Becket Records",0.673,0.475,8,-14.444,0,0.198,0.0293,0.0000762,0.164,0.93,110.697,4
spotify:track:5tW3bWknVMFQWyElQ2TCKZ,"Thug Rock","Thug Rock","Sandy Kerr",2014-06-03,382291,6,false,1130795251,2023-01-04T09:27:47Z,"chicago house,post-disco,boogie","Essential 12" Classics",0.903,0.597,6,-9.094,1,0.102,0.0241,0.0000484,0.332,0.8,115.278,4
spotify:track:6MO1MU2xCnTDFFsAyGTSFa,"Sunshine","Pulse (Digitally Remastered)","Pulse",2013-07-02,206059,1,false,1130795251,2023-01-05T09:01:19Z,"","Essential Media Group",0.632,0.738,0,-9.602,1,0.0579,0.335,0.00046,0.0822,0.712,120.693,4
spotify:track:7aWEvJIyzFSBzZCqlS8hNK,"Just Us","Two Tons O' Fun","Two Tons Of Fun",1979-02-06,279666,15,false,1130795251,2023-01-05T09:02:23Z,"post-disco","Fantasy",0.683,0.83,1,-8.46,1,0.0756,0.274,0,0.433,0.775,103.481,4
spotify:track:2IllryBU9oFx61KtdM1dqO,"Tell You (Today) - 12"" Vocal","Tell You (Today)","Loose Joints",1983-01-01,422389,0,false,1130795251,2023-01-05T12:46:33Z,"post-disco,chicago house,ballroom vogue,disco","West End Records",0.863,0.684,9,-7.832,0,0.135,0.134,0.354,0.0831,0.961,125.409,4
spotify:track:065o5Vhiq7Dx6JXF0e33S8,"Back Together Again (feat. Donny Hathaway)","A Donny Hathaway Collection","Roberta Flack;Donny Hathaway",2007-01-29,290973,54,false,1130795251,2023-01-05T13:14:20Z,"adult standards,classic soul,soul","Atlantic Records",0.776,0.937,1,-5.477,0,0.0743,0.183,0.000977,0.293,0.91,111.027,4
spotify:track:00XuZXr2f7d9KJro7jwyPG,"We Gettin' Down","Spirit Man","Weldon Irvine",1975-04-01,349953,26,false,1130795251,2023-01-05T13:23:47Z,"jazz funk","RCA/Legacy",0.564,0.531,10,-12.363,0,0.11,0.134,0.00165,0.206,0.838,111.993,4
spotify:track:3QA6WJIHY1psCHDy6jqqFz,"I Love You Dancer","The Best of Voyage","Voyage",1991-01-01,334973,0,false,1130795251,2023-01-12T15:16:41Z,"disco","BMG Rights Mgmt France SARL",0.753,0.921,10,-5.543,0,0.0626,0.423,0.495,0.37,0.841,115.509,4
spotify:track:4Kt3qsojQaUY0THYxb7bqD,"Summer Grooves","Back Street Brit Funk compiled by Joey Negro","Mirage",2010-05-10,335480,0,false,1130795251,2023-01-13T11:07:16Z,"post-disco","Z Records",0.773,0.526,10,-14.012,0,0.0462,0.106,0.191,0.151,0.962,118.542,4
spotify:track:6KNzZgv1btzFLgsEq55eLb,"Happiness Is Just Around the Bend","Euphrates River (Bonus Track Version)","The Main Ingredient",1974,379853,29,false,1130795251,2023-01-13T11:16:09Z,"classic soul,philly soul","RCA/Legacy",0.696,0.644,1,-8.056,1,0.0495,0.348,0.0072,0.201,0.839,124.603,4
spotify:track:3BdRaJQ5MR7tglmidQg16D,"Just Let Me Do My Thing","Happy Is the Only Way","Sine",1977-01-01,416120,8,false,1130795251,2023-01-13T11:18:35Z,"post-disco","UNIDISC MUSIC INC.",0.702,0.557,10,-12.415,1,0.0297,0.000291,0.00556,0.12,0.686,116.448,4
spotify:track:2Elq4tZhCUP6OCAgL3600D,"Born to boogie","Rare Funk HS DUTCH","Steve Watson",2000-01-01,205120,14,false,1130795251,2023-01-14T09:03:17Z,"disco","RRNJ",0.744,0.619,2,-9.525,1,0.108,0.212,0.103,0.172,0.699,118.322,4
spotify:track:3ZES1uWQ6hW2lTsBIAE7ZO,"Driving on Broadway","Peter Micioni","Peter Micioni",1982,448998,12,false,1130795251,2023-01-16T14:46:54Z,"italo disco","Big Doings",0.896,0.641,0,-11.912,1,0.078,0.159,0.0218,0.105,0.804,123.169,4
spotify:track:1aN17EmQVsfd6ALYbMT136,"He Loves You","Under The Influence Vol.10 compiled by Rahaan","Wings of Light",2022-09-30,301679,7,false,1130795251,2023-01-16T16:30:45Z,"","Z Records",0.577,0.686,1,-8.506,1,0.0477,0.629,0.0000259,0.196,0.841,115.869,4
spotify:track:4Iw15DmG5RKhh34qMAL5fq,"Bring Your Sweet Stuff Home To Me","Having A Party","The Pointer Sisters",1977-11-12,220626,17,false,1130795251,2023-01-17T16:33:05Z,"disco","Hip-O Select",0.407,0.95,2,-8.927,1,0.0767,0.297,0.00287,0.626,0.539,116.129,4
spotify:track:1CRfa3yl96aSURQ2N8hksJ,"(Don't Cha Wanna) Get Down Get Down","Love Freak","South Side Coalition",2007-10-31,194385,8,false,1130795251,2023-01-18T15:22:25Z,"disco house","Mainstream Records",0.708,0.81,4,-7.515,0,0.045,0.08,0.711,0.118,0.827,127.693,4
spotify:track:2J7xJcaxx8IuhAheIjDzdz,"No Limit","Breakwater","Breakwater",1978,255826,29,false,1130795251,2023-01-19T17:22:49Z,"post-disco","Arista/Legacy",0.646,0.666,1,-12.691,1,0.0465,0.125,0.0000154,0.062,0.73,109.175,4
spotify:track:21LXAFeRB4WwBSpHx523Yq,"I'm in Love","Disco Documentary - Full of Funk","Nana Love",2014-08-11,707834,13,false,1130795251,2023-02-06T21:29:28Z,"","BBE Music",0.62,0.879,9,-5.036,0,0.0289,0.00162,0.553,0.0761,0.821,129.147,4
spotify:track:4WMau5HXA0kKeHJMtLRxSG,"Wet My Whistle","The Best of Midnight Star","Midnight Star",2014-08-11,311053,0,false,1130795251,2023-02-11T12:02:54Z,"post-disco,funk,quiet storm","Sanctuary Records",0.82,0.822,7,-5.335,0,0.0365,0.0904,0.0000359,0.0524,0.935,113.838,4
spotify:track:69R1ksDuwkkH21wsoBzIQq,"Music","One Way (Expanded Version)","One Way;Al Hudson",1979-11-01,438813,33,false,1130795251,2023-02-14T12:50:20Z,"funk,post-disco,northern soul","Geffen",0.789,0.481,10,-14.984,0,0.0746,0.00267,0.00209,0.0702,0.486,120.067,4
spotify:track:4n3pRHNe0a5jj3ii2QXQY5,"Love Is in You - Remix","Disco Choo Choo","Nightlife Unlimited",1979-01-01,425160,37,false,1130795251,2023-02-16T20:53:59Z,"disco,post-disco,hi-nrg,italo disco","UNIDISC MUSIC INC.",0.826,0.795,11,-8.471,0,0.0479,0.0248,0.00584,0.0435,0.945,129.651,4
spotify:track:0mQkzH8MK9htPdTlYmwQya,"Crazy Love","It Must Be Love","Alton McClain & Destiny",1978-01-01,419266,18,false,1130795251,2023-02-16T20:59:20Z,"post-disco","Universal Records",0.605,0.728,10,-11.702,0,0.0354,0.0594,0.0103,0.479,0.966,107.669,4
spotify:track:6umB71146Q65f7dTXN0XLg,"Disco Man Part 1 & 2","Mainstream Disco Funk","Three Ounces of Love",2023-02-24,365250,1,false,1130795251,2023-02-24T16:35:53Z,"","WeWantSounds",0.604,0.774,8,-11.219,1,0.0691,0.0663,0.000354,0.19,0.601,121.537,4
spotify:track:5x4gdMATQau9gIAL5NRlJl,"Hit On You - Extended Version","Hit On You","Roundtree",2012-01-31,331906,12,false,1130795251,2023-03-01T22:11:39Z,"","High Fashion Digital",0.787,0.939,8,-4.492,0,0.0604,0.387,0.0328,0.12,0.924,117.284,4
spotify:track:3YjyRX964KN1XtmRkJMev6,"You + Me = Love - 12"" Single Version","Method To The Madness","The Undisputed Truth",1976-12-28,674666,26,false,1130795251,2023-03-14T13:14:29Z,"","Rhino/Warner Records",0.603,0.787,5,-7.124,0,0.0531,0.422,0.0379,0.18,0.697,129.825,4
spotify:track:1ED87KotKtaIilIWKsYYc5,"In the Mood","In the Mood with Tyrone Davis (Expanded Edition)","Tyrone Davis",1979,249613,52,false,1130795251,2023-03-16T15:58:00Z,"blues,zydeco,classic soul,footwork,northern soul,soul blues,soul","Columbia/Legacy",0.599,0.398,7,-10.14,0,0.03,0.201,0.00324,0.245,0.504,69.709,4
spotify:track:3ZquXnAKJRjrdEqWeeftxk,"Get On Up Disco","I Can't Go On This Way","Tyrone Davis",1978,595972,11,false,1130795251,2023-03-16T15:58:22Z,"blues,zydeco,classic soul,footwork,northern soul,soul blues,soul","Legacy Recordings",0.845,0.642,9,-12.276,0,0.0353,0.00173,0.163,0.0759,0.964,116.899,4
spotify:track:53SXGx99VNnFyvpJzTfWNJ,"Save Your Love For Me - Bonus Track","Good To Go Lover","Gwen Guthrie;Surface",1986-01-01,290520,26,false,1130795251,2023-03-27T13:22:44Z,"post-disco,disco,quiet storm,new jack swing","Mercury Records",0.67,0.467,11,-13.721,0,0.0539,0.218,0.0000469,0.0436,0.593,96.59,4
spotify:track:3eWZfxxfWghHfXkvEpTjSM,"We've Got to Make It","We've Got to Make It","Glen Adams Affair",1980-01-01,360257,0,false,1130795251,2023-03-28T14:32:05Z,"post-disco","Crimson",0.828,0.873,10,-11.961,1,0.0506,0.062,0.000821,0.059,0.681,130.22,4
spotify:track:3bPDQuLTZUVvK8uhi0WSUr,"So Nice","Unforgettable","Leroy Hutson",1979-01-01,323371,0,false,1130795251,2023-03-29T08:38:34Z,"","Acid Jazz",0.623,0.552,11,-14.34,1,0.0406,0.0222,0.00686,0.0609,0.905,89.738,4
spotify:track:5pqOIASrmx8AlpYeasMKa7,"We Have All The Time","Edits By Mr K. - Sampler #3","Milton Hamilton",1976,444893,0,false,1130795251,2023-04-13T09:59:37Z,"rocksteady,disco,post-disco","Strut",0.521,0.823,5,-7.604,1,0.0369,0.000568,0.0223,0.351,0.803,130.844,4
spotify:track:2vRjlKj1bn5wkXbGj3peBV,"Bad Habits","Jenny Burton","Jenny Burton",1985,328960,32,false,1130795251,2023-04-16T20:52:38Z,"post-disco,freestyle,chicago house","Rhino Atlantic",0.746,0.598,0,-13.46,1,0.148,0.274,0.000232,0.0894,0.792,103.531,4
spotify:track:4Ef2Q06XV2XXj4nmopkVeV,"I'm Into Your Love","Under the Influence Vol. 9 compiled by Alena Arpels [Digital Sampler]","Executive Jam",2021-09-17,211797,4,false,1130795251,2023-04-16T20:57:05Z,"","Z Records",0.575,0.864,2,-5.732,1,0.16,0.41,0.0000118,0.0737,0.793,115.289,4
spotify:track:3rmN7r79gbUVq2aWrAHXt0,"Weekend - M&M Mix","Weekend","Class Action;Chris Wiltshire",1983-03-15,579066,9,false,1130795251,2023-04-24T11:25:29Z,"post-disco,chicago house","Sleeping Bag Records",0.91,0.713,0,-10.693,0,0.0847,0.113,0.0503,0.378,0.856,121.889,4
spotify:track:79rYF4OB9vQtLlT65jtjVV,"You Know I Love You","Peoples Potential Family Album","George Smallwood",2014-03-24,319033,15,false,1130795251,2023-04-28T14:57:31Z,"funk","Peoples Potential Unlimited",0.877,0.436,0,-11.806,1,0.103,0.0676,0.00402,0.0638,0.924,106.481,4
spotify:track:7uxejXrpV3VL8c9jw5FtSu,"Strike A Spark","Feelings","Chateau",2019-08-30,272202,15,false,1130795251,2023-04-28T15:00:03Z,"post-disco","Past Due Records",0.901,0.493,6,-8.41,0,0.0899,0.28,0.000242,0.0687,0.952,117.899,4
spotify:track:6ZtwSE5s59VVx5KqTNDwQg,"Feelings","Feelings","Chateau",2019-08-30,255454,33,false,1130795251,2023-04-28T15:00:15Z,"post-disco","Past Due Records",0.815,0.563,1,-8.324,0,0.0864,0.377,0.0000116,0.0575,0.868,121.553,4
spotify:track:72hE5XanWc7hWNRjh6c55t,"Just a Chance in Life","Just a Chance in Life","The Last Generation",2012-09-07,268093,6,false,1130795251,2023-04-28T15:01:09Z,"","Légère Recordings",0.554,0.681,9,-8.83,0,0.0931,0.267,0.000435,0.351,0.876,123.124,4
spotify:track:4h9zpwDbzKKCL4yzPPptoQ,"This Party Is Just For You","Joey Negro's 2012 Essentials","Special Touch",2012-12-10,397163,7,false,1130795251,2023-04-28T15:03:33Z,"","Z Records",0.781,0.768,11,-7.906,0,0.229,0.00798,0.000514,0.0568,0.704,112.41,4
spotify:track:3H1xEuv24nu9VOBzCnDxsN,"Just Me'N You","Just Me'N You","J.R. Bailey",1974-01-01,341506,0,false,1130795251,2023-05-04T12:22:24Z,"","Chrysalis Copyrights",0.574,0.583,10,-9.148,1,0.0422,0.46,0,0.04,0.78,88.374,4
spotify:track:5Xbh42SKIIYfZIVP0evtH8,"Touch Me Again","Who Are You","Soul Liberation",2015-06-08,244141,19,false,1130795251,2023-05-05T08:01:11Z,"funk gospel,post-disco","BBE Music",0.496,0.859,11,-6.612,0,0.133,0.437,0.00352,0.376,0.649,109.39,4
spotify:track:5nGHQwTD1PtrwwiZIp9AE6,"Deep South Is","Deep South Is / A Touch of Soul","Deep South Band",2022-03-17,199645,0,false,1130795251,2023-05-08T07:57:56Z,"","Clap City Records",0.715,0.803,5,-7.599,1,0.0363,0.193,0.14,0.053,0.964,121.898,4
spotify:track:0xilsk1U8P0bEgoYKfI43H,"Ecology","Ecology","Anubis",2017-06-09,238903,10,false,1130795251,2023-05-18T10:01:24Z,"","AOE",0.531,0.821,5,-9.062,1,0.0469,0.34,0.233,0.124,0.859,120.069,4
spotify:track:2K5jOpFzoeY9jI6IGPPuti,"Prisoner Of My Weakness","Prisoner Of My Weakness","Billy Evans",2023-05-19,333252,3,false,1130795251,2023-05-19T09:15:18Z,"smooth jazz","Kalita Records",0.652,0.798,8,-6.529,1,0.0722,0.0236,0,0.072,0.699,129.161,3
spotify:track:7GF414o13Qs9fVQtDV4hrD,"Candidate for Love","House of Music","T.S. Monk",1980-01-01,295335,38,false,1130795251,2023-06-07T16:48:49Z,"post-disco","Mirage Records / Unidisc Music Inc.",0.645,0.807,6,-8.29,1,0.0605,0.131,0.000816,0.719,0.578,119.449,4
spotify:track:3uiqEyrhXb1fbnSUZyrc84,"If I Love You","If I Love You","G.C. Cameron",2023-05-17,393000,5,false,1130795251,2023-06-08T12:58:53Z,"motown,northern soul","Soundway Records Ltd",0.834,0.725,5,-8.764,1,0.0544,0.174,0.0359,0.0743,0.852,115.008,4
spotify:track:3MyhqdYjuDbitQoAqYJqoM,"Didn't You Know It","Shine On Me","One Way",1983-01-01,271466,11,false,1130795251,2023-06-15T07:32:35Z,"funk,post-disco","Geffen",0.894,0.706,2,-7.737,0,0.127,0.19,0.0000184,0.312,0.956,108.917,4
spotify:track:7tYZaZy8n83oa5Wj1yEuv0,"Lovin' You (Is Such An Easy Thang To Do)","Bustin' Loose (Music From The Original Motion Picture Soundtrack)","Roberta Flack",1981-06-05,355778,16,false,1130795251,2023-06-16T12:30:58Z,"adult standards,classic soul","Geffen",0.809,0.587,9,-8.384,1,0.0541,0.0115,0.00539,0.124,0.966,111.348,4
spotify:track:6GOXgcO7D2UpUQPTlz7CxI,"Goin' to See My Baby","Let's Do It Again","Fatback Band",2022-09-16,197253,0,false,1130795251,2023-06-17T20:23:54Z,"funk,post-disco,jazz funk","Ace Records",0.738,0.631,9,-8.514,0,0.0423,0.0417,0.00301,0.041,0.758,112.372,4
spotify:track:1c5KZhtOAOH7eFOlBekNhS,"I Like It","All This Love","DeBarge",1982-04-28,279400,69,false,1130795251,2023-06-18T20:30:20Z,"quiet storm","UNI/MOTOWN",0.675,0.732,9,-4.5,1,0.0443,0.452,0.0000184,0.201,0.83,175.01,4
spotify:track:0MmqarCGnnEfxKCaaZx88t,"I'm Always Dancin' to the Music","I'm Always Dancin' to the Music","Benny Golson",1978,378679,26,false,1130795251,2023-06-20T11:21:40Z,"hard bop,jazz,jazz ballads,bebop,cool jazz","Legacy Recordings",0.683,0.597,2,-11.149,0,0.148,0.394,0.000371,0.0718,0.915,180.581,4
spotify:track:4wzZkoEwIRmcbY47WptrkV,"Bad Times","Supercharged","Tavares",1980,436506,22,false,1130795251,2023-06-21T12:04:05Z,"disco,philly soul","Capitol Records",0.68,0.559,7,-13.518,1,0.0457,0.0698,0.000195,0.113,0.802,93.844,4
spotify:track:7ibmqk9QDdYeBKiDhgNtJh,"Party Line","More, More, More","Andrea True Connection",1976,406933,15,false,1130795251,2023-06-24T12:53:29Z,"disco","Legacy Recordings",0.63,0.737,8,-10.217,1,0.0273,0.0621,0.188,0.132,0.648,110.121,4
spotify:track:3VnL3Eh8cPBU6lkGZfDlSm,"Boogie Down","Virgin Ubiquity: Unreleased Recordings 1976 - 1981","Roy Ayers;Carla Vaughn",2018-12-01,366693,12,false,1130795251,2023-07-03T07:58:02Z,"jazz funk,acid jazz,funk","BBE Music",0.609,0.786,5,-9.013,0,0.0298,0.15,0.000107,0.205,0.655,100,4
spotify:track:6v7uxeaLYyIct1y0v7agJK,"Danger Zone - Extended Version","Midnight Express Show Band","Midnight Express",1989-03-16,304666,0,false,1130795251,2023-07-03T15:43:37Z,"","Ronea Records",0.81,0.415,9,-14.35,0,0.0592,0.0436,0.227,0.0477,0.912,117.156,4
spotify:track:3Sxy56ATCuzf9zFSHirV9h,"Pleasure Principle","Pleasure Principle","Parlet",1978-07-02,536688,0,false,1130795251,2023-07-07T10:44:58Z,"post-disco,funk","Casablanca",0.672,0.577,5,-11.268,0,0.103,0.359,0.00188,0.6,0.887,115.048,4
spotify:track:5eF5Jxdygu514VHDJfHLaW,"Can't Touch Me Anymore","Can't Touch Me Anymore","Strike One",2020-02-28,310122,21,false,1130795251,2023-07-10T09:05:02Z,"post-disco","High Fashion Music",0.8,0.758,2,-7.306,0,0.0986,0.594,0.00455,0.34,0.815,113.736,4
spotify:track:6B7xqEQQxBjOOtwibjctEM,"Pleasure","Pleasure","General Lee",1979-01-01,237773,18,false,1130795251,2023-07-25T21:31:34Z,"","Numero Group",0.628,0.588,9,-9.264,0,0.034,0.504,0.000419,0.275,0.78,114.929,4
spotify:track:29XjG9j94tRh2SY7sBdEMq,"Dancin' to the beat","Rare Funk & Disco 38","Henderson & Whitfield",2000-01-01,372733,0,false,1130795251,2023-08-04T21:43:33Z,"","RRNJ",0.786,0.869,0,-10.76,1,0.0493,0.0984,0.0129,0.0899,0.801,118.533,4
spotify:track:5yggVrTCh6RIyGLhPkqA3p,"Get Down Friday Night - Special Remix","Get Down Friday Nite (Special Remix)","The Fantastic Aleems;Leroy Burgess",1982-01-05,447817,1,false,1130795251,2023-08-04T21:46:07Z,"post-disco,nu disco,funky house","Night Train International",0.739,0.935,4,-7.068,0,0.115,0.323,0.00000542,0.101,0.853,114.418,4
spotify:track:6aqmdsRsxcPqv6Ruz2ybY2,"Feeling Good","Getting In The Mood","Mandrill",1980,185480,10,false,1130795251,2023-08-14T13:51:27Z,"funk,jazz funk,funk rock","Legacy Recordings",0.646,0.931,2,-5.925,1,0.118,0.0661,0.0924,0.0774,0.733,124.496,4
spotify:track:3ZCfMLSEXPkDcGo26DlhK8,"Sold On You","Love Brought Me Back (Expanded Edition)","D.J. Rogers",1978-05-01,281880,6,false,1130795251,2023-08-31T10:29:55Z,"","Columbia/Legacy",0.487,0.849,1,-6.468,1,0.0556,0.358,0.0131,0.0483,0.748,104.488,4
spotify:track:3iTVFrNS3b59bVAJQRS8Gr,"Eyes On You - Remastered","Dayton","Dayton",2010-01-01,405466,13,false,1130795251,2023-08-31T12:25:42Z,"post-disco,funk","Capitol Records",0.66,0.803,3,-7.29,0,0.0516,0.00825,0.13,0.0815,0.811,120.883,4
spotify:track:6mKG7En53U9BtGbUip0BPj,"Shine the Light of Love","Shine the Light of Love","Googie Coppola;Tom Coppola",1980-05-02,319413,7,false,1130795251,2023-08-31T15:08:37Z,"aor","Legacy Recordings",0.68,0.803,0,-8.375,1,0.147,0.0743,0,0.528,0.7,114.128,4
spotify:track:1PLq6pqMFOxWm8cSP77uOg,"Love Is in You","Disco Choo Choo","Nightlife Unlimited",1979-01-01,743933,27,false,1130795251,2023-08-31T15:20:36Z,"disco,post-disco,hi-nrg,italo disco","UNIDISC MUSIC INC.",0.868,0.501,11,-8.779,0,0.115,0.00148,0.00728,0.0434,0.875,129.488,4
spotify:track:63ErA9Ve07ztCZTaaJ8yO7,"Touch My Heart","Rough Diamond","Madleen Kane",1978,335226,17,false,1130795251,2023-08-31T15:28:15Z,"disco","Rhino/Warner Records",0.862,0.51,5,-16.878,0,0.0568,0.0684,0.716,0.0331,0.961,111.657,4
spotify:track:6M3m6ub4qTlLcY9A5jEIGd,"My Darling","A Song for You (LP)","Rainbow Team",1982,275000,28,false,1130795251,2023-08-31T15:29:19Z,"post-disco,disco,italo disco","Full Time Production",0.834,0.446,7,-10.914,0,0.0525,0.193,0.00175,0.331,0.926,117.697,4
spotify:track:1zd6KQwyiTF7Seo5LvyI1i,"Miss Lady","Miss Lady","Magic",2023-09-01,249000,8,false,1130795251,2023-09-01T14:23:50Z,"","Clap City Records",0.729,0.531,8,-11.022,1,0.0499,0.0364,0.0000146,0.131,0.202,105.002,4
spotify:track:3MgeICMhYCZNYEXGVmSQ3I,"Life Is a Miracle - Full Length Mix","Life Is a Miracle","Jax Transit Authority",2016-09-23,291633,9,false,1130795251,2023-09-04T12:47:40Z,"","Athens Of The North",0.545,0.739,0,-7.847,0,0.0634,0.0615,0.000217,0.471,0.961,135.901,4
spotify:track:53emwcxI0Ta9NgwbYsukvX,"Journey Into You","Musical Massage (Expanded Edition)","Leon Ware",1976-09-01,245640,19,false,1130795251,2023-09-04T13:06:58Z,"jazz funk,post-disco","UNI/MOTOWN",0.702,0.551,11,-11.896,1,0.0413,0.594,0.00164,0.0996,0.837,113.987,4
spotify:track:6MflLJLaDgYpGbFZjVglRn,"Hands off","Rare Funk HS REST OF WORLD","Casual T",2000-01-01,250920,7,false,1130795251,2023-09-12T11:17:08Z,"","RRNJ",0.758,0.632,9,-11.184,1,0.154,0.157,0.00212,0.0591,0.878,118.109,4
spotify:track:4oByBoAyjpVM6LBW86SZL5,"You Can't Have It","Rare Funk & Disco 7","stargaze",2000-01-01,351733,13,false,1130795251,2023-09-21T09:32:10Z,"contemporary classical","RRNJ",0.79,0.549,7,-13.926,1,0.116,0.00269,0.00451,0.363,0.846,119.124,4
spotify:track:2dO5JIE4SeqJOhh8xybMCf,"I Don't Want To Be With Nobody Else","More Of You","Alton McClain & Destiny",1979-01-01,362826,5,false,1130795251,2023-09-21T11:21:49Z,"post-disco","Polydor",0.652,0.558,5,-11.569,0,0.0442,0.114,0.00137,0.0534,0.885,114.948,4
spotify:track:4umihhuIVgyPlg3Ajg6lDN,"Messages from the Stars - Remaster","Producers Choice","The Rah Band",2020-04-24,407118,40,false,1130795251,2023-09-27T08:53:21Z,"","Atjazz Record Company",0.68,0.606,7,-10.242,1,0.0324,0.0765,0.000566,0.291,0.542,112.897,4
spotify:track:5FGOWEiH8ZDvuPr0SUZXEj,"Downside Up","Rah","The Rah Band",1980,520360,18,false,1130795251,2023-10-01T21:02:00Z,"","Shocking Music",0.671,0.822,9,-8.856,0,0.0718,0.00239,0.828,0.225,0.688,120.515,4
spotify:track:7fnSJPK5llKq0twXcLyuVe,"I Love You - 7"" Single Edit","Another Taste (Expanded Edition)","A Taste Of Honey",1979,253160,13,false,1130795251,2023-12-07T14:18:59Z,"disco,boogie,post-disco","Capitol Records",0.624,0.73,2,-9.49,1,0.0346,0.138,0.0113,0.225,0.669,88.85,4
spotify:track:3a443rOBeX4AD71ceTRLLZ,"Someday (In Your Life)","Two (Expanded Edition)","G.Q.",1980-01-01,295706,12,false,1130795251,2023-12-07T15:30:56Z,"disco,post-disco","Arista/Legacy",0.613,0.68,9,-10.979,1,0.0592,0.0102,0.063,0.105,0.704,126.629,4
spotify:track:5Yqi1p9k87a4qwX1UK42Sc,"It Ain't Watcha Say","Fantasy","Aquarian Dream",1978,230720,20,false,1130795251,2023-12-07T15:31:19Z,"jazz funk,post-disco,northern soul","Rhino/Elektra",0.715,0.823,8,-14.229,0,0.0498,0.169,0.0238,0.0575,0.921,121.519,4
spotify:track:7KePwNA8puA4BX8unrPygx,"Rebels","Dance Hits","Wild Fire",2021-02-01,236472,48,false,1130795251,2024-01-01T21:19:28Z,"","Cultures of Soul Records",0.822,0.532,10,-10.824,1,0.0605,0.0857,0.000208,0.127,0.828,102.21,4
spotify:track:2vgWFBrdSXKQ8Cc0Toz9sy,"Get On Up Get On Down","You Send Me","Roy Ayers",1978,263893,23,false,1130795251,2023-12-29T11:39:41Z,"jazz funk,acid jazz,funk","Verve Reissues",0.667,0.878,5,-9.02,1,0.0969,0.108,0,0.172,0.656,125.813,4
spotify:track:3CaoBVHsUgZVc3VBzUzqxi,"Loc it up","Rare Funk & Disco 25","Leprechaun",2000-01-01,353546,6,false,1130795251,2023-12-29T12:31:56Z,"northern soul","RRNJ",0.852,0.667,4,-7.066,1,0.046,0.0849,0.00426,0.0764,0.966,119.581,4
spotify:track:19sjnwvoYWaZWyLxUt2Nyd,"No Secret Affair","Back Street Brit Funk compiled by Joey Negro","Style X",2010-05-10,333546,0,false,1130795251,2024-01-06T19:01:26Z,"jazz funk","Z Records",0.734,0.767,10,-10.934,1,0.0613,0.29,0.81,0.205,0.92,137.026,4
spotify:track:7APdzDapZsAC2mNttnZ3Mu,"Break Up","Make Up Your Mind","High Fashion",1983,372506,10,false,1130795251,2024-01-18T11:02:40Z,"post-disco,funk,boogie","New Fresh Records",0.896,0.532,0,-9.329,1,0.166,0.0574,0.000295,0.0937,0.832,116.856,4
spotify:track:7gQg6RQ7q3wKoLYAws1kuC,"You'll Never Need Somebody","You'll Never Need Somebody","Merlyn Brooks",2018-05-11,203347,10,false,1130795251,2024-02-15T15:27:37Z,"lovers rock","Dub Store Records",0.66,0.281,4,-15.894,0,0.0315,0.184,0.52,0.151,0.456,96.54,4
spotify:track:6VrvvrY32NT1QGtFTAve8J,"Gigolo - 12"" Version","In And Out Of Love (Bonus Track Version)","Mary Wells",2010-11-02,443106,12,false,1130795251,2024-02-19T12:47:56Z,"motown,northern soul,classic soul,doo-wop","Legacy Recordings",0.773,0.806,2,-9.382,1,0.169,0.0574,0.0041,0.306,0.687,116.185,4
spotify:track:1lghYqRsoNOLePAJySY2dm,"My Love Don't Come Easy","When I Find You Love","Jean Carn",1979,306946,30,false,1130795251,2024-02-23T16:19:36Z,"philly soul,post-disco,classic soul,quiet storm","Legacy Recordings",0.702,0.672,9,-8.615,0,0.066,0.386,0.000685,0.124,0.687,103.183,4
spotify:track:4CumXHHoXIfACNtA0noPkz,"Let Go","The Best Kept Secret","Raw Soul Express",2016-08-01,315240,3,false,1130795251,2024-03-15T17:03:02Z,"","Inferno Music Group",0.587,0.508,5,-9.468,0,0.0462,0.115,0,0.108,0.87,116.885,4
spotify:track:5rLMuUGaQ6xkmVYGxCYpRK,"Tonight I'm Alright","The Dance Of Life","Narada Michael Walden",1979,315800,42,false,1130795251,2024-03-20T21:43:37Z,"post-disco","Rhino Atlantic",0.682,0.769,5,-12.274,1,0.0501,0.129,0.196,0.036,0.743,121.577,4
spotify:track:7JeEjXmvwOfMuBfOhTHTvv,"Picnic","Starlight","Starlight",1983,252393,3,false,1130795251,2024-03-24T13:23:27Z,"acid house","Afrosynth Records",0.836,0.42,11,-11.613,0,0.0735,0.0167,0.864,0.264,0.833,110.649,4
spotify:track:63vc9A9lstaOuwOAxhKJ10,"Ghettos Of The Mind","Dust Yourself Off/Accept No Substitutes","Pleasure",2002-01-01,306360,7,false,1130795251,2024-03-27T11:59:51Z,"go-go,jazz funk,post-disco,funk","Fantasy Records",0.469,0.781,5,-7.708,1,0.0449,0.0261,0.467,0.144,0.692,116.419,4
spotify:track:5UKkqgXRBlGMB5Lu3n2Zfb,"New Beginning","Time Is Slipping Away","Dexter Wansel",1979-06-15,279760,26,false,1130795251,2024-04-02T14:31:23Z,"philly soul,jazz funk,post-disco","Legacy Recordings",0.577,0.592,2,-9.048,0,0.0355,0.27,0.000488,0.0589,0.451,97.529,4
spotify:track:2ryz1C4WZDlJIkCjx5YTUZ,"I like it","Rare Funk HS UK","Intrigue",2000-01-01,271346,0,false,1130795251,2024-04-03T20:56:14Z,"","RRNJ",0.842,0.711,0,-9.823,0,0.119,0.019,0.0024,0.0907,0.809,115.275,4
spotify:track:5UTNIhH5tpOM20KFx0y1ci,"Flying High","Guilty: The Tap Recordings","Jackie Stoudemire",1980-01-01,298400,13,false,1130795251,2024-04-13T08:22:10Z,"","Numero Group",0.781,0.806,7,-6.852,1,0.0865,0.0576,0.000374,0.112,0.853,118.779,4
spotify:track:2ue3Seg8g95AmqTCrzCkqz,"I Wanna Be With You","Best of Winfield Parker","Winfield Parker",2008-01-01,270600,16,false,1130795251,2024-04-20T19:36:45Z,"northern soul,philly soul","BP Records, Inc.",0.627,0.702,0,-8.245,1,0.0457,0.0417,0.0000973,0.0897,0.876,117.051,4
spotify:track:1HkA9jXrWpjC4VThl1IzzF,"These Are the Good Times","These Are the Good Times","The Popsicles",2014-09-08,261589,19,false,1130795251,2024-05-16T20:18:25Z,"post-disco,boogie","Athens Of The North",0.917,0.616,7,-11.782,1,0.0495,0.0918,0.827,0.0598,0.868,121.532,4
spotify:track:6chVKHXzoRvEuWwq5Wq4UQ,"It Must Be Love","It Must Be Love","Alton McClain & Destiny",1978-01-01,283626,37,false,1130795251,2024-05-25T19:38:49Z,"post-disco","Universal Records",0.761,0.724,0,-11.347,0,0.0417,0.0672,0.00184,0.113,0.902,118.647,4
spotify:track:2V78l2AudShZvN8yRR0jOR,"Feels so good","Rare Soul & Disco 50","Dino;Sembello",2000-01-01,201200,3,false,1130795251,2024-07-18T21:00:48Z,"maloya,ska,orchestral","RRNJ",0.685,0.581,5,-12.156,0,0.0514,0.237,0.0000358,0.103,0.826,114.743,4
spotify:track:0l05aFDmvTiXex3cYSvfDX,"Crying for Love","Crying for Love","Bridge",2015-09-09,257620,5,false,1130795251,2024-08-20T20:34:24Z,"post-disco","Chump Change Records",0.549,0.78,1,-7.695,0,0.0425,0.326,0.000604,0.375,0.726,108.388,4
spotify:track:1QmXPxUSGRS2SF8xClenVV,"Mon ami-e","Chimères","Diane Tell",1982-09-01,218826,22,false,1130795251,2024-08-22T12:48:27Z,"variété française,chanson québécoise,chanson,french pop","Tuta Music",0.689,0.544,7,-11.957,1,0.0511,0.24,0.000222,0.125,0.761,95.212,4
spotify:track:1Ki8j7s2rQYgtFgHZC7kpY,"See You In L.A. (feat. Luther Vandross)","See You In L.A.","Mascara;Luther Vandross",1979,228106,16,false,1130795251,2024-09-03T21:09:39Z,"finnish pop,iskelmä,witch house,quiet storm,soul,classic soul","Expansion Records",0.66,0.775,0,-5.566,1,0.0434,0.00559,0.000135,0.503,0.44,125.216,4
spotify:track:0HgKERcaulmrFIc4hqrxyK,"なぜ - 2021リマスター","Sea Flight +5","小林泉美 & Flying Mimi Band",1978-10-15,315440,21,false,1130795251,2024-09-05T20:16:39Z,"city pop,jazz fusion,j-r&b","Universal Music LLC",0.644,0.517,5,-8.29,0,0.0395,0.592,0.0985,0.0325,0.676,97.238,4
spotify:track:5sg6xsJ9CaZb8p4WNDAAex,"To Be Free","You Can Be A Star! Deep Disco and Crossover 70's Soul From The Now-Again and Soul-Cal Vaults 1972-1982","Luther Davis Group",2024-09-24,233084,5,false,1130795251,2024-10-01T08:12:00Z,"","Now Again Records",0.642,0.69,4,-6.645,1,0.0398,0.181,0.114,0.11,0.84,130.248,4
spotify:track:2EilXisjX8LVOKR9b6dGQP,"Reachin' For It","Reachin' For It","Third Rail;Maxx Traxx",1982-01-01,417720,9,false,1130795251,2024-10-01T11:15:06Z,"post-disco,boogie","Numero Group",0.642,0.816,0,-10.58,1,0.117,0.11,0.00000146,0.294,0.8,108.676,4
spotify:track:5Y7ZSjsssytkvP6Bn7APUU,"I Wanna Feel It (I Wanna Dance)","Fever","Roy Ayers",1979-04-25,299386,9,false,1130795251,2024-10-28T20:31:57Z,"jazz funk,acid jazz,funk","Universal Records",0.589,0.956,5,-7.056,0,0.303,0.0669,0.00000342,0.134,0.735,141.928,4
spotify:track:3pV989KB6C0hAnRFb4Qcsg,"バイブレイション","トーキョー・スペシャル","Kimiko Kasai",1977-09-21,258519,40,false,1130795251,2024-11-11T09:43:08Z,"city pop,j-r&b","Sony Music Labels Inc.",0.727,0.627,5,-9.627,0,0.058,0.529,0.000113,0.203,0.813,89.395,4
spotify:track:2gVC55LK2bQ8Pmluer9HVM,"You're so Good to Me","Keep on Lovin' Me + You're so Good to Me","Mac and Monica",1986-07-21,390666,18,false,1130795251,2024-11-11T16:57:39Z,"","The Gallo Record Company Vault",0.796,0.446,1,-18.056,1,0.0558,0.15,0.0071,0.124,0.975,105.979,4
spotify:track:7uVKq8Wv70noTJnC6LrMS2,"Just a Boogie","Just a Boogie","Nayanka Bell",1981-03-01,215013,6,false,1130795251,2024-11-11T16:59:42Z,"zouk,coupé décalé,rumba congolaise","Nayanka Bell (Aka Louise de Marillac)",0.731,0.782,11,-10.716,0,0.0382,0.0412,0.52,0.083,0.912,110.409,4
spotify:track:1BwkubpsekY2UjIG6WGQTi,"The River Drive","Soul Jazz Records Presents Disco: A Fine Selection of Independent Disco, Modern Soul and Boogie 1978-82","Jupiter Beyond",2015-01-06,597760,0,false,1130795251,2024-12-06T21:49:21Z,"","Soul Jazz Records",0.673,0.759,9,-12.14,1,0.0638,0.0357,0.116,0.104,0.885,125.104,4
spotify:track:5bM2Vfvjj5FHEXhw58lqyI,"Gonoun El Disco","Gonoun El Disco","Four M;Ezzat Abou Ouf",1981-01-01,241133,26,false,1130795251,2024-12-09T11:46:31Z,"egyptian pop","Global",0.719,0.437,1,-14.594,1,0.045,0.484,0.0169,0.0758,0.965,113.742,4
spotify:track:2H5cdMnO8oMipcmibvGNmk,"Search For Tomorrow","Mr Bongo Record Club, Vol. 7","Chain Reaction",2024-10-04,206617,18,false,1130795251,2024-12-10T15:39:45Z,"post-disco","Mr Bongo",0.52,0.913,5,-5.741,0,0.105,0.556,0.0000458,0.643,0.743,112.306,4
spotify:track:2wKsVeNrzorCLCix24ljAU,"MIDNIGHT DRIVER","MONOCHROME","Minako Yoshida",1980,464066,52,false,1130795251,2024-12-12T12:41:02Z,"city pop,j-r&b,kayokyoku","Sony Music Direct (Japan) Inc.",0.748,0.756,2,-8.153,1,0.0282,0.0449,0.46,0.0559,0.931,104.103,4
spotify:track:5Pe0vfUP8ZB3wjaAY2MpWw,"I Like What You're Doing to Me","I Like What You're Doing to Me","Young & Company",1980-01-01,263508,24,false,1130795251,2024-12-17T09:48:42Z,"post-disco","Crimson",0.779,0.65,11,-11.293,0,0.0515,0.16,0.503,0.0764,0.791,118.751,4
spotify:track:2zelDSKrMkJzWNjgfRrQDi,"LIGHT'N UP","LIGHT'N UP","Minako Yoshida",1982,348240,44,false,1130795251,2024-12-24T21:57:08Z,"city pop,j-r&b,kayokyoku","Sony Music Direct (Japan) Inc.",0.55,0.824,9,-7.011,0,0.0602,0.0412,0.0238,0.283,0.779,116.914,4
spotify:track:1Oj2RHr6ZmqtWpwPTQAZhH,"Secita Cerita","Secita Cerita","Ahmad Albar",1981-08-11,242973,17,false,1130795251,2024-12-31T13:19:48Z,"indonesian rock,indorock,pop kreatif,indonesian pop","PT Musica Studios/Sky Record",0.67,0.729,6,-6.95,0,0.0369,0.807,0.0194,0.378,0.602,111.811,4
spotify:track:2h5GfwUEUUUH5yMgC0uf3g,"Jamasa Roro","Surinam Funk Force","Astaria",2016-10-07,203338,14,false,1130795251,2024-12-31T13:21:13Z,"","Rush Hour",0.583,0.859,10,-4.636,1,0.0323,0.0303,0.27,0.118,0.753,130.103,4
spotify:track:5r2OXBrMdXIBk3BQemVUGJ,"Walking Into Sunshine - Edit","Breaking Point","Central Line",1981,228320,47,false,1130795251,2025-01-02T09:16:42Z,"post-disco","EMI",0.875,0.396,0,-11.438,1,0.119,0.111,0.166,0.0328,0.865,112.424,4
spotify:track:2A3uLg5ISdICiMAikw43Ss,"Don't Be Careless With Your Love","Running","June Millington",2015-10-29,277226,7,false,1130795251,2025-01-08T09:34:56Z,"aor,yacht rock","Fabulous Records",0.684,0.69,0,-8.878,0,0.0342,0.611,0.00104,0.106,0.913,107.183,4
spotify:track:6DYoXdET9rwAWCjYSEnv7q,"Let This River Flow","Shine the Light of Love","Googie Coppola;Tom Coppola",1980-05-02,172306,14,false,1130795251,2025-01-08T12:59:49Z,"aor","Legacy Recordings",0.675,0.694,2,-14.194,1,0.0519,0.806,0.0511,0.137,0.844,105.609,4
spotify:track:4WPdHdtYeTPwGzPHyIoseU,"Jam A Lot a.k.a Sir Jam A Lot","Concerned Party #1","Captain Sky",1980-01-01,270106,5,false,1130795251,2025-01-09T16:14:24Z,"post-disco","UNIDISC MUSIC INC.",0.838,0.465,8,-11.269,0,0.114,0.00152,0.0529,0.0497,0.846,120.848,4
spotify:track:6EbJGiy5GysK2YT3d8IP2L,"Fill Me Up","Fill Me up / You Made Me Do It Again","Elaine & Ellen",1980-01-19,231198,20,false,1130795251,2025-01-09T16:17:43Z,"disco,disco house","Ovation Records",0.766,0.637,9,-12.606,0,0.154,0.266,0.000289,0.0377,0.911,117.975,4
spotify:track:5uGov9FajOB34qVL5tjQVm,"Disco Ball","Disco Ball b/w He Made You Mine","Brighter Side of Darkness;Magic Touch",2022-10-13,259198,6,false,1130795251,2025-01-09T16:18:52Z,"classic soul,quiet storm,northern soul","Numero Group",0.656,0.891,11,-7.977,0,0.0679,0.0741,0.0000457,0.285,0.849,130.087,4
spotify:track:43PuDrk67gbk4741F9R1kY,"I Can't Stop This Feeling","Solid Love Affair/I Can't Stop This Feeling","Anthony Watson",1984-01-03,206250,12,false,1130795251,2025-01-17T14:42:42Z,"zydeco","Amherst Records, Inc.",0.678,0.782,0,-7.164,1,0.17,0.253,0,0.32,0.929,168.748,4
spotify:track:06ynyF9krIMIdugRGRzwel,"Undercover Lover","The Controllers (Expanded Edition)","The Controllers",1984-01-01,316640,14,false,1130795251,2025-01-20T12:09:55Z,"classic soul","Geffen",0.802,0.564,10,-7.867,0,0.0744,0.103,0.00366,0.135,0.852,113.58,4
spotify:track:3umVdOsXV248OG1bQzBVLT,"エンジェル・スカイ - 2021リマスター","Sea Flight +5","小林泉美 & Flying Mimi Band",1978-10-15,300346,18,false,1130795251,2025-02-25T12:05:21Z,"city pop,jazz fusion,j-r&b","Universal Music LLC",0.631,0.517,0,-9.39,1,0.0375,0.313,0.00362,0.068,0.767,91.761,4
spotify:track:6j1ytCG0WDnxaCrFP8HFUf,"Get Another Love","Get Another Love","Chantal Curtis",2024-11-20,530133,22,false,1130795251,2025-03-04T15:41:43Z,"post-disco","Strut",0.754,0.673,9,-10.486,0,0.0426,0.193,0.471,0.0831,0.966,122.887,4
spotify:track:6VtO5cZQzv8s3kCFjrXfhi,"Till You Take My Love","Funk In A Mason Jar","Harvey Mason",1977-08-24,222986,38,false,1130795251,2025-03-11T17:15:42Z,"jazz funk,post-disco,smooth jazz","Arista/Legacy",0.641,0.848,5,-6.353,0,0.0915,0.33,0.00165,0.194,0.76,105.533,4
spotify:track:2N1cgYhcOTRi4GrE8ee9uQ,"You're The Best","Savoir Flair","Savoir Flair;Soultex",1983-05-28,244426,5,false,1130795251,2025-03-13T14:08:25Z,"","Now Again Records",0.66,0.678,3,-10.182,1,0.0472,0.0694,0.0000135,0.607,0.8,120.055,4
spotify:track:2aaOJJd2fBkd4es7vI2h2a,"Love Was Really Gone - 2018 Remaster","FIRST LIGHT (+1; 2018 Remaster)","Makoto Matsushita",1982-04-21,347366,63,false,1130795251,2025-03-16T19:34:47Z,"city pop,jazz fusion,j-r&b","WM Japan",0.619,0.653,4,-8.477,0,0.043,0.594,0.00201,0.215,0.408,86.962,4
spotify:track:4swOfLpGpRXhJaJjYjBuIH,"Take Me to the Bridge","Take Me to the Bridge / Jumpin' (Get Hot, Hit the Spot)","Vera",1980-01-01,423003,51,false,1130795251,2025-03-17T09:13:11Z,"disco,italo disco,post-disco,hi-nrg","UNIDISC MUSIC INC.",0.646,0.632,9,-8.203,0,0.0394,0.0118,0.00245,0.0778,0.841,131.846,4
spotify:track:5nFB8vVZOgtIdegFiK460J,"No Nos Pasaran (Ain't No Stopping Us Now)","Rare Soul & Disco 5","La Charanga 76",2000-01-01,342000,10,false,1130795251,2025-03-18T09:00:55Z,"","RRNJ",0.759,0.529,5,-16.351,0,0.0986,0.00339,0.0000482,0.0688,0.96,114.812,4
spotify:track:0VGSlDthFLbr5Lp1P6DFuK,"F・L・Y","オプティカル・サンライズ／スペクトラム２","Spectrum",1991-01-21,210389,45,false,1130795251,2025-04-02T16:10:53Z,"city pop","Victor",0.624,0.845,7,-6.974,1,0.075,0.0988,0.000587,0.275,0.948,89.606,4
spotify:track:24n1cVImLLLrL9xDRQSuXv,"You're Lying - 12"" Mix","Intuition","Linx",1981-03-13,397426,26,false,1130795251,2025-05-06T10:22:57Z,"post-disco,jazz funk","Chrysalis Records",0.723,0.61,9,-10.826,1,0.0916,0.242,0.00000286,0.112,0.333,120.242,4
spotify:track:4hd7xnsC99N4MRQ5ZtMFq4,"Deputy Of Love","Deputy of Love","Don Armando's 2nd Ave Rhumba Band",2007-01-01,485754,34,false,1130795251,2025-05-16T07:42:09Z,"disco,post-disco","Ze Records",0.817,0.866,10,-6.796,1,0.0592,0.144,0.000078,0.0684,0.922,125.64,4
spotify:track:3u2KDQypDKUKhr8urgSZVe,"My Love Supreme","Salsa Disco Party, Vol. 1","Milton Hamilton",1977-01-01,327418,8,false,1130795251,2025-06-09T13:32:20Z,"rocksteady,disco,post-disco","TTH Records",0.593,0.832,1,-9.958,1,0.0581,0.12,0.00763,0.21,0.665,130.833,4
spotify:track:7FV3crs50Mz5YHpVv2XHpG,"Runaway Love","Rare Soul & Disco 10","Linda Clifford",2000-01-01,309960,23,false,1130795251,2025-06-09T13:32:53Z,"post-disco","RRNJ",0.763,0.595,5,-13.562,0,0.08,0.0413,0.000116,0.0718,0.797,106.49,4
spotify:track:7Fk2iUQe26mat7V6aRPN0f,"GET TO THIS YOU'LL GET TO ME","CLOSER TO THE SOURCE","Leroy Hutson",1978-10-12,235213,13,false,1130795251,2025-06-09T13:33:22Z,"","TRIUMPH RECORDS",0.688,0.779,10,-10.486,0,0.0662,0.249,0,0.0356,0.665,110.921,4
spotify:track:52wyDD45W6JV2QBuamyi5H,"Keep Doin' It","Mr. C.","Norman Connors",1981-02-01,324133,9,false,1130795251,2025-07-16T21:10:04Z,"quiet storm,philly soul,classic soul,jazz funk","Arista/Legacy",0.718,0.81,11,-6.487,0,0.0979,0.00764,0.0000103,0.106,0.626,117.817,4
spotify:track:74ay8SKuiWPUGHmYNdLJXw,"She's Gone","Mr. C.","Norman Connors",1981-02-01,295626,16,false,1130795251,2025-07-16T08:59:39Z,"quiet storm,philly soul,classic soul,jazz funk","Arista/Legacy",0.692,0.872,5,-6.859,1,0.0475,0.00578,0.0000443,0.195,0.768,120.155,4
spotify:track:5xlEmG31FqV3d68g7Av03V,"Handle Me with Love and Care","B-H-Y","B-H-Y",2014-04-04,366492,4,false,1130795251,2025-07-17T16:01:39Z,"philly soul,post-disco","Salsoul Records",0.667,0.35,8,-17.182,1,0.0359,0.00557,0.512,0.0996,0.764,126.43,4
spotify:track:50f0mt35cIwwu3Krk7nS7b,"Ma quale idea","Italian Classics: Pino D'Angiò Collection, Vol. 1","Pino D'Angiò",2011-03-15,262456,68,false,1130795251,2025-07-22T11:59:23Z,"italo disco","Peer Southern Productions",0.868,0.788,1,-4.321,1,0.0547,0.0334,0.000026,0.0801,0.961,114.674,4
spotify:track:08i5E2CDwete5FX049Zwgg,"Open Your Mind","Winners","Kleeer",1979-08-04,398053,39,false,1130795251,2025-07-24T11:10:57Z,"post-disco,funk","Rhino Atlantic",0.668,0.614,5,-14.131,0,0.0376,0.0992,0.622,0.0866,0.785,113.683,4
spotify:track:4yumMRCiPOmwB9sfwJkTcB,"Harvest for the World","Harvest for the World","The Isley Brothers",1976-05-01,232937,44,false,1130795251,2025-08-21T11:07:04Z,"motown,quiet storm,soul,classic soul,funk,northern soul","Epic/Legacy",0.64,0.565,7,-9.381,1,0.0378,0.414,0.000709,0.193,0.612,131.21,4
spotify:track:6KgpuOc9uTzyCVFisbfJJi,"Ritmo Suave","Ease Your Mind / Ritmo Suave","Touch Down;Newyorican",1982-11-16,418192,12,false,1130795251,2025-09-11T13:06:14Z,"chicago house,post-disco","Streetwise Records",0.73,0.736,2,-9.513,1,0.0781,0.242,0.009,0.134,0.887,126.353,4
spotify:track:3FEzY2dIAYJjBvTRaUB3si,"Silver Shadow","As The Band Turns","Atlantic Starr",1986,293533,45,false,1130795251,2025-09-25T12:09:16Z,"quiet storm,classic soul","A&M",0.698,0.703,6,-12.327,1,0.0372,0.321,0.0000611,0.141,0.801,108.469,4
spotify:track:2Y2a5yqzukjUl3Oni2LqCD,"I Can't Lose With The Stuff I Use","I Can't Lose With The Stuff I Use","Khemistry",1982,336642,0,false,1130795251,2025-09-30T20:41:15Z,"boogie,post-disco","Hitpool (104pro Media)",0.801,0.498,5,-15.362,0,0.0534,0.0923,0.000283,0.0409,0.854,112.931,4
spotify:track:05Xu7XpdlUguY7eq0rHkAX,"No One (Can Love You Like I Do)","Flakes","Flakes",2014-03-14,289018,26,false,1130795251,2025-09-30T20:42:02Z,"post-disco,disco,disco house","Salsoul Records",0.776,0.759,5,-8.568,0,0.0611,0.164,0.000175,0.287,0.728,121.983,4
spotify:track:60RlziuiHLv6ahovbFbjZF,"Take a Walk In the Moonlight","Backstreet Brit Funk Vol.2 compiled by Joey Negro","The Paul Bailey Sound",2018-06-29,361776,40,false,1130795251,2025-10-01T10:05:45Z,"post-disco","Z Records",0.844,0.669,5,-7.637,0,0.0559,0.101,0.00498,0.0871,0.824,113.991,4
spotify:track:0X2Wh6ujlPBwc9rj05jfbv,"Put the Freeze On","Alfie (Expanded Edition)","Alfie Silas",2014-03-03,237986,20,false,1130795251,2025-10-01T15:39:29Z,"post-disco","Legacy Recordings",0.751,0.322,4,-17.081,0,0.0391,0.0653,0.147,0.0475,0.934,117.924,4
spotify:track:62qe2YVOgZ1Lp3mi0kEKkv,"Music Is the Answer (Vocal Version)","Music Is the Answer","Colonel Abrams",1984,400800,15,false,1130795251,2025-10-07T15:08:08Z,"chicago house,post-disco,acid jazz","Streetwise Records",0.824,0.53,11,-16.42,1,0.0496,0.0281,0.0121,0.0444,0.963,120.802,4
spotify:track:73d37abHiwD1eMNPMfuW3W,"The Sound Of Music","Feel The Music","Dayton",1983-01-01,341293,34,false,1130795251,2025-10-06T10:03:34Z,"post-disco","CAPITOL CATALOG MKT (C92)",0.674,0.749,7,-11.147,1,0.0431,0.105,0.00000203,0.0844,0.685,114.393,4
spotify:track:562KKLlVOv4EbyQQGNKmsS,"Garden of Eve","Garden of Eve","Yvonne Gage",1981-01-01,219000,25,false,1130795251,2025-10-14T10:30:06Z,"post-disco,boogie","Numero Group",0.733,0.805,8,-7.215,0,0.0563,0.678,0.0000182,0.0583,0.888,113.517,4
spotify:track:03gF5gTjaqiQcvdMEkWrTN,"Somebody Help Me Out - Boogie Back Radio Mix","Beggar & Co","Beggar & Co.",2021-06-18,295384,18,false,1130795251,2025-10-16T11:11:45Z,"jazz funk,acid jazz","Expansion Records",0.707,0.74,1,-11.835,1,0.0492,0.0189,0.0000338,0.274,0.809,117,4
spotify:track:0QOpxxopurWRsCtKOmvjLX,"Step out of My Dream","The Strangers","The Strangers",2012-01-31,255570,11,false,1130795251,2025-10-16T11:15:46Z,"post-disco,boogie","Salsoul Records",0.763,0.744,2,-8.923,1,0.0751,0.000949,0.399,0.278,0.952,110.722,4
spotify:track:5TZo8LqxOkptA1cfVXd5X1,"Your Love Is a Life Saver","Your Love Is a Life Saver","Gayle Adams",1992-01-01,352960,32,false,1130795251,2025-10-18T18:15:22Z,"post-disco,disco,funk,boogie","UNIDISC MUSIC INC.",0.738,0.555,11,-14.296,1,0.0547,0.00266,0.00779,0.0563,0.901,119.997,4
spotify:track:6TQSYGdEYswq3yFJGtHKbm,"Only Lover","Mello Magic","Tommy Mandel",2018-04-13,249987,17,false,1130795251,2025-10-25T13:14:51Z,"synthpop","Invisible City Editions",0.835,0.708,2,-7.319,1,0.0641,0.132,0.121,0.0909,0.928,127.645,4
spotify:track:0kHxIvP7lMZC7LB78qgnTu,"Badala Zamana","Badala Zamana","Zohra",2021-07-12,189919,29,false,1130795251,2025-10-30T21:36:55Z,"","Music Take Me Up",0.738,0.818,2,-10.201,1,0.061,0.349,0.00000587,0.66,0.964,112.324,4
spotify:track:3gzpCFlhUetJ67uLw0j5SV,"Give Us More Love","Give Us More Love","Mac Mathunjwa",1976-11-22,754647,13,false,1130795251,2025-11-04T12:40:33Z,"","The Gallo Record Company Vault",0.577,0.795,7,-11.84,0,0.0482,0.00607,0.233,0.0784,0.748,120.586,4
spotify:track:0khmEAHZDlNNl61lu2uvQe,"More Than Enough","""Saturday Night"" b/w ""More Than Enough""","Universal Togetherness Band",2014-12-02,269889,34,false,1130795251,2025-11-05T10:42:30Z,"","Numero Group",0.87,0.84,9,-8.067,0,0.0521,0.0721,0.0114,0.15,0.951,120.462,4
spotify:track:3RvMPr7mzL7iQKWaf5o7nA,"バーニング・ウェイヴ","バーニング・ウェイヴ","Toshiyuki Honda",1978-07-05,340880,24,false,1130795251,2025-11-11T17:38:14Z,"jazz fusion,city pop,jazz funk","KING RECORDS",0.689,0.556,11,-13.292,0,0.0371,0.138,0.917,0.0702,0.931,122.054,4
spotify:track:0NM3QAYw2qbRJVi88Ryh9i,"Let It Out","Tender Man","Jae Mason",1975-04-01,194000,3,false,1130795251,2025-12-01T17:22:14Z,"northern soul","Buddah",0.557,0.917,4,-10.96,0,0.124,0.0374,0,0.0816,0.492,129.061,4
spotify:track:5XTtr6RZBiEgR7RIYybaT6,"Vamos Nessa (Let's Groove)","Energia a 1.000 Cilindradas","A Patotinha",1982,197640,3,false,1130795251,2025-12-16T14:23:35Z,"","Sony Music Entertainment",0.726,0.646,7,-7.502,0,0.0347,0.132,0.0137,0.115,0.742,128.247,4
spotify:track:3R7869mEhUOXb27TUi7ENI,"Fallen Into Love","Hot Shot b/w Fallen Into Love","Motherfox",2024-11-07,263980,10,false,1130795251,2025-12-17T10:38:10Z,"northern soul","Numero Group",0.83,0.788,1,-8.518,0,0.0417,0.23,0.0000188,0.0514,0.972,123.559,4
spotify:track:0MpC3S25sBcGkRssA9NZPg,"Yes It's You","For Sweet People From Sweet Charles","Sweet Charles Sherrell",1974-05-22,190413,30,false,1130795251,2025-12-21T17:11:58Z,"","Universal Records",0.68,0.67,7,-8.214,1,0.0897,0.587,0.00123,0.204,0.783,96.639,4
spotify:track:7FRdsmuSXA4Ag4jbVWd7w9,"Summer Grooves","Back Street Brit Funk compiled by Joey Negro","Mirage",2010-05-10,335480,41,false,1130795251,2026-01-05T09:03:00Z,"post-disco","Z Records",0.773,0.526,10,-14.012,0,0.0462,0.106,0.191,0.151,0.962,118.542,4
spotify:track:0g2UmaXvU6a3sxJVSKBpsV,"DANCER","SPACY","Tatsuro Yamishita",1977-05-25,277200,0,false,1130795251,2026-01-05T09:03:49Z,"","10130485 Records DK",0.657,0.444,9,-11.64,0,0.178,0.0837,0.00301,0.044,0.826,82.906,4
spotify:track:6eDzIWPVHPtQRNrnvugIle,"Love Light II","He Will Deliver","Salt of The Earth",1984-04-16,152586,6,false,1130795251,2026-01-05T09:08:40Z,"funk gospel","Malaco Records",0.498,0.841,2,-9.913,0,0.277,0.253,0.0178,0.328,0.838,188.368,4
spotify:track:0KTXXNWZOVyibdEikDN88T,"Wrap Myself Up in Your Love","Wrap Myself Up In Your Love","Jim Spencer",2020-05-15,246160,28,false,1130795251,2026-01-07T10:50:03Z,"yacht rock","Numero Group",0.664,0.667,7,-7.199,1,0.109,0.0925,0.00106,0.0721,0.87,99.559,4
spotify:track:3JwyD9WO7cSdZBpC4oY3cG,"Good To See You","Good To See You","Walter Jackson",2010-12-05,520413,8,false,1130795251,2026-01-14T09:53:29Z,"northern soul,classic soul","Westside",0.649,0.819,5,-8.068,0,0.117,0.209,0.00084,0.0811,0.826,117.51,4
spotify:track:7qfj6Xw8OUqUdnWj322cq3,"Can You Feel It, Pt. II","Can You Feel It","Voices Of East Harlem",1974,220533,1,false,1130795251,2026-01-14T15:05:02Z,"northern soul,funk gospel","Soul Brother Records",0.596,0.873,2,-8.124,0,0.0371,0.00437,0.568,0.353,0.943,86.464,4
spotify:track:45nZ0XzeNFhvbr57eWEHk1,"Hot To Trot","Alfredo","Alfredo De La Fé",2025-02-21,388603,3,false,1130795251,2026-01-14T10:15:01Z,"salsa,latin jazz,son cubano,tropical music,timba","Mr Bongo",0.77,0.666,0,-9.443,1,0.0604,0.118,0.00869,0.22,0.646,117.1,4
spotify:track:6BfdqJymqQgBXKbvbaJk8c,"Missing Love","Shine the Light of Love","Googie Coppola;Tom Coppola",1980-05-02,316533,5,false,1130795251,2026-01-14T10:48:06Z,"aor","Legacy Recordings",0.699,0.548,0,-12.407,1,0.134,0.0516,0.00175,0.0966,0.707,94.069,4
spotify:track:5nzsBLvV35N1SKc6M8OZZW,"On The Beat - Remastered 2004","The Brooklyn, Bronx & Queens Band","Brooklyn Bronx & Queens Band",2010-01-01,357906,36,false,1130795251,2026-01-18T12:31:37Z,"post-disco,boogie","Capitol Records",0.811,0.849,8,-7.479,0,0.0626,0.28,0.00128,0.044,0.87,120.119,4
spotify:track:145yC4TRiz403njhuXhT3p,"Nice And Slow","Meet Me On The Dance Floor: 80s Electronic Funk Diamonds and Pearls, Vol. 2","Opal",2025-09-12,294240,24,false,1130795251,2026-01-20T16:18:18Z,"synthwave","HEROES Music Fund",0.85,0.482,7,-12.461,1,0.103,0.0432,0.184,0.0389,0.926,123.482,4
spotify:track:0grp8AeSpHDQQoCPT9yTvT,"Propriété privée","France chébran: French Boogie (1982 - 1989), Vol. 2","Sammy Massamba",2018-05-25,294504,25,false,1130795251,2026-01-28T11:51:12Z,"","Born Bad Records",0.832,0.914,5,-7.782,1,0.0526,0.561,0.041,0.125,0.842,103.673,4
spotify:track:4qvYBQ1fF9pTmG7AqNGrvi,"(Where Is The) Sunshine - Pt. I","(Where Is The) Sunshine","Kalima",1981-01-01,243102,20,false,1130795251,2026-02-04T10:12:05Z,"","Numero Group",0.307,0.578,0,-7.342,0,0.0454,0.713,0.0000149,0.21,0.355,141.928,4
spotify:track:34hTYeP2txwyZlXGlZQ2oR,"Fun in the Sun","Welcome To Our World","Mass Production",1976,359946,5,false,1130795251,2026-02-06T15:11:03Z,"post-disco,funk","Rhino Atlantic",0.507,0.418,10,-18.402,1,0.0489,0.107,0.000423,0.148,0.754,128.87,4
spotify:track:09XNeaWwDRVnZLGxWamid6,"Don't I Know You?","Upchurch/Tennyson","Phil Upchurch;Tennyson Stephens",1975-01-01,185346,8,false,1130795251,2026-02-06T15:15:12Z,"jazz funk,soul jazz","CTI",0.744,0.448,4,-17.813,0,0.0669,0.58,0.0479,0.0785,0.723,113.726,4
spotify:track:2MLWVhZL8IR4b5q4QaWSDJ,"Give My Heart Away","Under the Influence Vol. 5 compiled by Sean P","Yeow",2016-07-15,396861,4,false,1130795251,2026-02-06T15:15:55Z,"post-disco,northern soul,boogie","Z Records",0.778,0.699,9,-6.976,1,0.0551,0.5,0.000379,0.102,0.715,116.234,4
spotify:track:1iA4JW1NzmcYNG8ZASIjdH,"When I'm Gone","At Peace with Woman","The Jones Girls",1980,288720,37,false,1130795251,2026-02-06T15:17:39Z,"philly soul,post-disco,quiet storm,classic soul","Legacy Recordings",0.742,0.646,7,-9.86,1,0.0698,0.216,0.00028,0.408,0.619,95.583,4
spotify:track:4ApaY3eZzIkR9E2s3WX9ZR,"Is It Love (For Now)","Search I","Search",1982,271325,3,false,1130795251,2026-02-06T15:19:38Z,"trip hop","Essential Media Group",0.738,0.642,6,-9.716,0,0.0567,0.0361,0.00001,0.117,0.827,104.479,4
spotify:track:47ZtZydr8SI4YsselNc6Zc,"Giving My Love","Joey Negro presents It's A Summer Groove Vol.1","Janice McClain",2009-07-20,395560,15,false,1130795251,2026-02-06T15:20:16Z,"post-disco","Z Records",0.707,0.511,4,-11.24,0,0.0914,0.594,0.00443,0.108,0.671,107.807,4
spotify:track:51jylHK5JBvmxEYlucdhUD,"Visions","Rare Soul & Disco 30","Cania",2000-01-01,234426,7,false,1130795251,2026-02-08T13:44:30Z,"northern soul","RRNJ",0.634,0.574,5,-10.708,1,0.054,0.0149,0,0.197,0.784,126.896,4
spotify:track:3u0t4H0N8lAQV3uihqQjEt,"Dancing","Joey Negro's 2019 Essentials","Mary Gold",2019-12-06,601921,9,false,1130795251,2026-02-08T14:07:26Z,"post-disco","Z Records",0.724,0.881,8,-4.618,1,0.0708,0.0106,0.000102,0.282,0.779,109.732,4
spotify:track:7KqPa4rpUZLOV3AU3Owj8d,"You Want Everynight","Rare Funk & Disco 06","FF Yellowhand",2000-01-01,284946,20,true,1130795251,2026-02-08T14:07:53Z,"northern soul,funk","RRNJ",0.723,0.637,9,-14.689,0,0.139,0.14,0.0928,0.0593,0.897,115.031,4
spotify:track:1qTWJ7mlGxPTXr0jckD0Ms,"Falling in Love (Alternate Mix)","12"" Master Series, Vol. 1","Surface",2012-07-07,561679,45,false,1130795251,2026-02-08T20:57:15Z,"quiet storm,new jack swing","Salsoul Records",0.835,0.44,1,-11.834,1,0.0362,0.0431,0.167,0.0344,0.923,111.701,4
spotify:track:4LIiMBSizxrlYxOHpcuRQk,"High Hopes","S.O.S. III","The S.O.S Band",1982-10-29,390093,49,false,1130795251,2026-02-08T14:14:34Z,"post-disco,quiet storm,funk","Clarence Avant Catalog",0.826,0.697,2,-10.457,1,0.0573,0.0338,0.0295,0.0456,0.867,106.151,4
spotify:track:2C0VvH2jDaFMu0WFa0zfvA,"I Can't Forget About You - Remastered Version","Love City (Expanded & Remastered)","Ronn Matlock",2007-10-15,338520,32,false,1130795251,2026-02-10T16:01:56Z,"","Rhino Atlantic",0.582,0.778,1,-11.062,0,0.0722,0.0897,0.169,0.141,0.971,169.34,4
spotify:track:3EE9JaxfaNKpVYFaBLeSrb,"Don't Fall In Love","Doin' It","Alma Faye Brooks",2013-12-17,456977,13,false,1130795251,2026-02-12T13:32:44Z,"northern soul,disco,post-disco","Unidisc Music Inc.",0.715,0.953,1,-5.909,1,0.0922,0.213,0.000941,0.0701,0.487,130.268,4
spotify:track:3Nvej8kBu7AoVj1kjOSocg,"Slip And Do It","Explosion","Betty Wright",1976,196960,25,false,1130795251,2026-02-12T14:02:25Z,"classic soul,soul","Soul Brother Records",0.819,0.664,5,-12.995,0,0.0403,0.403,0.0000969,0.216,0.951,104.661,4
spotify:track:7kbZY5FStk6yYVIJRvMMrd,"Take a Chance - 7""","A Long Time Coming (Expanded Edition)","Evelyn ""Champagne"" King",1985-10-28,272452,16,false,1130795251,2026-02-15T18:15:10Z,"post-disco,disco,funk","Legacy Recordings",0.813,0.853,1,-7.536,0,0.0424,0.0269,0.000995,0.292,0.933,122.544,4
spotify:track:3q8GqpU7eYlt9mVeouZ3zf,"Forever and Ever","It Takes Two (Expanded Edition)","Juicy",1985-10-07,282453,22,false,1130795251,2026-02-15T22:08:51Z,"post-disco","Legacy Recordings",0.886,0.459,9,-12.728,0,0.0587,0.00644,0.0913,0.271,0.684,107.419,4
spotify:track:539mTQXtj4jsH1hmIbL8Ge,"Love Vibrations","Love Vibrations","Jokers Y-ilde",2025-11-28,210000,1,false,1130795251,2026-02-16T07:54:25Z,"","Super Disco Edits",0.592,0.885,4,-6.543,0,0.0558,0.0839,0.214,0.323,0.962,118.339,4
spotify:track:1CPypyk7Mosa4p8Qosvtt9,"Dance With You","Dance With You - The Best Of","Carrie Lucas",2002-01-01,396826,40,false,1130795251,2026-02-21T23:43:23Z,"post-disco,disco","Castle Communications",0.85,0.584,9,-9.76,1,0.0466,0.00111,0.0326,0.0585,0.94,125.002,4
spotify:track:7rhAFfiugCDMaNDXQImtF9,"The Spirit's In It","The Spirit's In It","Patti LaBelle",1981,347946,24,false,1130795251,2026-02-24T11:16:42Z,"philly soul,quiet storm,classic soul","Legacy Recordings",0.699,0.803,1,-8.796,0,0.061,0.0947,0.00857,0.157,0.733,129.245,4
spotify:track:62TzmJFxjBN8CjXfxN2P4n,"My Life","Push","Noriko Miyamoto;Isao Suzuki",1978,369866,41,false,1130795251,2026-03-02T11:16:03Z,"city pop,j-r&b","BBE Music",0.477,0.779,4,-8.366,0,0.0458,0.75,0.00563,0.258,0.595,100.233,4
spotify:track:5SLayFm0vZk1u9sqc3Jq14,"(You And Me Still Keep On) Fall In Love","(You And Me Still Keep On) Fall In Love","Mai Yamane",1981-09-04,328306,36,false,1130795251,2026-03-03T14:28:35Z,"bebop,city pop,anime","NAPS",0.687,0.447,2,-12.179,1,0.0436,0.291,0.0205,0.272,0.704,71.942,4
spotify:track:2kMQmGvT7AZrm6WEyXK9xt,"Girl You're Too Cool","Ultra-High Frequencies: The Chicago Party","Magnum Force",2015-03-03,352426,19,false,1130795251,2026-03-04T11:33:19Z,"grindcore,acid techno,post-disco","Numero Group",0.847,0.779,11,-8.435,0,0.112,0.0531,0.00342,0.0578,0.679,119.682,4
spotify:track:7kLyykysUdUs44u7TA5Wij,"Sweet Magic","Happy Hour","Deodato",1982,256160,24,false,1130795251,2026-03-12T11:53:59Z,"jazz funk,brazilian jazz,jazz fusion","Rhino/Warner Records",0.76,0.484,2,-14.148,0,0.0434,0.298,0.677,0.0433,0.717,115.365,4
spotify:track:4Jg1hIE4HZgxbOYwvh0dh2,"Sho' Nuff","Sho' Nuff / Ready For You","Sly, Slick & Wicked",2013-01-01,170293,44,false,1130795251,2026-03-05T16:33:14Z,"classic soul","Universal Records",0.694,0.638,11,-9.348,0,0.154,0.341,0,0.453,0.863,89.878,4
spotify:track:4DWzLKci3DL3cHxnmQQduy,"Stay Free - Dim's The Missing Mix","Stay Free (Expanded Version)","Ashford & Simpson;Dimitri From Paris",1979-08-09,470333,5,false,1130795251,2026-03-11T17:01:48Z,"disco,post-disco,nu disco,french house,disco house,funky house","Altra Moda Music",0.701,0.71,5,-8.617,0,0.0369,0.0143,0.000027,0.581,0.847,106.971,4
spotify:track:7KnVrUIIecr3NwmA6XSdUK,"Girl You Turn Me On (Vocal Version)","Girl You Turn Me On","Jefferson Ink.",2025-10-14,270595,6,false,1130795251,2026-03-12T11:58:01Z,"","Mad About Records",0.679,0.47,2,-15.103,1,0.0464,0.373,0.0000166,0.361,0.756,122.095,4
spotify:track:0rcpXyoR1GRB2oZ0Jl5sYs,"Charisma","Music Team Boogie Essentials EP","Abigail Kubheka",2026-02-27,334500,7,false,1130795251,2026-03-12T11:58:05Z,"","Kalita Records",0.659,0.835,0,-6.392,1,0.0819,0.00988,0.0024,0.0666,0.931,116.662,4
spotify:track:0t8AY4gJfp2w6tQ0mi2q1i,"Let Me Fly to the Stars","Oliver's Planet III","Josep Llobell",2021-01-07,163920,1,false,1130795251,2026-03-12T13:47:29Z,"","Audiovisuals de Sarrià, SL.",0.808,0.573,8,-11.407,1,0.0654,0.0032,0.246,0.13,0.826,123.385,4
spotify:track:47HUb2xHvqryVwx7kmdocM,"Love Is All","This Is One Girl","Madeline Bell",1976-01-01,202493,26,false,1130795251,2026-03-12T13:48:26Z,"northern soul","Castle Communications",0.607,0.68,2,-9.791,1,0.064,0.57,0.0000958,0.13,0.399,109.085,4
spotify:track:7sRYRwckNEWjwakeWOiJX3,"Xtra Special","Xtra Special","Dolette McDonald",2026-02-27,427201,7,false,1130795251,2026-03-13T20:43:29Z,"","Backatcha Records",0.792,0.646,4,-8.077,0,0.056,0.0224,0.00582,0.0578,0.874,110.566,4
spotify:track:2pgt3SVzqIopxzhwi8cZQn,"Take My Love","What A Woman Needs","Melba Moore",1981-10-12,377933,31,false,1130795251,2026-03-13T20:44:00Z,"post-disco,disco,funk","EMI Music Special Markets",0.837,0.852,1,-7.743,0,0.0697,0.163,0.0000331,0.657,0.926,118.727,4
spotify:track:477NTXs1hcET3hprqSqGC4,"It's Right","Star Funk, Vol. 4","Northend & Michelle Wallace",1992-01-01,457906,18,false,1130795251,2026-03-13T20:44:23Z,"post-disco,disco","UNIDISC MUSIC INC.",0.699,0.552,11,-11.382,1,0.181,0.0553,0.000157,0.346,0.894,115.521,4
spotify:track:5rYzX0VVUavEpWu7aVxa98,"Tonight's Gonna Be My Night","Tonight Gonna Be My Night","Rhyze",2011-11-18,266706,2,false,1130795251,2026-03-13T20:44:39Z,"post-disco,disco,disco house","Wanderik Records",0.729,0.92,2,-1.952,1,0.105,0.374,0.0000428,0.23,0.657,117.951,4
spotify:track:4ujDu9kfPm8ElwMyJNxEMg,"Disco Madness","Sparkle","Sparkle",2020-01-31,355219,9,false,1130795251,2026-03-13T20:45:08Z,"jazz funk","Cultures of Soul Records",0.56,0.784,7,-10.926,1,0.0342,0.000432,0.0867,0.0617,0.808,131.07,4
spotify:track:1YB8J1YhPHXDuOEhTRa26U,"Shame - Vocal Mix","Shame","Stephany",1983-02-02,356999,16,false,1130795251,2026-03-13T20:45:35Z,"italo disco,hi-nrg,italo dance,post-disco","Zig Zag",0.85,0.651,11,-11.383,0,0.0423,0.218,0.0157,0.0597,0.849,112.549,4
spotify:track:2U4OsvPj5Xbv2wTzn4INoq,"RAINY HEART - 2025 Remaster","ゴールデン☆ベスト 濱田金吾 BEST COLLECTION ~MOON YEARS~","Kingo Hamada",2025-07-30,281501,7,false,1130795251,2026-03-30T17:37:00Z,"city pop","WM Japan",0.761,0.701,1,-5.616,0,0.0509,0.146,0.0133,0.0808,0.724,93.101,4
spotify:track:6GwpLjys1qVr3oHbl79Hdr,"Love Brought Me Back","Love Brought Me Back (Expanded Edition)","D.J. Rogers",1978-05-01,331853,17,false,1130795251,2026-04-06T07:20:19Z,"","Columbia/Legacy",0.701,0.841,1,-6.119,1,0.159,0.633,0.00529,0.159,0.817,104.339,4
spotify:track:56ZB3KJcORgA4n6Zdi5dc4,"Summertime","Rare Funk & Disco 19","High Frequency",2000-01-01,213746,5,false,1130795251,2026-04-17T11:10:51Z,"hi-nrg,hypertechno","RRNJ",0.575,0.866,0,-5.835,1,0.0698,0.407,0.0000707,0.0768,0.837,130.882,3
spotify:track:4fIWzweAxnX1xDeR08O5SM,"Elastic Dummy","Saravah!","Yukihiro Takahashi",1978-06-21,305760,27,false,1130795251,2026-04-23T13:38:41Z,"city pop,synthpop","WeWantSounds",0.591,0.801,8,-8.75,1,0.0524,0.0942,0.851,0.285,0.764,128.022,4
spotify:track:7g6JHLtu08btLvnQ9XqluP,"Watching You","Get up and Boogie","Powerline",2025-08-12,340868,13,false,1130795251,2026-04-29T14:03:48Z,"post-disco","Various Artists",0.533,0.662,5,-14.778,0,0.172,0.0367,0.0000257,0.135,0.938,124.881,4
spotify:track:058OiVLm60gjpsTSgavUBz,"Travelin","Rare Funk & Disco 10","L.J Reynolds",2001-09-27,280906,8,false,1130795251,2026-05-03T20:15:14Z,"northern soul","RRNJ",0.735,0.529,1,-12.593,1,0.112,0.105,0.000147,0.0521,0.559,106.271,4
spotify:track:2o4svwVXFlIcBcru09fczy,"Can't You See","Can't You See","Freedom",1977-01-01,164269,4,false,1130795251,2026-05-14T19:26:53Z,"post-disco","Malaco Records",0.573,0.8,0,-9.574,1,0.0785,0.256,0,0.141,0.66,116.998,4
spotify:track:5Xq4OzsOviUwGbxTDgdg5q,"Sun Explosion","Sun Explosion","Manu Dibango",1978-01-01,489800,17,false,1130795251,2026-05-14T19:28:04Z,"afrobeat,afropop","Soul Makossa",0.729,0.75,9,-14.799,0,0.0384,0.364,0.707,0.321,0.965,126.103,4
spotify:track:0KkPLz6krTsNDsZEzck3cs,"Space Dust / Sherlock","Knights Of Fantasy","Deodato",1979,478573,18,false,1130795251,2026-05-14T19:29:47Z,"jazz funk,brazilian jazz,jazz fusion","Rhino/Warner Records",0.687,0.473,5,-13.626,0,0.103,0.0135,0.868,0.0499,0.825,117.093,4
spotify:track:6Kp8JhZVCmL20H8Wd7Rs2E,"You're so Good to Me","Heartbeat","Curtis Mayfield",1979,414826,46,false,1130795251,2026-05-15T11:26:17Z,"classic soul,soul,motown,funk","Rhino",0.546,0.796,0,-10.077,1,0.0783,0.22,0.0193,0.0686,0.502,90.1,4
spotify:track:5JkLtVu2Y80u8OAMjzKKBa,"Just Cant Give You Up","Just Can't Give You Up / I Can't Forget About You","Booker Newberry III & Mike Stevens",1995,337196,13,false,1130795251,2026-05-16T09:28:11Z,"northern soul","Expansion Records",0.646,0.706,5,-8.074,0,0.0312,0.0208,0.00526,0.373,0.865,125.988,4
spotify:track:4mGXsCqeXi2LjJ5Kx0qRy2,"Ranhansha","DJ Notoya Presents Tokyo Pulse","村田有美",2026-05-01,247680,12,false,1130795251,2026-05-18T11:08:40Z,"city pop,kayokyoku","Nippon Columbia Co., Ltd./NIPPONOPHONE",0.778,0.681,5,-8.056,0,0.0384,0.065,0.00803,0.187,0.861,116.946,4
spotify:track:7mSwkZQ6rVRnDkmpxAgg8c,"I Forgot How to Love You","Down to Earth","The Cool-Notes",2009-12-14,415466,17,false,1130795251,2026-05-21T14:13:12Z,"post-disco,boogie,lovers rock","GAP MuSic",0.838,0.496,8,-10.263,1,0.173,0.00943,0.00497,0.0521,0.716,117.479,4
spotify:track:7b2MYX53p2OfqHJvyXw4n2,"You Control Me","Crate Diggers International: Disco & Pop Vinyl Anomalies Across Europe and Beyond","Linda Evans",2026-01-09,447982,10,false,1130795251,2026-05-21T15:55:08Z,"","NAPS",0.626,0.691,7,-13.77,0,0.0463,0.0209,0.025,0.071,0.896,123.121,4
spotify:track:07HA4mfBcemzkssX0SdPng,"Can I Take You Home","Can I Take You Home / I Love Making Love to You","Mel Sheppard",1981-09-14,351300,9,false,1130795251,2026-06-03T15:42:39Z,"boogie,post-disco","Essential 12" Classics",0.782,0.621,10,-10.194,0,0.207,0.0352,0.00000447,0.0649,0.909,120.411,4
spotify:track:1DWwj8fpmVNQMHdK3SFdz0,"Faces","Faces","Earth, Wind & Fire",1980-10-14,458545,26,false,1130795251,2026-06-15T11:00:13Z,"funk,disco","Columbia/Legacy",0.496,0.939,11,-10.932,0,0.0506,0.0345,0.69,0.0856,0.479,140.783,4
spotify:track:23ldJVNXlsoWkTJ5YvWTiB,"Fatma","Yassine - Modern Pop from Mauritania (1984-1987)","Yassine Nana",2026-04-24,261540,8,false,1130795251,2026-06-17T09:04:48Z,"","Les Disques Bongo Joe",0.698,0.867,1,-4.034,1,0.0446,0.13,0.000273,0.0947,0.764,95.936,4
spotify:track:0o9rzRmUNOQtVIN4V8vm1k,"Don’t Go","Sanullim Vol. 11 - Is It Raining on the Day You Leave?","Sanullim",1986-09-10,256133,36,false,1130795251,2026-06-22T10:04:59Z,"k-rock,k-ballad","Ecole de Gorae",0.807,0.645,6,-8.346,0,0.0763,0.164,0.561,0.336,0.717,103.901,4
spotify:track:5QRpwwrmTOvMRGQHZiH1ft,"Let's Get It Together","Let's Get It Together","El Coco",1976-01-01,298653,30,false,1130795251,2026-06-18T12:31:44Z,"post-disco,disco","Universal Music Enterprises",0.716,0.703,0,-6.5,0,0.0393,0.0941,0,0.155,0.897,115.611,4
spotify:track:2NGWAXh6sisNpVHIAAlME0,"恋は流星","TWILIGHT ZONE","Minako Yoshida",1977,407400,40,false,1130795251,2026-06-20T13:09:52Z,"city pop,j-r&b,kayokyoku","Sony Music Direct (Japan) Inc.",0.566,0.765,5,-6.706,1,0.0336,0.53,0.015,0.108,0.541,90.112,4
spotify:track:7lxmaHXxi5Qid6w2iITsk2,"Magic Touch","So Where Are You","Loose Ends",1985-01-01,274933,33,false,1130795251,2026-06-22T11:20:55Z,"post-disco,new jack swing","Virgin Records",0.827,0.461,10,-14.381,1,0.0374,0.242,0.000153,0.0418,0.94,114.643,4
spotify:track:1Eh3upe2jmtAOuW7NYSriJ,"DANCIN' PEOPLE","DANCIN' PEOPLE","stars",1981-10-09,182813,8,false,1130795251,2026-06-24T14:58:17Z,"","BACKATCHA RECORDS",0.758,0.693,2,-8.293,1,0.0457,0.118,0.00714,0.0391,0.929,130.48,4
spotify:track:2uh4xWYmi6FRaoZqmj8SaF,"Satin Soul","White Gold","The Love Unlimited Orchestra",1974-11-01,254960,43,false,1130795251,2026-06-24T15:16:15Z,"philly soul,disco","Island Mercury",0.659,0.579,8,-9.501,1,0.0331,0.0278,0.828,0.124,0.815,107.033,4
spotify:track:38GXODwgzCB11c12dh1L0s,"Joy from You","Love Brought Me Back (Expanded Edition)","D.J. Rogers",1978-05-01,171546,10,false,1130795251,2026-07-16T12:22:48Z,"","Columbia/Legacy",0.724,0.826,10,-5.802,1,0.079,0.272,0.00171,0.0946,0.79,107.972,4
