Track URI,Track Name,Album Name,Artist Name(s),Release Date,Duration (ms),Popularity,Explicit,Added By,Added At,Genres,Record Label,Danceability,Energy,Key,Loudness,Mode,Speechiness,Acousticness,Instrumentalness,Liveness,Valence,Tempo,Time Signature
spotify:track:4tXDmBTH4WGq4vP4obFByH,"Les Violons Ivres","The Green Armchair","Agoria",2006-10-16,370640,0,false,1130795251,2015-04-23T22:29:47Z,"","Different Recordings",0.761,0.905,2,-5.595,0,0.0478,0.184,0.812,0.0725,0.714,125.011,4
spotify:track:4xKSVV3RjBs9vPyrHpuslU,"U Don't Know Me","2 Future 4 U","Armand Van Helden",1999-01-01,486266,31,false,1130795251,2015-04-23T22:37:59Z,"disco house","Armed Records",0.783,0.678,10,-7.718,1,0.0725,0.0274,0.0366,0.0671,0.777,129.955,4
spotify:track:11TUPpWDaKuffzQXtpjOeo,"Please Don't Turn Me On (feat. Lifford) - Radio Edit","It's All About The Stragglers","Artful Dodger;Lifford",2000-11-20,223066,0,false,1130795251,2015-04-23T22:38:39Z,"uk garage,uk funky,funky house","London Records",0.835,0.554,8,-9.628,0,0.0375,0.623,0.00000478,0.0917,0.864,130.007,4
spotify:track:2bZqtcd92jJ7CZlrt3Mmwu,"Beautiful Life","Chromophobia","Gui Boratto",2007-02-26,507279,0,false,1130795251,2015-04-23T23:08:22Z,"minimal techno","Kompakt",0.468,0.665,8,-8.789,1,0.0435,0.304,0.00194,0.0875,0.0383,124.994,4
spotify:track:0LLO3mG3TB20nJCUnK7bke,"No Turning Back","Take My Breath Away","Gui Boratto",2009-03-09,462813,0,false,1130795251,2015-04-23T23:08:36Z,"minimal techno","Kompakt",0.687,0.581,5,-10.828,1,0.0335,0.326,0.801,0.0907,0.41,125.011,4
spotify:track:078sIUnW38dppumXF0Y9Uc,"My Moon My Man - Boys Noize Classic Mix","My Moon My Man","Feist",2007-01-01,399613,26,false,1130795251,2015-04-23T23:16:29Z,"","Universal Music Division Decca Records France",0.642,0.476,4,-9.773,0,0.142,0.0609,0.168,0.354,0.523,124.465,4
spotify:track:39QQ16I7Fb8AfeXAPkmiWR,"Michael Jackson - Calvin Harris - Radio Edit","Michael Jackson","The Mitchell Brothers",2007-10-29,195626,17,false,1130795251,2015-04-23T23:22:28Z,"grime,uk grime","Warner Records",0.896,0.525,9,-5.643,0,0.0629,0.0221,0,0.0339,0.92,119.971,4
spotify:track:49ErwcBYfYRPNBdRuPvpYA,"We Are Your Friends - Justice Vs Simian","We Are Your Friends","Justice;Simian",2006-01-01,262773,2,false,1130795251,2015-04-23T23:23:57Z,"french house,new rave","Ten Records",0.615,0.97,9,1.342,0,0.119,0.0104,0.384,0.178,0.507,122.993,4
spotify:track:7px1J02CZt51NVxliLjJbw,"Professional Widow - Armand Van Helden's Star Trunk Mix","Dance Anthems Classics","Tori Amos",2014-12-19,224960,0,true,1130795251,2015-05-22T22:00:59Z,"singer-songwriter,art pop","Warner Music TV",0.724,0.971,7,-4.923,1,0.0409,0.0043,0.0016,0.809,0.744,128.037,4
spotify:track:1UTgPZdwjxAmm4TEAml8gD,"I Feel Good Things For You","Pete Tong - Essential Classics","Daddy's Favourite",2005-01-01,514880,29,false,1130795251,2015-05-22T22:01:39Z,"funky house","EMI",0.844,0.647,1,-10.282,0,0.0464,0.00655,0.9,0.0959,0.937,125.056,4
spotify:track:6XRSupGUrYu7Qcvez2J9Jf,"What I've Lost","Boy Trouble","Benoit & Sergio",2011-02-21,372245,0,false,1130795251,2015-06-27T12:53:14Z,"","DFA Records",0.723,0.701,11,-10.558,1,0.0457,0.0102,0.67,0.111,0.7,124.005,4
spotify:track:3WKYFRoB0oFox2Y3pzNnCE,"(I Wanna Give You) Devotion - Original Club Mix","(I Wanna Give You) Devotion","Nomad",2009-03-30,409466,0,false,1130795251,2015-06-27T13:55:03Z,"acid house,hip house","Rumour Records",0.705,0.909,10,-10.046,0,0.0483,0.00979,0.0038,0.336,0.881,116.287,4
spotify:track:2espTky57QpLKgVoh40jBJ,"Strings Of Life - Danny Krivit Re-Edit","Azuli presents Xueno - Formentera 2005","Soul Central",2012-07-17,297093,0,false,1130795251,2015-06-27T14:02:52Z,"funky house,disco house","Azuli Back Catalog",0.455,0.825,11,-6.881,1,0.0537,0.00756,0.867,0.0843,0.479,128.572,4
spotify:track:1bdqvBFKJKbkZvFeF7hNQs,"Pacific State - Origin Mix","Blueprint (The Best Of)","808 State",2011-09-05,350560,0,false,1130795251,2015-06-27T14:30:26Z,"acid house,madchester,idm,chicago house,big beat,electronic","Salvo",0.676,0.982,10,-6.488,0,0.0698,0.0641,0.874,0.147,0.24,124.174,4
spotify:track:3c6TNZlyxR8jRUlY4z3X7C,"Where Love Lives - Classic Club Mix","Renaissance The Classics","Alison Limerick;Frankie Knuckles;David Morales",2006-08-28,373026,0,false,1130795251,2015-06-27T14:33:57Z,"chicago house,acid house,disco house,funky house","Sony BMG Music UK",0.694,0.628,11,-9.124,0,0.0339,0.000304,0.00496,0.379,0.736,121.997,4
spotify:track:4UJ1AKSbXAbPlPVFe66wK7,"Gypsy Woman (She's Homeless) (La Da Dee La Da Da) - Radio Edit","Music For Girls Night Out","Crystal Waters",2007-01-01,217760,65,false,1130795251,2015-06-27T14:44:34Z,"","UMC (Universal Music Catalogue)",0.487,0.749,2,-8.749,0,0.0371,0.022,0.00334,0.0548,0.543,120.037,4
spotify:track:0aiTO34ivulpAjFLvvM09G,"Salsoul Nugget","Nº1 Dance Vol. 16","M&S Presents The Girl Next Door",2014-09-25,231253,0,false,1130795251,2016-01-15T17:39:17Z,"","New Media Songs SRL",0.8,0.949,11,-6.126,0,0.0629,0.00169,0.00801,0.0919,0.781,128.006,4
spotify:track:6Ss1QOGzn0iG8hrRRSGrr9,"It Just Won't Do - Radio Edit","It Just Won't Do","Tim Deluxe;Sam Obernik",2011-11-28,198000,69,false,1130795251,2016-01-15T17:42:24Z,"jazz house,funky house","Get Human",0.678,0.936,5,-4.876,0,0.0373,0.00166,0.457,0.376,0.877,129.996,4
spotify:track:19mC6xktT1JyyycK6cQaXA,"Star Guitar","Come With Us","The Chemical Brothers",2002-01-01,387173,57,false,1130795251,2016-01-16T10:33:43Z,"big beat,alternative dance,electronic","Virgin Records",0.492,0.956,5,-4.186,1,0.0472,0.00892,0.872,0.288,0.36,126.968,4
spotify:track:1kMp3srCvZE9Z9iehT1bZb,"Belfast","Orbital","Orbital",1991-01-01,490680,0,false,1130795251,2016-02-05T08:53:52Z,"idm,big beat,acid house,breakbeat","London Records",0.523,0.706,0,-9.837,1,0.0465,0.000796,0.313,0.112,0.345,119.693,4
spotify:track:3MhDgLnch7EtoTqZj2X7Ux,"It's Yours (feat. E-Man) - Distant Music Mix","It's Yours","Jon Cutler;E-Man",2008-07-07,428254,0,false,1130795251,2016-02-12T11:02:57Z,"funky house,disco house,chicago house","Defected Records",0.902,0.842,10,-6.956,1,0.118,0.068,0.139,0.1,0.671,126.004,4
spotify:track:2lSRfd5ykOJMhHEY80Salm,"Rhythm Is a Mystery","Pete Tong Classics","K-Klass",2014-11-07,350481,0,false,1130795251,2016-03-09T23:30:58Z,"acid house","Warner Music TV",0.69,0.764,10,-8.008,0,0.0352,0.00146,0.466,0.0787,0.356,121.098,4
spotify:track:5XXztOLO4kmLtjDPsifbdj,"E Samba","Trust It","Junior Jack",2004,396453,0,false,1130795251,2016-03-09T23:33:53Z,"disco house,funky house,french house,tech house","[PIAS] Recordings Catalogue",0.666,0.976,7,-9.58,1,0.0605,0.013,0.605,0.188,0.58,124.973,4
spotify:track:6rLJdh3qlrhsha4i5eDocp,"Otto's Journey","Destroy Rock & Roll","Mylo",2004,238120,0,false,1130795251,2016-03-09T23:35:26Z,"","Breastfed",0.825,0.846,2,-4.49,1,0.0506,0.0132,0.859,0.102,0.938,123.011,4
spotify:track:2Bi1tzT54EqOloEaOKGns5,"Mohammad Is Jesus...","Junk Science","Deep Dish;Richard Morel;BT",1998-08-25,286733,28,false,1130795251,2016-03-09T23:36:01Z,"trance,progressive trance,progressive house","Deconstruction",0.649,0.81,10,-8.014,0,0.0367,0.00149,0.000618,0.143,0.722,124.954,4
spotify:track:6g99OTGhJ4BnXDHerdufGR,"Love Story","Night Works","Layo & Bushwacka!",2002,312933,0,false,1130795251,2016-03-09T23:37:17Z,"","XL Recordings",0.656,0.682,7,-10.399,0,0.0333,0.329,0.429,0.463,0.0768,132.009,4
spotify:track:3fYB8GVTi0ayeFIQNm6apN,"(Mucho Mambo) Sway - Radio Edit","True 90s (3 CD Set)","Shaft",2006-01-01,208706,0,false,1130795251,2016-03-09T23:37:57Z,"","Universal Music Taiwan",0.661,0.797,8,-8.708,1,0.0413,0.309,0.00313,0.394,0.871,128.05,4
spotify:track:0qJDy1QsmmnZt343XTzxQd,"Can't Get Enough! - Vocal Club Mix","Can't Get Enough","Soulsearcher",1998,412973,1,false,1130795251,2016-03-09T23:38:48Z,"disco house,funky house","Defected Records",0.747,0.973,4,-6.415,0,0.037,0.000357,0.565,0.308,0.983,128.128,4
spotify:track:2PD4oLvt2e55DIK7FMPHpK,"The Bomb! (These Sounds Fall into My Mind) - Radio Edit","The Pete Tong Collection","Kenny Dope;The Bucketheads",2013-11-04,203573,0,false,1130795251,2016-05-25T10:06:42Z,"","Sony Music CG",0.744,0.92,9,-2.959,0,0.0373,0.00111,0.596,0.0379,0.946,125.923,4
spotify:track:6WnWvRVzXJWEHxkhDKmt8u,"Beautiful People - Underground Network Mix","Beautiful People (Remixes)","Barbara Tucker",1994,546586,0,false,1130795251,2016-06-08T21:38:19Z,"chicago house,house,funky house,rally house","Strictly Rhythm Records",0.774,0.745,4,-8.171,0,0.0632,0.00327,0.00414,0.0857,0.621,124.017,4
spotify:track:4CHGyhVoq5AVpG47klsVrL,"Cassius 1999 - Radio Edit","1999 (Deluxe Edition)","Cassius",1999,221733,55,false,1130795251,2016-10-13T21:09:45Z,"french house","Love Supreme / Justice",0.817,0.812,9,-9.073,0,0.288,0.000431,0.0601,0.0589,0.77,127.073,4
spotify:track:1hCSN8TA6VYgwKbGrPpmCn,"Let's Lovedance Tonight - Danny Krivit Re-edit - Dk Re-Edit","Let's Lovedance Tonight - Danny Krivit Re-Edit","Gary's Gang",2007-06-19,349720,33,false,1130795251,2016-11-18T09:16:12Z,"disco,post-disco","Nervous Records",0.82,0.616,4,-8.427,0,0.0361,0.0115,0.445,0.082,0.972,127.86,4
spotify:track:0E9qIaziBA8wK7xyscx7LA,"Someday - Club Mix","Renaissance - The Classics - Volume 2","CeCe Rogers",2012-12-17,292973,0,false,1130795251,2017-01-06T22:58:40Z,"chicago house,acid house,new jack swing","PMI Dance",0.705,0.796,9,-6.955,0,0.0412,0.113,0.0691,0.385,0.555,121.244,4
spotify:track:6q3IF6YhSklm5q7Wygc6Qy,"Zdarlight","Idealism","Digitalism",2007-05-09,340773,0,false,1130795251,2017-05-16T17:18:59Z,"new rave,electroclash,french house","[PIAS] Cooperative",0.779,0.503,9,-7.349,0,0.0527,0.00807,0.827,0.0696,0.59,123.973,4
spotify:track:5m4cUEyXpxBRmThbpYfAwP,"Finally - Original Version","Finally","Kings Of Tomorrow",1905-06-23,313706,0,false,1130795251,2017-04-10T14:59:48Z,"deep house,funky house","Distance",0.86,0.555,7,-13.11,1,0.0642,0.013,0.0000832,0.124,0.756,124.994,4
spotify:track:14CGRk0YiojWdMbHhXmeHF,"What Else Is There? (Thin White Duke Mix)","What Else Is There?","Röyksopp",2005-12-04,508026,0,false,1130795251,2017-05-16T17:03:16Z,"downtempo,electronica,trip hop","Wall of Sound",0.625,0.707,1,-7.268,1,0.0779,0.00589,0.678,0.0695,0.515,123.974,4
spotify:track:4CLZlTPjaKqbadAJc031OQ,"Pogo","Idealism","Digitalism",2007-05-09,226466,0,false,1130795251,2017-05-16T17:19:06Z,"new rave,electroclash,french house","[PIAS] Cooperative",0.403,0.754,0,-5.256,1,0.0441,0.0000608,0.0000773,0.529,0.398,136.021,4
spotify:track:4m2RLN7imvsaLL1ZUGfFFw,"In White Rooms","Movements","Booka Shade",2006-05-12,326840,0,false,1130795251,2017-05-16T17:20:21Z,"minimal techno,melodic house,melodic techno,electronica","Blaufield M10",0.8,0.65,0,-9.145,1,0.0587,0.000962,0.82,0.231,0.096,125.001,4
spotify:track:39gEBCOlL2IdbgLfdly2Ri,"Gabriel (Live Garage Version)","Pay Close Attention : XL Recordings","Roy Davis Jr.;Peven Everett",2014-08-25,444123,0,false,1130795251,2017-05-17T12:40:25Z,"uk garage,chicago house,jazz house,uk funky","XL Recordings",0.831,0.487,11,-8.814,0,0.0376,0.0251,0.225,0.0824,0.414,128.57,4
spotify:track:5miSR58RxO331w6niqtlTC,"Kuar - Henrik Schwarz Remix","Kuar EP","Emmanuel Jal;Henrik Schwarz",2010-10-04,503960,0,false,1130795251,2017-05-20T15:27:55Z,"afro house,afro tech,tribal house,nu jazz","Innervisions",0.731,0.626,3,-9.14,0,0.0501,0.0084,0.41,0.12,0.552,124.879,4
spotify:track:4A0BXQ9bAfkK1vzaaE32i1,"Strings Of Life - Danny Krivit Re-Edit","Strings Of Life [Stronger On My Own] [feat. Kathy Brown]","Soul Central",2003,522946,0,false,1130795251,2017-09-03T10:34:34Z,"funky house,disco house","Defected Records",0.707,0.865,10,-5.86,0,0.0336,0.00601,0.852,0.0493,0.596,124.839,4
spotify:track:4Q5ifu2kG0fG8Dl2bcYzq5,"It's Alright, I Feel It","Nuyorican Soul","Nuyorican Soul;Jocelyn Brown",1997-01-01,202360,0,false,1130795251,2017-10-19T16:16:43Z,"acid jazz","Talkin' Loud",0.724,0.906,6,-7.542,1,0.0716,0.027,0.15,0.114,0.444,121.881,4
spotify:track:5TdsylMARn0PxbHqrmmJoS,"U Sure Do (Strike 7"" Mix)","U Sure Do","Strike",1994,229171,60,false,1130795251,2017-12-28T14:23:51Z,"eurodance","Fresh Records UK",0.683,0.93,3,-7.878,0,0.0499,0.0189,0.38,0.344,0.826,127.969,4
spotify:track:5gcFN7cZ4O1heEptmd3u2I,"Space Cowboy - David Morales Classic Club Remix","High Times: Singles 1992-2006 (Remastered)","Jamiroquai;David Morales",2006-11-06,472253,0,false,1130795251,2018-02-20T19:03:54Z,"acid jazz,disco house,funky house","Columbia",0.748,0.929,6,-4.995,1,0.0918,0.0298,0.0135,0.059,0.69,118.764,4
spotify:track:5RIuQt5fDaSFGTAJfmxJEJ,"Don't Lose The Magic [David Morales Club Mix]","Don't Lose The Magic","Shawn Christopher",2005,475160,0,false,1130795251,2018-02-28T21:15:23Z,"chicago house,nu disco,disco house","Defected Records",0.767,0.855,6,-6.669,1,0.0413,0.000194,0.0124,0.0855,0.513,120.266,4
spotify:track:6aIqEJwjVw4knfpSvnzr57,"Lovin - Sami Dee's 67 East 3rd Street Dub Mix","Lovin (The Remixes)","David Morales;The Face;Kym Mazelle;Sami Dee",2015-02-23,431264,0,false,1130795251,2018-02-28T21:18:21Z,"disco house,funky house,acid house,chicago house","Def Mix Music",0.665,0.906,0,-7.953,1,0.0389,0.000149,0.231,0.0491,0.773,125.987,4
spotify:track:22eUyC9vOG2aoP5yHX8VxV,"Deep Inside","Deep Inside (2009 Mixes)","Hardrive",2009,390560,0,false,1130795251,2018-10-11T08:45:41Z,"chicago house,house,ballroom vogue","Strictly Rhythm Records",0.784,0.855,11,-7.425,0,0.0678,0.00842,0.00223,0.148,0.805,123.671,4
spotify:track:2e0nVBn2Qj5DPvcLFGfH5W,"Ain't No Love (Ain't No Use) [feat. Melanie Williams]","Full Fathom Five","Sub Sub;Melanie Williams",1994-06-01,315466,45,false,1130795251,2019-01-07T13:13:07Z,"madchester","CASINO RECORDS",0.802,0.962,8,-7.28,1,0.0414,0.00367,0.079,0.312,0.966,127.035,4
spotify:track:2vS0nfiXuEfuRObGn7t6gJ,"Racing Green","High Society","High Contrast",2004-09-20,381877,0,false,1130795251,2019-02-25T15:11:50Z,"drum and bass,liquid funk,jungle","Hospital Records",0.448,0.98,7,-4.742,1,0.0434,0.000284,0.321,0.274,0.612,173.023,4
spotify:track:2EiazSYyCSlBEKED2EvysD,"LK - Original Mix","In Rotation","DJ Marky;Stamina MC;XRS;Stamina MC Carol Carolina Bela",2004-03-09,329746,1,false,1130795251,2019-02-25T15:12:36Z,"liquid funk,drum and bass,jungle","Innerground Records",0.651,0.932,8,-6.459,0,0.0686,0.0125,0.426,0.212,0.966,174.008,4
spotify:track:6r0Ryr7Retl1BpvBDmgAGD,"Ready 2 Wear","Devin Dazzle & The Neon Fever","Felix Da Housecat",2017-09-29,221666,0,false,1130795251,2019-02-25T15:13:00Z,"electroclash,chicago house,acid house","Founders of Filth",0.645,0.706,0,-8.042,0,0.0277,0.101,0.000769,0.125,0.797,125.924,4
spotify:track:5z0PXFuxL2SZLPHLDlMDfL,"Space Cowboy - David Morales Mix","The Return of the Space Cowboy (Remastered)","Jamiroquai;David Morales",1994-10-17,470840,50,false,1130795251,2019-02-27T14:42:12Z,"acid jazz,disco house,funky house","Sony Music UK",0.756,0.843,10,-8.082,0,0.0817,0.0299,0.0624,0.0547,0.769,118.754,4
spotify:track:4yzBnLgn29aAfqNgsKP70L,"Back Together (feat. Ron Carroll) - Copyright Re-Edit [Mixed]","Defected Radio Episode 143 (hosted by Sam Divine)","Hardsoul;Ron Carroll;Copyright",2019-03-08,374613,0,false,1130795251,2019-04-11T08:34:50Z,"funky house","Defected Records",0.685,0.816,4,-7.099,0,0.121,0.201,0.00000151,0.38,0.56,122.993,4
spotify:track:0RoMhSh4g9gfHyDHid9yZs,"Happy House","The Future Will Come","The Juan Maclean",2009-04-20,747226,0,false,1130795251,2019-04-23T09:35:37Z,"electroclash,nu disco,indie dance","DFA",0.665,0.904,5,-7.615,0,0.0354,0.000255,0.409,0.0761,0.66,124.983,4
spotify:track:77cTXHD1QjXpoMDBysPU0Y,"Swimming Places","Swimming Places","Julien Jabre",2006,644413,0,false,1130795251,2019-04-26T14:03:36Z,"","Defected Records",0.784,0.806,8,-5.453,1,0.0377,0.000112,0.827,0.0878,0.346,125.984,4
spotify:track:3DkS3vqSScxrcinmmTVHqL,"Tears - Classic Vocal","Sintillate Marbella 2014","Frankie Knuckles;Satoshi Tomiie;Mixed By: Frankie Knuckles",2014-05-12,402266,0,false,1130795251,2019-04-29T14:32:16Z,"chicago house,acid house,dub techno","New State",0.725,0.724,7,-8.007,1,0.0354,0.0297,0.00103,0.0651,0.559,121.474,4
spotify:track:0H0sn1DxXKVN9U1AbQHLvA,"Just the Way You Are","Star 2008","Milky",2008-12-05,210155,0,false,1130795251,2019-05-31T16:32:35Z,"","Motivo",0.673,0.968,3,-4.108,1,0.0375,0.000799,0.00297,0.304,0.978,129.999,4
spotify:track:796T2ROxTNibXRjVhjSzCa,"Promised Land","Promised Land","Joe Smooth",1988-12-11,331706,59,false,1130795251,2019-06-10T15:30:16Z,"chicago house,acid house","Armada Music",0.718,0.93,7,-4.532,1,0.038,0.0026,0.0176,0.0363,0.697,128.736,4
spotify:track:0VIVrtScJca47hUR4QHy6w,"Do You Feel Me - City Soul Project Remix","Do You Feel Me (23rd Birthday Release)","NY's Finest;City Soul Project",2016-04-01,434189,41,false,1130795251,2019-07-09T10:43:02Z,"disco house,funky house","Bassline records",0.811,0.834,1,-7.845,1,0.0526,0.0035,0.892,0.581,0.946,122.013,4
spotify:track:1enHS83nwn4Q9Bjih2YH2K,"Alone - Paradise Version","Italo House Compiled by Joey Negro","Don Carlos",2014-06-02,405381,0,false,1130795251,2019-07-09T10:49:36Z,"jazz house,rally house","Z Records",0.657,0.801,7,-7.902,0,0.0379,0.042,0.811,0.0976,0.712,118.968,4
spotify:track:6RZjwdfLqhH4AvC9UCdIdn,"Music Is My Way Of Life (feat. Lisa Millett) - The Lab Rats present The Experiment; Lab Rats Main Experiment","Music Is My Way Of Life (feat. Lisa Millett) [The Lab Rats present The Experiment]","The Lab Rats;The Experiment;Lisa Millett",1999,490597,0,false,1130795251,2019-07-09T10:50:42Z,"disco house,nu disco,funky house","Soulfuric Recordings",0.733,0.761,11,-9.791,1,0.0456,0.000083,0.0974,0.107,0.642,124.782,4
spotify:track:4XS4PuYyoJcdtFko641Czk,"Keep On Jumpin'","Todd Terry Presents Ready for a New Day","Todd Terry;Martha Wash;Jocelyn Brown",1997-08-04,327306,10,false,1130795251,2019-08-22T12:20:55Z,"chicago house,house,hip house","Logic",0.755,0.779,10,-10.983,0,0.0389,0.00408,0.262,0.269,0.919,123.938,4
spotify:track:1VLEbclmTbYS9Rdp1b90Yf,"Move Your Body","Move Your Body (Elevation) - EP","Xpansions",1990-04-02,231840,55,false,1130795251,2019-08-31T10:05:56Z,"acid house","Sony Music CG",0.726,0.72,0,-12.68,1,0.0448,0.00101,0.032,0.352,0.659,121.953,4
spotify:track:6uOTUFxlgWsFGB2U80ERPr,"Where Love Lives - Classic Club Mix - featured on the John Lewis Christmas Advert 2025","Renaissance the Classics","Alison Limerick;Frankie Knuckles;David Morales",2006-08-24,373579,49,false,1130795251,2019-08-31T10:06:44Z,"chicago house,acid house,disco house,funky house","Sony Music CG",0.706,0.722,11,-6.125,0,0.032,0.00058,0.00341,0.372,0.689,122.005,4
spotify:track:6EaTaHS61kNdszOGscjUIc,"Belle Of The Ball","Blue Marlin Ibiza 2012 (Deluxe Edition)","Slow Hands",2012-06-22,361438,0,false,1130795251,2020-01-30T12:07:09Z,"","Dirty Dutch Compilations",0.751,0.756,11,-8.065,0,0.0609,0.0122,0.741,0.0826,0.771,114.159,4
spotify:track:5eIDkDS3SNasv55ZQ7GHN2,"My Moon My Man - Boys Noize Classic Mix","My Moon My Man","Feist",2007-01-01,398946,37,false,1130795251,2020-02-26T14:27:16Z,"","Universal Music Division Decca Records France",0.636,0.485,4,-8.812,0,0.139,0.145,0.0618,0.347,0.505,124.451,4
spotify:track:5bGlU4BXhMRMMHWZnHuKhj,"Someday","CeCe Rogers","CeCe Rogers",1989-11-14,230133,44,false,1130795251,2020-03-15T10:19:49Z,"chicago house,acid house,new jack swing","Rhino Atlantic",0.704,0.538,9,-15.149,0,0.052,0.0325,0.00024,0.0415,0.844,119.582,4
spotify:track:0UHhtA7tNKZaEPh7hYZVGP,"Feeling For You","1999 (Deluxe Edition)","Cassius",1999,277800,54,false,1130795251,2020-03-15T10:20:29Z,"french house","Love Supreme / Justice",0.828,0.769,6,-10.409,1,0.0828,0.000141,0.741,0.184,0.73,133.055,4
spotify:track:2Biy0tRkZTGxGH8axDwnqP,"The Bomb (These Sounds Fall Into My Mind)","All In The Mind","The Bucketheads",1995-03-03,202934,67,false,1130795251,2020-03-15T10:22:45Z,"","High Fashion Music",0.782,0.874,5,-3.57,1,0.0384,0.0027,0.343,0.0766,0.872,125.917,4
spotify:track:5LOKOBboMIbi4moxpjuFL5,"Chime (Edit) - Remastered","Chime","Orbital",1990-01-01,194760,52,false,1130795251,2020-03-15T10:28:36Z,"idm,big beat,acid house,breakbeat","London Records (Because Ltd)",0.726,0.919,8,-13.836,1,0.045,0.000143,0.709,0.0795,0.332,120.951,4
spotify:track:2CH4mc6qWAI3ejAdqpON9B,"Belfast","Orbital","Orbital",1991-01-01,490680,56,false,1130795251,2020-03-15T10:28:44Z,"idm,big beat,acid house,breakbeat","London Records (Because Ltd)",0.523,0.706,0,-9.837,1,0.0465,0.000796,0.313,0.112,0.345,119.693,4
spotify:track:5czNuIU6g7l5jpefJRcPR4,"Anthem","Anthem","NJOI",1990-12-13,243826,52,false,1130795251,2020-03-18T10:04:25Z,"acid house","Sony Music UK",0.679,0.885,0,-9.371,1,0.033,0.0279,0.194,0.0831,0.703,124.991,4
spotify:track:4oplsE0Efqx5lWT3n9EGLb,"Pennies From Heaven","Good Life - The Best Of Inner City","Inner City",2003-01-01,259480,30,false,1130795251,2020-03-18T13:12:26Z,"acid house,chicago house","EMI Gold",0.73,0.798,9,-8.554,0,0.0408,0.0643,0.0611,0.178,0.709,123.005,4
spotify:track:7JG89hBwLyL72ubbqWWCbp,"Candles","So Far","Alex Reece",1996-01-01,322173,38,false,1130795251,2020-03-19T16:50:49Z,"jungle,drum and bass,liquid funk","Universal-Island Records Ltd.",0.556,0.637,7,-9.284,1,0.0509,0.0652,0.209,0.0847,0.732,159.908,4
spotify:track:0TvBSUDp7hcGyzw2ml5MGl,"In the Trees","Moving Cities","Faze Action",1999,469600,34,false,1130795251,2020-03-21T12:43:14Z,"nu disco","Rhino/Warner Records",0.598,0.536,9,-16.507,1,0.0285,0.264,0.91,0.297,0.806,121.037,4
spotify:track:3bXozgyDP1pMa4m9qKOT27,"Sleep Talk (Junior Jack Club Mix)","Sleep Talk","ATFC",2001,400120,0,false,1130795251,2020-04-14T14:42:30Z,"disco house,funky house","Defected Records",0.627,0.784,1,-9.979,0,0.0497,0.00139,0.658,0.103,0.498,125.98,4
spotify:track:3pPyW9Tw16SPFIttCOxYV5,"Discòs Revenge - Short Dirty Mix","Discòs Revenge","Gusto",2011-07-15,231758,0,false,1130795251,2020-04-14T15:11:50Z,"disco house,funky house,chicago house","Sounds Good",0.811,0.942,8,-6.72,0,0.0585,0.0226,0.882,0.0647,0.953,125.962,4
spotify:track:2bpmisazTQ49QpLMGZGp1X,"Hideaway - Deep Dish Radio Edit","Hideaway / That Look - Single","De'Lacy",1995,211960,1,false,1130795251,2020-04-14T15:21:34Z,"","Easy Street Records",0.761,0.959,11,-7.592,1,0.096,0.00389,0.697,0.217,0.477,121.986,4
spotify:track:2TbQOKDTGrg3ppGkO3gltX,"Far Nearer","Far Nearer","Jamie xx",2011,410577,0,false,1130795251,2020-04-17T11:02:32Z,"","Young Turks Recordings",0.61,0.426,0,-11.538,1,0.147,0.493,0.854,0.108,0.33,126.975,4
spotify:track:0DmVOSnZLqxYEktgaVTP1H,"Use Me Again - Carl Craig Rework","Use Me Again (And Again)","Tom Trago;Carl Craig",2011-04-09,462624,0,false,1130795251,2020-04-17T11:04:18Z,"disco house,idm,minimal techno,techno,electronic classical","Voyage Direct",0.645,0.76,7,-8.29,0,0.0512,0.000191,0.296,0.0263,0.476,123.989,4
spotify:track:0YV2ltaj2ZuTYYgqH4sQIN,"Alone - Sax Ambient","Riviera House Traxx (Ricky Montanari Presents)","Don Carlos",2013-04-18,405000,6,false,1130795251,2020-04-21T13:31:52Z,"roots reggae,reggae,dub,ragga,rocksteady","Irma Records",0.687,0.895,7,-12.613,0,0.0391,0.0129,0.833,0.291,0.611,119,4
spotify:track:7z9YS9y6NydxLKVh7bncER,"It's the Beat","Attack Decay Sustain Release","Simian Mobile Disco",2007-01-01,202053,0,false,1130795251,2020-04-23T14:22:56Z,"new rave,electroclash,alternative dance,electronica","Wichita Recordings",0.726,0.79,0,-4.886,1,0.0506,0.00297,0.245,0.235,0.238,127.336,4
spotify:track:0Xy2x4fgQnsGOGGC8lP10O,"Escravos de Jó (Robust Horns)","Spiritual Life Music","Kerri Chandler;Joaquin ""Joe"" Claussell",1997-11-03,446560,0,false,1130795251,2020-04-24T10:40:24Z,"house,chicago house,deep house,jazz house,latin house,acid jazz","Nuphonic",0.626,0.668,10,-10.505,0,0.107,0.000658,0.868,0.0471,0.541,118.951,4
spotify:track:5eFCFpmDbqGqpdOVE9CXCh,"That's the Way Love Is - Underground Mix; Edit","Foundation","Ten City",1989,255200,44,false,1130795251,2020-04-24T16:36:26Z,"chicago house,acid house","Rhino Atlantic",0.638,0.742,7,-11.421,1,0.0485,0.0111,0.0000945,0.0762,0.698,120.772,4
spotify:track:0WPAZcqELZ7Vlhb9Upg3ph,"Won't Get No Better - Paul Simpson Dub","Won't Get No better","Turner;Skipworth",2011-01-11,546253,5,false,1130795251,2020-04-26T14:13:58Z,"post-disco,chicago house","High Fashion Digital",0.793,0.626,7,-12.597,1,0.0685,0.00295,0.0859,0.0576,0.657,115.251,4
spotify:track:7awjiI89oDQJbSbbQ9lNIl,"Genius","Pigs & Battleships","Quando Quango",2003,387226,15,false,1130795251,2020-04-26T14:15:30Z,"post-disco,chicago house","LTM Recordings",0.679,0.622,4,-14.148,0,0.0503,0.0277,0.768,0.475,0.836,121.633,4
spotify:track:7oJAtLLpwuer12CMaKyzAz,"Don't You Ever Give Up (feat. Melonie Daniels) - Ricanstruction Vocal","The Soulful House Experience 2 (Gospel House Edition) [Mixed by Teddy Douglas]","Innervision;Melonie Daniels;Frankie Feliciano",2018-03-02,373469,4,false,1130795251,2020-04-28T17:07:53Z,"northern soul,funky house,jazz house","Nervous Records",0.768,0.62,1,-9.696,1,0.0397,0.000089,0.0537,0.0595,0.75,124.93,4
spotify:track:0XUCrpew78UMlbwEGdkYwo,"Can You Feel It","Chicago Trax - Volume 1","Mr. Fingers",2007-06-05,345133,0,false,1130795251,2020-04-27T15:50:39Z,"chicago house,acid house,jazz house","Trax Records",0.681,0.329,9,-19.966,0,0.062,0.0886,0.883,0.0738,0.665,114.779,4
spotify:track:2ZKF8jc6zt1jb28AXZWnfW,"Hi-Tech Jazz","Galaxy 2 Galaxy: A High Tech Jazz Compilation","Galaxy 2 Galaxy",2005,336160,33,false,1130795251,2020-04-28T09:51:39Z,"acid house,chicago house,idm","Submerge Recordings",0.643,0.741,4,-12.522,1,0.0428,0.008,0.614,0.0909,0.504,126.448,4
spotify:track:0dEE0sDjGyBBZFxAU8DyuE,"Time For Love (Frankie Feliciano Mix)","Evolutions of House Mixed by CJ Mackintosh","Kim English",2010-04-06,455960,1,false,1130795251,2020-04-28T17:08:35Z,"","Nervous Records",0.685,0.661,1,-10.185,0,0.0422,0.000427,0.739,0.0499,0.841,126.472,4
spotify:track:2R07rAIxWb9I9x2vmIvGEC,"Mighty Power Of Love - Mood 2 Swing Mix","Underground Dance Floor Classics","Leee John",1996,530918,0,false,1130795251,2020-04-28T17:33:48Z,"","John Boy Productions",0.811,0.881,4,-8.068,0,0.0389,0.00692,0.611,0.709,0.79,122.931,4
spotify:track:6FFaRHLwovqPDnHhRZSLfX,"The Word Is Love (Say The Word) - Silk's Anthem Of Life","Remixology","Voices Of Life",2003-01-01,480693,15,false,1130795251,2020-04-29T13:14:02Z,"","UMC (Universal Music Catalogue)",0.814,0.772,10,-6.424,0,0.0313,0.0000361,0.208,0.0425,0.82,124.513,4
spotify:track:3Da0K52P1sq9A7ZS660cnp,"Diamond Life (feat. Julie McKnight) - Dance Ritual Mix","Diamond Life (feat. Julie McKnight)","Louie Vega;Jay Sinister Sealee;Julie McKnight",2002-10-01,532133,0,false,1130795251,2020-04-29T16:02:48Z,"chicago house,deep house,latin house,house,disco house,funky house","4 To The Floor Records",0.853,0.732,9,-8.005,1,0.0423,0.00052,0.0117,0.0361,0.967,124.024,4
spotify:track:4WcDAHjCna87RamADVqekP,"Michael - Original","Michael","Roy Davis Jr.",1999-11-15,245626,0,false,1130795251,2020-04-30T12:05:53Z,"uk garage,chicago house,jazz house,uk funky","Nuphonic",0.868,0.763,3,-7.448,1,0.0355,0.0124,0.00516,0.0729,0.972,125.004,4
spotify:track:7iSYsQq0ywuHw03JBEf5HO,"Groovejet","Wonder's Dancefloor","Spiller",2001-01-09,450455,0,false,1130795251,2020-05-01T21:49:29Z,"disco house","Diamond Records",0.794,0.595,9,-9.125,0,0.0715,0.000496,0.121,0.353,0.681,123.008,4
spotify:track:4kqv0fA0vF1vNwlVQqewdL,"Stupidisco","Trust It","Junior Jack",2004-02-09,307600,62,false,1130795251,2020-05-01T21:50:02Z,"disco house,funky house,french house,tech house","[PIAS] Recordings Catalogue",0.747,0.99,1,-4.789,1,0.0454,0.0146,0.649,0.182,0.777,125.01,4
spotify:track:7GzSihnxf6TiuV6r4qfLv4,"Finally - Danny Krivit / Steve Travolta Re-edit [Mixed]","Defected Radio Episode 083 (hosted by Roger Sanchez)","Kings Of Tomorrow;Danny Krivit;Steve Travolta",2017-12-29,561467,0,false,1130795251,2020-05-03T10:14:55Z,"deep house,funky house,disco house,nu disco","Defected Records",0.875,0.646,7,-8.927,1,0.0912,0.0176,0.0000253,0.125,0.756,123.948,4
spotify:track:1xRS4rW2sFcVVkngfnhQuM,"Ebonics","Sound Signature Sounds","Theo Parrish",2000,759266,0,false,1130795251,2020-05-12T11:06:28Z,"jazz house,chicago house","Sound Signature",0.892,0.396,6,-17.348,0,0.298,0.651,0.435,0.117,0.54,110.592,4
spotify:track:78E0yhlgTvAequTHD60uJW,"Learn 2 Luv - Mood II Swing Club Mix","Learn 2 Luv","Kim English",2011-10-17,504160,14,false,1130795251,2020-05-12T18:26:44Z,"","Nervous Records",0.693,0.717,6,-15.866,0,0.0412,0.00451,0.468,0.157,0.906,124.957,4
spotify:track:2kZdKCN82ds6hIhBRtmHox,"Alone - Paradise","Mediterraneo (Club Favourites Collection '90/98)","Don Carlos",2013-02-04,406200,44,false,1130795251,2020-05-16T20:35:04Z,"jazz house,rally house","Irma Records",0.68,0.679,7,-10.128,0,0.0421,0.0193,0.847,0.103,0.625,118.974,4
spotify:track:0F75QxFE9jamViHrdvBrxV,"Finally","Finally","Kings Of Tomorrow;Julie Mc Knight",2001,315826,22,false,1130795251,2020-05-17T10:31:39Z,"deep house,funky house","Distance",0.861,0.574,7,-10.929,1,0.0577,0.0127,0.0000456,0.269,0.824,124.988,4
spotify:track:031H8KE9xVWeSBqf5M9IUO,"Giffin - Taken re-edit Speechless dub mix","Giffin","Mr. Scruff;Nke",2003,445320,4,false,1130795251,2020-05-20T11:51:22Z,"electro swing,trip hop,nu jazz,downtempo,acid jazz","Ninja Tune",0.772,0.689,9,-6.403,0,0.0486,0.0026,0.903,0.0663,0.967,121.008,4
spotify:track:68ttTIhpr7XmHb7VoEofR5,"Love Song (Bah-sonik Mix)","Love Song Part One","Nadirah Shakoor",2006-10-30,451581,4,false,1130795251,2020-05-20T12:42:41Z,"uk funky","Yoruba Records",0.66,0.769,0,-10.536,1,0.0443,0.0553,0.785,0.608,0.794,126.006,4
spotify:track:5cbAVYYX9huNcTJjs79krX,"Durban Poison","Soul Jazz Records presents BLACK RIOT: Early Jungle, Rave and Hardcore","Babylon Timewarp",2020-05-22,330960,17,false,1130795251,2020-06-03T16:19:05Z,"jungle","Soul Jazz Records",0.66,0.832,5,-10.004,0,0.0842,0.00949,0.832,0.25,0.813,152.612,4
spotify:track:4t5ivAsbttdO68uCfIlG66,"On My Way - Longer Version","Trionisphere (Live)","Kerri Chandler",2010-10-18,451033,0,false,1130795251,2020-06-22T15:24:44Z,"house,chicago house,deep house","Nite Grooves",0.743,0.868,11,-6.624,0,0.0538,0.00357,0.0931,0.0427,0.764,124.01,4
spotify:track:4LRT2X5LCNxWCyJzSDFhyQ,"Feel The Sunshine","So Far","Alex Reece;Deborah Anderson",1996-01-01,378506,37,false,1130795251,2020-06-25T08:43:16Z,"jungle,drum and bass,liquid funk","Universal-Island Records Ltd.",0.664,0.68,2,-9.678,0,0.0755,0.106,0.512,0.192,0.72,159.875,4
spotify:track:7hnMey7Fdhn7MykthTpS7h,"Just Chillin' Out","House Party","AM KO",2006,467500,9,false,1130795251,2020-06-27T22:58:03Z,"","stilove4music",0.843,0.515,7,-12.195,1,0.128,0.273,0.00244,0.0826,0.543,117.781,4
spotify:track:547iG5F16pTdim4XlMlGEU,"Follow Me - Club Mix","Follow Me","Aly-Us",1992,384000,0,false,1130795251,2020-07-08T13:16:50Z,"chicago house,baltimore club","Strictly Rhythm Records",0.752,0.803,8,-6.223,1,0.0283,0.00249,0.0261,0.042,0.571,120.151,4
spotify:track:0w4KbZeWxbm20EGBZmGxKq,"Hope - 3 Generations Walking Remix","Hope Remixes","Fat Freddy's Drop;3 Generations Walking",2003,454173,0,false,1130795251,2020-07-13T13:28:20Z,"nz reggae,dub","The Drop",0.679,0.415,7,-17.706,1,0.0574,0.146,0.618,0.149,0.658,124.018,4
spotify:track:76ZMYgWV3OMWwMl0M0yp42,"I Might Do Something Wrong - Osunlade Lonely Mix","Introducing Tortured Soul","Tortured Soul;Osunlade",2001-11-02,440533,40,false,1130795251,2020-07-14T17:28:13Z,"acid jazz,deep house,afro house","Tstc Music",0.798,0.758,7,-8.081,1,0.0482,0.0000962,0.734,0.0266,0.579,124.502,4
spotify:track:67VXr4fgASS17w7rkDZbBO,"45:33 - Theo Parrish's Space Cadet Remix","45:33 Remixes","LCD Soundsystem;Theo Parrish",2009-09-14,602600,14,false,1130795251,2020-07-27T12:43:35Z,"alternative dance,new rave,jazz house,chicago house","Parlophone UK",0.827,0.486,10,-13.623,1,0.199,0.00145,0.281,0.0473,0.601,110.771,4
spotify:track:5pav68MHHRuUUNhqIRxJf8,"Drilling","Working Nights","Trus'me",2007-01-01,354026,0,false,1130795251,2020-07-27T12:45:17Z,"","Prime Numbers Records",0.817,0.783,1,-9.052,1,0.076,0.0515,0.388,0.101,0.739,106.026,4
spotify:track:66NYInctoXYFVHIOxJSQqj,"Can We Pretend","In the Red","Trus'me;Amp Fiddler;Kenny 'Mac' Martin",2009-12-01,267860,0,false,1130795251,2020-07-27T12:46:37Z,"neo soul,acid jazz","Prime Numbers Records",0.797,0.635,11,-8.95,0,0.0712,0.00251,0.0694,0.299,0.684,107.047,4
spotify:track:2d03giVhJ2qwNBCoO3rk0f,"Out Of The Storm - C's Planet E Special Mix","Future Remixed","Incognito;Carl Craig",1999-01-01,640266,0,false,1130795251,2020-07-27T13:04:57Z,"acid jazz,jazz funk,smooth jazz,idm,minimal techno,techno,electronic classical","Talkin' Loud",0.694,0.444,4,-9.656,0,0.0396,0.0101,0.593,0.109,0.385,104.178,4
spotify:track:1XtL9oFXG4x67XHdVIGjBG,"Call Me - Dixon Edit","Live At Robert Johnson, Vol. 8","Mark E",2011-09-12,251586,0,false,1130795251,2020-07-27T21:51:24Z,"","Live at Robert Johnson",0.512,0.59,5,-10.45,1,0.0273,0.0629,0.908,0.156,0.646,118.121,4
spotify:track:6aMtWirc5vElhnE84LNxCY,"Miles Away","EP1","Linkwood Family",2008-11-12,518373,0,false,1130795251,2020-07-30T07:52:22Z,"jazz house","Firecracker",0.794,0.425,3,-12.336,0,0.0656,0.624,0.609,0.13,0.0914,117.019,4
spotify:track:5FO1NUarjrRlFpOTnyritk,"RIP Groove - Radio Edit","RIP Groove","Double 99",1997-01-01,209373,0,false,1130795251,2020-07-30T10:48:14Z,"uk garage,jungle,bassline,uk funky","Skint Records",0.547,0.94,7,-8.567,1,0.129,0.00129,0.238,0.337,0.206,128.016,4
spotify:track:5zh23oMbATQlWbwEe5U0KG,"Papua New Guinea","Accelerator","The Future Sound Of London",1991,405293,50,false,1130795251,2020-08-11T21:16:06Z,"idm,big beat,ambient,acid house,breakbeat,trip hop","Jumpin' & Pumpin'",0.352,0.575,8,-14.853,1,0.0445,0.00181,0.687,0.143,0.431,124.864,4
spotify:track:1sOSeXkBdxmFzGfi2IERVR,"I'm Gonna Love You","Love in a Black Dimension","Jestofunk",1994,347306,31,false,1130795251,2020-08-22T14:19:34Z,"acid jazz,jazz funk,nu jazz","Irma Records",0.746,0.692,1,-6.968,1,0.0422,0.0927,0.0383,0.584,0.48,108.019,4
spotify:track:1rHXWYH1UWcsvSSRVHr0li,"Angola - Carl Craig Mix","Club Sodade","Cesária Evora;Carl Craig",2003-03-16,509253,0,false,1130795251,2020-08-22T14:23:46Z,"fado,idm,minimal techno,techno,electronic classical","RCA Records Label",0.784,0.799,8,-10.488,1,0.0541,0.0117,0.744,0.0693,0.767,114.034,4
spotify:track:0O7xFEqePrcTUgOi4qe0uB,"Inner City Life","Inner City Life","Goldie",1994-01-01,420266,47,false,1130795251,2020-09-02T13:41:25Z,"jungle,drum and bass,liquid funk,breakbeat","London Music Stream/Because Music",0.52,0.848,7,-8.282,1,0.0869,0.00269,0.263,0.0952,0.114,154.934,4
spotify:track:6lgVIRufxMCt5Eefsdf6hd,"Dancin' - A Lil More Dub","Dancin'","Erick Morillo",2003-01-01,228613,0,false,1130795251,2020-09-02T18:56:39Z,"","Strictly Rhythm Records",0.75,0.764,9,-6.386,0,0.0544,0.0155,0.0812,0.127,0.646,126.002,4
spotify:track:7DgQhNE63atGN19CgcFmXd,"Brighter Days - Underground Trance Mix '92","It's Time","Cajmere;Dajae",2010-07-26,418409,31,false,1130795251,2020-09-21T23:01:30Z,"chicago house,baltimore club,footwork,house,tech house","Cajual",0.809,0.726,2,-9.675,1,0.0334,0.0125,0.746,0.11,0.599,123.902,4
spotify:track:1JHTUlozh6kIRoYytLAPbz,"Deeper - Blaze Deep Mix","Deeper - EP","Toni Martin",1993-06-15,330240,0,false,1130795251,2020-09-21T23:02:27Z,"chicago house","Easy Street Records",0.78,0.533,7,-16.937,0,0.0495,0.0527,0.0423,0.0788,0.581,123.009,4
spotify:track:5nt0IBPjskfJ5V23FoAhV1,"4","Charles Webster - Coast2Coast","Pepe Braddock",2008-09-08,450906,11,false,1130795251,2020-09-21T23:04:01Z,"trip hop","NRK",0.674,0.8,5,-10.018,1,0.0389,0.00308,0.862,0.112,0.1,121.992,4
spotify:track:6onzXm6WKt8xFgzyNQ6IVr,"Love In Music","KMS Mix","D Wynn;The R-Tyme Production",2009-04-01,222346,0,false,1130795251,2020-09-22T21:00:42Z,"","Submerge Recordings",0.64,0.446,7,-21.596,1,0.0444,0.0418,0.83,0.215,0.804,129.911,4
spotify:track:07oiZh5jfjIxv4DJGr3qxQ,"I'm Your Brother - Club Version","1993-99 Main Street Records","Round One;Andy Caine",1999,394133,29,false,1130795251,2020-09-22T21:05:57Z,"dub techno,chicago house","Main Street",0.733,0.764,11,-10.815,0,0.0396,0.0103,0.177,0.047,0.475,123.988,4
spotify:track:16tDadOrM4U7dy05kE72kg,"Happy House","The Future Will Come","The Juan Maclean",2009-04-20,747226,0,false,1130795251,2020-09-24T10:56:16Z,"electroclash,nu disco,indie dance","DFA",0.665,0.904,5,-7.621,0,0.0353,0.000258,0.418,0.0764,0.655,124.988,4
spotify:track:7tlvKHYxoeJo59vVzERbkc,"Do It Now - Original Edit","Do It Now","Dubtribe Sound System",2001-11-19,792933,11,false,1130795251,2020-10-13T09:12:21Z,"","Modul",0.826,0.865,1,-7.72,1,0.111,0.00406,0.788,0.606,0.893,118.015,4
spotify:track:6TaJ3aycX1BVUMRoVASnVI,"I Don't Even Know If I Should Call You Baby","New Wave","Soul Family Sensation",1991-10-28,225960,0,false,1130795251,2020-10-15T20:20:51Z,"","One Little Independent Records",0.54,0.39,4,-17.251,0,0.0398,0.235,0.00925,0.0855,0.386,200.444,4
spotify:track:15n2tg2qECH1Si9eGYrKzJ,"See Line Woman (Original Mix)","See Line Woman","Songstress",1999-09-06,441360,0,false,1130795251,2020-10-20T09:14:00Z,"","XL",0.802,0.716,1,-10.383,0,0.16,0.0754,0.0478,0.14,0.587,123.056,4
spotify:track:5pjmdRxj7BAkwBTfa4QFYw,"African Flower - Cosmic Dub","Dekmantel Anniversary Series","Jordash;Juju",2011-12-19,599636,10,false,1130795251,2020-10-20T14:20:03Z,"gnawa","Dekmantel",0.547,0.487,6,-12.735,1,0.0366,0.19,0.845,0.29,0.337,105.989,4
spotify:track:4tdnXJLosP2K1bzWL2YfK9,"Uschi's Groove","Ballistic Brothers V The Eccentric Afros Volume 1","The Ballistic Brothers",1997-01-01,207360,0,false,1130795251,2020-10-27T10:22:59Z,"acid jazz,nu jazz,trip hop","Soundboy Entertainment Ltd",0.683,0.486,9,-13.808,0,0.0355,0.00647,0.896,0.0718,0.251,189.989,4
spotify:track:03s4wBMb8GDUqTNu0bUvzR,"Hold On","Hold On","Norman Weeks",2006-06-16,842868,0,false,1130795251,2020-10-28T13:44:14Z,"funk gospel","Sonar Kollektiv",0.606,0.673,1,-7.885,1,0.143,0.0438,0.00483,0.322,0.714,118.474,4
spotify:track:3CCXTtfoZNnSgyi7vyYIkf,"I Just Wanna Sing For You","Hold On","Norman Weeks",2006-06-16,171040,0,false,1130795251,2020-10-28T13:44:32Z,"funk gospel","Sonar Kollektiv",0.67,0.689,9,-8.721,0,0.139,0.605,0.00148,0.0905,0.674,106.111,4
spotify:track:2m9MmaaecGpMSWs6Ti4cku,"Move Your Body(To the Sound) - Club Mix","Move Your Body(To the Sound) [Club Mix]","Korda",2013-01-01,321436,32,false,1130795251,2020-10-29T20:39:54Z,"chicago house","Palmares",0.713,0.645,1,-10.466,1,0.0427,0.0113,0.148,0.0984,0.413,120.363,4
spotify:track:7nHtiNmxLgmOxqWhBA1IKG,"There's Never Been (No One Like You) [feat. Bobby Youngblood] - MAW Remix; 2016 - Remaster","MAW presents West End Records: The 25th Anniversary (2016 - Remaster)","Kenix;Bobby Youngblood;Masters At Work;MAW",2001-01-01,410192,0,false,1130795251,2020-11-02T12:32:49Z,"disco,ballroom vogue,chicago house","West End Records",0.911,0.659,5,-7.834,0,0.0713,0.567,0.339,0.0805,0.94,126.112,4
spotify:track:0uw0aCgkCIrmKptQDGmFPR,"Goin' Through The Motions - Emotional Mix","Goin' Through The Motions - EP","Keisha Jenkins",1993-01-08,281840,0,false,1130795251,2020-11-02T16:28:30Z,"chicago house","Easy Street Records",0.787,0.464,5,-17.734,0,0.0722,0.00121,0.417,0.0868,0.634,121.26,4
spotify:track:3lrsQQ6tK4UcO164pSmHDU,"Love Love Love","Basement Boys Anthology","Those Guys",2005-01-01,607400,29,false,1130795251,2020-11-02T16:29:32Z,"disco house,chicago house","Basement Boys Records",0.726,0.911,1,-7.854,1,0.0419,0.00127,0.784,0.0572,0.221,122.536,4
spotify:track:1PH8at6E0jy3rFPH66aH9m,"Back Together (feat. Ron Carroll) - Classic Mix","Back Together (feat. Ron Carroll)","Hardsoul;Ron Carroll",2003-08-29,502286,0,false,1130795251,2020-11-09T20:25:36Z,"","Soulfuric Recordings",0.767,0.73,9,-7.93,1,0.0567,0.0946,0.000328,0.645,0.832,121.008,4
spotify:track:2B1kUurtkouW2diExbR0FU,"Magic Love - Ashley Beedle's Black Magic Remix Edit","Magic Love (Remixes)","Bent",2011-10-21,550266,33,false,1130795251,2020-11-13T11:51:47Z,"trip hop,downtempo","Ministry of Sound Recordings",0.783,0.781,9,-7.661,0,0.0342,0.0015,0.821,0.11,0.969,125.013,4
spotify:track:4FPzfVf6pRTTigwzchA0GB,"Always - Ashley Beedle's Mahavishnu Remix","Go! Kommando","Bent",2005-09-14,458026,34,false,1130795251,2020-11-13T11:52:08Z,"trip hop,downtempo","Ministry of Sound Recordings",0.609,0.827,10,-9.384,0,0.0302,0.000877,0.741,0.154,0.83,125.004,4
spotify:track:3bBNkMUG7KLnyZ3i9HoVjd,"Early Byrd","Baby Steps EP","Theo Parrish",2014-11-14,686000,0,false,1130795251,2020-12-04T13:33:17Z,"jazz house,chicago house","Sound Signature",0.668,0.649,0,-12.06,1,0.0567,0.00218,0.953,0.44,0.241,119.007,4
spotify:track:5FqKVL72KUO2vKM6nxcQYd,"Think Twice - Mark E Remix","Think Twice (Remixes)","The Detroit Experiment;Mark E",2009-02-20,578013,16,false,1130795251,2020-12-06T11:24:57Z,"jazz house","Juno",0.68,0.438,1,-13.432,1,0.0407,0.106,0.934,0.103,0.142,114.993,4
spotify:track:0mkFsfbLtiBGpkvkuC3VMO,"Virgo","Stark / Virgo","Marcus Intalex",2011-10-24,312184,0,false,1130795251,2020-12-10T14:16:47Z,"drum and bass,jungle,liquid funk","Dispatch Recordings",0.482,0.995,9,-3.846,0,0.0481,0.0867,0.976,0.184,0.36,172.94,4
spotify:track:2P6QV6D4E3TxcYoYYz8ANJ,"Blind - Frankie Knuckles Remix","Blind","Hercules & Love Affair",2008-02-29,471995,56,false,1130795251,2020-12-22T12:55:21Z,"","Parlophone UK",0.783,0.781,2,-5.39,0,0.0481,0.0194,0.128,0.0299,0.862,123.995,4
spotify:track:2vdaDcSdRqo4jLY75dyHfq,"Gotta Get Your Love (Kenny Dope Mix)","Gotta Get Your Love","Gary Davis;Kenny Dope",2011-02-15,265893,0,false,1130795251,2020-12-22T13:18:02Z,"","Kay-Dee Records",0.749,0.566,2,-12.147,1,0.0327,0.0715,0.0000965,0.0992,0.94,117.865,4
spotify:track:3i1DP6AK0mzQBJ8fuxGLIM,"We Could Love - Vocal feat. Robert Owens","We Could Love","Mark E",2012-07-23,410215,1,false,1130795251,2020-12-24T17:21:41Z,"","Needwant",0.766,0.388,7,-12.659,1,0.0938,0.00224,0.92,0.107,0.962,117.991,4
spotify:track:2P79o8njc5X9NbgiGbRwpx,"Sweet Harmony","Sweet Harmony","Liquid",1992,262026,57,false,1130795251,2020-12-29T09:51:23Z,"acid house","XL Recordings",0.586,0.957,9,-4.519,0,0.0422,0.0578,0.87,0.0595,0.475,135.073,4
spotify:track:1aVPMSjKmSsIXmdEOOptC5,"Lemon Puff - Original Mix","Lemon Puff","Deep South",1997-02-15,466674,8,false,1130795251,2021-01-22T13:57:40Z,"","Low Pressings",0.797,0.945,0,-6.871,1,0.0371,0.00548,0.819,0.114,0.925,126.265,4
spotify:track:7FVvHGA46aU7mkwx4iHMRE,"Little Fluffy Clouds","Adventures Beyond The Ultraworld","The Orb",1991-04-02,267666,52,false,1130795251,2021-02-05T21:02:26Z,"idm,ambient","Universal-Island Records Ltd.",0.661,0.542,6,-18.465,0,0.0405,0.01,0.269,0.129,0.541,104.99,4
spotify:track:2XwqNJ0IynowN5SEk3A6wP,"I Feel Space","I Feel Space","Lindstrøm",2005-04-01,421333,34,false,1130795251,2021-02-09T16:27:21Z,"nu disco,electronica","Feedelity Recordings",0.795,0.573,1,-9.839,1,0.0419,0.00887,0.946,0.0916,0.695,122.062,4
spotify:track:0dUXcsRSXJbcEO2gMn5ZSL,"A Day in the Life (Club Mix)","A Day In The Life","Black Riot",2007,335520,0,false,1130795251,2021-02-09T16:28:23Z,"acid house,chicago house,hip house","Defected Records",0.803,0.874,6,-7.461,0,0.0621,0.00599,0.851,0.315,0.748,120.074,4
spotify:track:2EHtq5l6pDN2OOJYlBSGrA,"Across the Universe","Ron Trent & Jerome Sydenham Present: Need 2 Soul, Vol. 1","Isp",2008-06-09,430373,4,false,1130795251,2021-02-10T12:58:49Z,"","Need2Soul",0.676,0.793,5,-11.037,1,0.0681,0.1,0.89,0.439,0.385,123.02,4
spotify:track:4m5w7SZ8KGA6RevO4cYKgJ,"Hangin' On A String - Frankie Knuckles Remix","Tighten Up Vol I","Loose Ends;Frankie Knuckles for Def Mix Productions",1992-01-01,351666,30,false,1130795251,2021-02-16T21:06:05Z,"post-disco,new jack swing","Ten Records",0.695,0.492,1,-13.494,0,0.0532,0.00128,0.333,0.036,0.636,103.343,4
spotify:track:3PHC31DcF7sDnnNLL367o6,"Living In Ecstasy - The Groove Mix","Living In Ecstasy","Fonda Rae;Mood II Swing",1996-09-30,431838,0,false,1130795251,2021-02-16T11:39:49Z,"post-disco,boogie,ballroom vogue,chicago house","4 To The Floor Records",0.916,0.9,10,-5.031,0,0.0469,0.00245,0.303,0.068,0.969,122.998,4
spotify:track:7aUlBqAHppttybHHYrefZk,"Turn Me On","Turn Me On / Come To Me","Black Coffee",2009-01-01,445746,0,false,1130795251,2021-02-16T11:40:39Z,"afro house,afro tech,house","Kronologik / Soulistic Music",0.792,0.784,5,-9.842,0,0.0496,0.0023,0.861,0.0968,0.569,123.007,4
spotify:track:5gjRugpcrpgRffrheTbQYT,"Voodoo Ray","Voodoo Ray","A Guy Called Gerald",1988-09-01,267106,0,false,1130795251,2021-02-23T13:05:55Z,"acid house,madchester,chicago house","Rham Records",0.683,0.789,2,-9.034,1,0.0602,0.03,0.0105,0.0724,0.657,119.504,4
spotify:track:4tZNRpeO3dvMB9POtjh9J3,"Together - Club Mix","Italo House 90 : Piano Anthems (When Piano Means... House Music!!)","Smallage",2015-07-03,356531,20,false,1130795251,2021-02-26T13:30:14Z,"acid house,chicago house","Irma Dancefloor",0.599,0.83,5,-9.317,0,0.031,0.0217,0.666,0.153,0.704,126.94,4
spotify:track:7J6v4qZqzcSbcyzyvgujAY,"Chatuchak","Weekend In Bangkok","Nils Penner;Chopstick & Johnjon",2009-11-17,465281,0,false,1130795251,2021-02-26T13:38:05Z,"","Plastic City. Play",0.838,0.428,10,-15.072,0,0.0669,0.00274,0.753,0.101,0.167,125.018,4
spotify:track:2OsridXIfSGdys4SvgYUCF,"My My Lover","My My Lover","Dee Dee Brave",1990-09-28,336898,0,false,1130795251,2021-02-26T17:57:54Z,"","Movin' Records",0.673,0.579,8,-9.088,1,0.0643,0.00304,0.0118,0.091,0.317,120.247,4
spotify:track:6HjdHMNIFf6OLGE14LfqWW,"Momma's Groove - Jimpster's Hip Replacement Mix","Momma's Groove","Osunlade;Jimpster",2008-08-25,453973,0,false,1130795251,2021-03-06T21:33:08Z,"deep house,afro house","Strictly Rhythm Records",0.847,0.672,7,-7.997,1,0.0996,0.0273,0.86,0.0745,0.605,123.442,4
spotify:track:6ImSj6g73AT2Z3F35q0x6l,"Hot Music","Hot Music","Soho;Pal Joey",2008-09-30,306133,43,false,1130795251,2021-03-08T17:33:13Z,"chicago house,baltimore club,acid house","Cabaret",0.69,0.843,8,-11.397,1,0.0658,0.00121,0.686,0.243,0.346,112.054,4
spotify:track:5v3de76jolojQjDwE9QkpG,"Think About It","Deep Electronic Sound - Special Vinyl Edition","Phlash And Friends",2008,468000,5,false,1130795251,2021-03-10T11:18:16Z,"","Archive",0.784,0.718,9,-8.442,1,0.0469,0.0126,0.112,0.0796,0.879,118.999,4
spotify:track:4vTqh7IR9tVuoQh7jBH1Dj,"Spend the Night","Loop-D-Loop #3","Pal Joey",2008-09-30,326946,27,false,1130795251,2021-03-11T10:12:25Z,"chicago house,acid house","Loop-D-Loop",0.712,0.59,0,-15.796,1,0.0418,0.0169,0.941,0.13,0.15,121.785,4
spotify:track:05gqqGG6bNDjVwRuYblFgL,"I Left It On Hi - Beyond Real Instrumental","I Left It On Hi","Chris Forman;Terrance Downs",2012-01-09,512410,0,false,1130795251,2021-03-15T10:54:58Z,"","Nite Grooves",0.61,0.699,0,-7.176,1,0.0411,0.000121,0.911,0.0717,0.662,126.002,4
spotify:track:1zBJswR8vDBl3HnOVn1S84,"Feelin Who You Are (Neter ''S'' Het-Hera Blu Fix 7 Mix)","Feelin Who You Are","Peven Everett",2008-10-23,635746,0,false,1130795251,2021-03-15T11:47:26Z,"uk garage,jazz house,chicago house,uk funky","Trippin Records",0.773,0.666,1,-8.038,0,0.0288,0.000875,0.53,0.102,0.744,123.955,4
spotify:track:6MF6r2HKwd9cTT3sfh8KRK,"Spread Love (feat. The Three Kings) - DK Edit","718 Sessions","The Freddy Turner Project;The Three Kings",2009-09-21,503386,5,false,1130795251,2021-03-15T12:08:39Z,"chicago house","Nervous Records",0.682,0.906,0,-8.027,0,0.0552,0.0023,0.874,0.0774,0.579,123.958,4
spotify:track:1Sf73L5sMFrGT7dvLmPx4e,"Latinica Witch (Vincenzo's Satin Soul Mix)","Latinica Witch","Rivera Rotation",2000-12-18,510749,7,false,1130795251,2021-03-17T15:03:46Z,"lounge","Lounge Records",0.805,0.666,11,-9.173,0,0.041,0.00507,0.931,0.0835,0.934,123.991,4
spotify:track:2jbXDdX8K64YkHTVevmaMC,"Odyssey","Odyssey / I'm Ready","Freestyle Orchestra",1998-07-31,568093,15,false,1130795251,2021-04-01T11:35:53Z,"chicago house","MAW Records",0.745,0.712,10,-8.956,0,0.051,0.00268,0.825,0.0625,0.686,126.005,4
spotify:track:7vkKgCBR0UCgFhpsb5Fz4g,"When The Past Was Present","Fin","John Talabot",2012-01-27,306106,0,false,1130795251,2021-04-06T10:50:48Z,"","Permanent Vacation",0.58,0.879,9,-8.63,0,0.0439,0.0467,0.767,0.0821,0.798,114.986,4
spotify:track:2MciXM60hrG1cz5DE7ZWzK,"In Love With You","In Love With You - Single","The Paradise",2003-02-14,254066,0,false,1130795251,2021-04-08T20:40:31Z,"french house","Vulture",0.426,0.903,1,-5.822,1,0.0659,0.000135,0.0256,0.699,0.12,121.03,4
spotify:track:7Il1tBvJvKma4m589Jz55n,"21st Century Blues - Herbert's Dub 2","21st Century Blues","Lo:rise",2002,379000,0,false,1130795251,2021-04-12T19:50:39Z,"","Miso",0.778,0.481,2,-16.6,1,0.0522,0.00602,0.443,0.0854,0.484,120.966,4
spotify:track:7e7hxfWxycrp5e0rHpFD4v,"Kalemba (Wegue Wegue)","Black Diamond","Buraka Som Sistema;Pongolove",2008-11-09,233186,0,false,1130795251,2021-04-14T12:47:55Z,"kuduro,moombahton","Fabric Records",0.822,0.824,7,-5.624,1,0.165,0.0353,0.00189,0.0709,0.636,140.005,4
spotify:track:2HckA0BzaxpK5UUd41EDCU,"The Choice - Windy City Extended Club Mix","The Choice","Chez N Trent",1993-04-02,326226,15,false,1130795251,2021-04-22T13:54:16Z,"chicago house","KMS Records",0.914,0.76,7,-10.715,1,0.214,0.0178,0.0355,0.0455,0.641,122.094,4
spotify:track:31LVewNvertxa0SKs4TKQc,"Watching Windows - Roni Size Meets Nu Yorican Soul","New Forms (20th Anniversary Edition)","Roni Size;Reprazent;Nuyorican Soul",1997-05-23,835253,0,false,1130795251,2021-04-23T12:04:20Z,"jungle,drum and bass,breakbeat,trip hop,big beat,acid jazz","UMC (Universal Music Catalogue)",0.517,0.869,4,-5.881,0,0.0838,0.0504,0.807,0.38,0.697,119.06,4
spotify:track:7aAhArPqfHkgXdz6jV2FTZ,"Many Shades Of The Blues - Original Mix","Raw Is The Truth","Nicholas",2010-10-05,529400,10,false,1130795251,2021-04-26T13:16:11Z,"jazz house","Kolour Recordings",0.771,0.769,1,-11.639,1,0.0591,0.000461,0.105,0.0519,0.632,123.497,4
spotify:track:5fB8D4lc3UNL1xoFoxUOkH,"Stuck","Power Soul","Peven Everett",2006,288453,0,false,1130795251,2021-04-29T20:29:32Z,"uk garage,jazz house,chicago house,uk funky","Defected Records",0.853,0.838,1,-9.676,1,0.0789,0.445,0.00000807,0.0969,0.808,129.038,4
spotify:track:544LVQh9D4e15YPq1rlJg6,"Dionne","Dionne / What Gets You High?","Osunlade",2013-11-15,256016,0,false,1130795251,2021-04-29T20:30:25Z,"deep house,afro house","ITH",0.803,0.887,2,-5.066,0,0.0555,0.0036,0.00762,0.134,0.732,119.939,4
spotify:track:3cljuFqEFmwEPAV1zpVSJP,"Rhode House","The Klubb Vengeance EP","Grant Nelson",1995-09-22,371400,24,false,1130795251,2021-05-12T19:38:41Z,"uk garage,disco house,funky house","Swing City Records",0.841,0.867,1,-6.786,1,0.0842,0.00785,0.00327,0.0759,0.697,124.888,4
spotify:track:0JEEL9HU4yHU4K0Vrf2enw,"One Kiss - Fathers of Sound One Mix","Z Records presents Ibiza 2015","Pacha;Fathers Of Sound",2015-07-10,618240,0,false,1130795251,2021-05-21T16:32:59Z,"folclor andino,huayno,latin folklore,latin folk","Z Records",0.729,0.65,4,-9.505,1,0.0428,0.0219,0.559,0.0967,0.662,125.932,4
spotify:track:6mojTjELcMiGcWR6I4zi2x,"Kilode Remix","Lagos Shake: A Tony Allen Chop Up","Carl Craig",2011-09-16,505986,16,false,1130795251,2021-05-21T20:22:01Z,"idm,minimal techno,techno,electronic classical","Honest Jon's Records",0.779,0.69,9,-13.01,0,0.162,0.0417,0.0137,0.158,0.349,120.045,4
spotify:track:3zS19TNcSdQSLRUMR2scNf,"Roll of the Beasth - Original Mix","Roll of the Beast","Clyde",2009-07-17,278346,0,true,1130795251,2021-05-22T21:31:38Z,"turkish pop","M8MC",0.874,0.741,10,-7.88,0,0.0982,0.00985,0.00000604,0.144,0.808,120.021,4
spotify:track:43OFS5nRpFbAeovLRdVXUc,"Keeping In Mind - feat. Roger Harris","Keeping My Mind (feat. Roger Harris)","Black Rascals;Roger Harris",1993-09-17,443133,0,false,1130795251,2021-05-24T19:45:27Z,"red dirt","Slip 'N' Slide",0.817,0.695,0,-7.039,1,0.145,0.00403,0,0.359,0.601,121.997,4
spotify:track:202tI4GzvovvGhMbqgmXDQ,"Inspiration","House Classics V (Presented by Harley & Muscle)","Kerri Chandler;Arnold Jarvis",2015-03-20,372908,29,false,1130795251,2021-06-04T11:07:21Z,"house,chicago house,deep house,funky house","Soulstar Records",0.761,0.73,1,-10.992,1,0.0636,0.0119,0.21,0.0649,0.456,122.492,4
spotify:track:5euGgA7JSz134F24hiGKBk,"Groovejet (If This Ain't Love) [feat. Sophie Ellis-Bextor] - Extended Vocal Mix","Groovejet (If This Ain't Love) [feat. Sophie Ellis-Bextor]","Spiller;Sophie Ellis-Bextor",2000-08-14,445797,0,false,1130795251,2021-06-04T11:52:12Z,"disco house","Defected Records",0.802,0.631,9,-6.846,0,0.0513,0.000208,0.274,0.353,0.618,123.016,4
spotify:track:4x96dPYkps215HtOeDRumP,"Think Twice","Deviation Classics","The Detroit Experiment",2021-04-16,312431,0,false,1130795251,2021-06-05T06:08:53Z,"jazz house","Deviation",0.556,0.704,8,-7.88,1,0.0514,0.0047,0.329,0.0915,0.477,115.923,4
spotify:track:6YUyT2xL3uADCnqAeDwdKn,"The Theme (The Legend)","The Theme","Loop 7",1994,507613,0,false,1130795251,2021-06-07T13:26:58Z,"acid house,chicago house,ballroom vogue","Strictly Rhythm Records",0.393,0.96,11,-4.588,0,0.119,0.00156,0.892,0.0367,0.771,119.438,4
spotify:track:4cO3Woi163T6kfaUEjsSFU,"What About This Love? - Extended Version","What About This Love?","Larry Heard",1989-02-03,398349,30,false,1130795251,2021-06-15T11:31:37Z,"chicago house,acid house,jazz house","Alleviated Records",0.692,0.628,3,-11.246,0,0.0325,0.0314,0.00000137,0.0672,0.788,113.036,4
spotify:track:6YaCJbVibItquP5L2gLtpZ,"I Want You to Know - Larry Levan 20:12 Mix","I Want You to Know","Groove Committee",2012-03-01,1212464,5,false,1130795251,2021-06-18T10:17:44Z,"disco house,chicago house,funky house,nu disco","Unkwn Rec",0.884,0.737,5,-8.833,0,0.0552,0.00305,0.849,0.068,0.862,121.994,4
spotify:track:6UbJa89rv0yuVFxrufJ4Ac,"A Lil' Tribute to the Moody Black Keys","It's All in the Groove","20 BELOW",2016-03-25,453469,18,false,1130795251,2021-06-24T14:28:00Z,"","MCDE Recordings",0.93,0.36,10,-8.751,0,0.138,0.00221,0.904,0.28,0.546,122.942,4
spotify:track:0eHYHJ7tpSXYvka4zgejeG,"Another Girl","Another Girl","Jacques Greene",2011-03-29,402958,0,false,1130795251,2021-06-29T07:57:16Z,"idm","LuckyMe",0.338,0.703,1,-7.376,1,0.0649,0.171,0.767,0.3,0.69,167.993,5
spotify:track:6rPcwDE7QUPxPS9GpW5Rf2,"Love Trax - Love Izz... - DJ T. Edit","Strictly DJ T.: 25 Years Of Strictly Rhythm","DJ Pierre",2015-03-06,441697,0,false,1130795251,2021-07-02T10:55:34Z,"schlagerparty,schlager,chicago house","Strictly Rhythm Records",0.602,0.59,6,-10.597,1,0.034,0.00236,0.702,0.107,0.496,122,4
spotify:track:12L9Uycr14GPtSlMwabeZD,"The Voyage - Hayden Andre Remix","House Classics III (Presented by Harley&muscle)","Subculture;Hayden Andre",2013-03-22,364542,0,false,1130795251,2021-07-04T16:25:22Z,"","Soulstar Records",0.673,0.266,2,-20.115,1,0.0371,0.0366,0.22,0.105,0.475,120.058,4
spotify:track:41m0Nw0ab0M4JDycvlw7C9,"Speechless","French Connection","Chez Damier;Siler;Dima;Thomas Zander",2014-04-07,374000,0,false,1130795251,2021-07-04T19:58:52Z,"chicago house","Popcorn Records",0.855,0.666,6,-11.734,0,0.189,0.211,0.0725,0.173,0.488,120.013,4
spotify:track:14xYkKAAxo3JvENyd6jP0O,"Oya - Le Pico Chillout Remix","Songs Of Icon","Lekan Babalola",2006-07-31,324360,0,false,1130795251,2021-07-06T09:15:35Z,"downtempo","Mr Bongo",0.751,0.869,1,-7.094,1,0.0472,0.045,0.623,0.101,0.892,128.007,4
spotify:track:1Idw2ltAD61y3Ol8AzD8Is,"Stop Bajon - Isoul8 And Mark De Clive Lowe","Stop Bajon","ISoul8;Mark de Clive-Lowe",2010,481153,7,false,1130795251,2021-07-06T14:07:18Z,"acid house,nu jazz,acid jazz","Archive",0.734,0.882,11,-7.172,0,0.0555,0.0051,0.867,0.101,0.65,104.001,4
spotify:track:6LuqpiEEqBBA4YnO8zWsm9,"Star Suite - Shelter Vocal Mix (Mixed)","Mix the Vibe: Danny Krivit - Music Is My Sanctuary (DJ Mix)","Mondo Grosso;Blaze",2001-12-10,804653,0,false,1130795251,2021-07-13T13:01:14Z,"shibuya-kei,acid jazz,city pop,j-r&b,japanese indie,chicago house,funky house,house,disco house","King Street Classics",0.639,0.929,11,-5.918,1,0.0331,0.00171,0.000161,0.651,0.535,124.448,4
spotify:track:1KGeaLAAq0KaZ2x3gtwZxK,"Madame Hollywood - Tiga’s Mister Hollywood Version","The Glitz Part Deux Remix Edition","Felix Da Housecat;Tiga",2017-09-29,422449,0,false,1130795251,2021-07-13T13:04:18Z,"electroclash,chicago house,acid house","Founders of Filth",0.889,0.749,5,-7.834,0,0.0566,0.0184,0.00443,0.0723,0.876,133.002,4
spotify:track:4YiBaULmxmEWiRAcr1N2gr,"Housem - Original Mix","What People Play House Compilation 2 by Wordandsound","Damiano von Erckert",2012-12-14,399850,0,false,1130795251,2021-07-14T20:26:03Z,"jazz house","Whatpeopleplay Compilations",0.795,0.703,0,-7.143,1,0.0457,0.000962,0.863,0.0912,0.601,124.994,4
spotify:track:303ccTay2FiDTZ9fZ2AdBt,"Music Sounds Better With You","Music Sounds Better With You","Stardust;Benjamin Diamond;Alan Braxe;Thomas Bangalter",1998-07-20,403293,80,false,1130795251,2021-07-19T12:30:28Z,"french house","Because Music",0.735,0.72,1,-7.04,1,0.336,0.00105,0.15,0.382,0.364,124.174,4
spotify:track:5GndQG5t6KAvQQ0o6y3LUg,"Strings Of Life - Danny Krivit Re Edit [Mixed]","Defected Radio Episode 083 (hosted by Roger Sanchez)","Soul Central;Danny Krivit",2017-12-29,290152,0,false,1130795251,2021-07-20T20:38:54Z,"funky house,disco house,nu disco","Defected Records",0.736,0.825,6,-7.382,1,0.0326,0.00746,0.906,0.0533,0.367,123.969,4
spotify:track:4Zy2QYNvzenQm1BPKh6dK8,"Salsoul Nugget (If U Wanna)","Fitness Beats 2013","M&S;The Girl Next Door",2012-12-10,207553,45,false,1130795251,2021-07-20T20:41:48Z,"","Rhino",0.716,0.94,6,-6.101,0,0.0752,0.00683,0,0.0325,0.897,128.058,4
spotify:track:2PmT3D5xmvVzZCf11L2ifX,"I Can't Kick This Feeling When It Hits","Silentintroduction","Moodymann",1997-11-14,485306,49,true,1130795251,2021-07-20T20:43:58Z,"jazz house,chicago house,deep house","Moodymann",0.686,0.634,2,-10.287,0,0.056,0.192,0.858,0.152,0.0783,119.933,4
spotify:track:46bjyAViXopL0GUFq11PMu,"MahoganyBrown","Mahogany Brown","Moodymann",1998-01-01,333693,42,false,1130795251,2021-07-20T20:44:36Z,"jazz house,chicago house,deep house","Peacefrog Records",0.714,0.73,1,-12.801,1,0.0372,0.352,0.372,0.155,0.884,119.89,4
spotify:track:2oHXmoV4EVvjrV8cpE15nJ,"Days Like This - Spinna & Ticklah Club Mix","Days Like This (Club Mixes)","Shaun Escoffery",2003,490080,23,false,1130795251,2021-07-29T13:51:06Z,"uk garage,uk funky","Edsel",0.854,0.556,11,-9.123,0,0.0799,0.00203,0.00579,0.07,0.849,119.893,4
spotify:track:0nkG5pDsQaiEzpemuwyDpD,"É Mulher - Ashely Beedle 'Afrikan on Marz Voyage' Remix","É Mulher / Carnaval Legrand","Azymuth",2013-06-10,430170,1,false,1130795251,2021-07-30T18:28:36Z,"brazilian jazz,jazz funk,jazz fusion,acid jazz","Far Out Recordings",0.727,0.787,2,-10.259,1,0.0533,0.0122,0.766,0.0726,0.314,125.007,4
spotify:track:0ZBPWoRkfZ8SLcDJaFnkUu,"Passion - Naked Edit","Passion","Gat Decor",1992-06-12,262400,59,false,1130795251,2021-08-06T21:39:19Z,"acid house","Altra Moda Music",0.71,0.625,5,-15.3,0,0.0414,0.00418,0.935,0.109,0.183,124.876,4
spotify:track:7BjTXT3zSejKm1aYcspqhk,"You'll Never Find Another Love","Once You Get Started","Sinnamon",2010-01-19,238965,1,false,1130795251,2021-08-09T13:12:28Z,"post-disco,chicago house","CW Music / EMG",0.659,0.562,10,-12.154,0,0.0303,0.198,0.902,0.0826,0.727,109.941,4
spotify:track:5DdA1G6YY7g7WUmgB8fhoS,"Airglow Fires","Reality Testing","Lone",2014-06-16,361798,33,false,1130795251,2021-08-10T08:47:52Z,"lo-fi house,idm,rally house,downtempo","R&S Records",0.764,0.472,9,-14.2,1,0.0869,0.000234,0.568,0.0892,0.478,119.993,3
spotify:track:2oJOCPjy7XGWiOAfdeLFdy,"Hells Bells","Hell Bells","Phil Kieran",2014-12-08,411000,2,false,1130795251,2021-08-10T15:34:18Z,"","Phil Kieran Recordings",0.785,0.922,8,-8.419,1,0.0776,0.0000148,0.902,0.111,0.693,125.005,4
spotify:track:1CKByR4N9P6kSUu317CSH6,"It Doesn't Matter - The Rude Vocal Dub","It Doesn't Matter","Shay Jones",1996-05-01,524920,0,false,1130795251,2021-08-10T15:37:16Z,"chicago house","Nettwerk Records",0.768,0.599,10,-20.475,0,0.0611,0.0000147,0.239,0.0375,0.933,121.859,4
spotify:track:49wOiWUVuxsKdvW2KVTDBV,"Journey of the Dragons","Balance Presents Kölsch (Un-Mixed Version)","Galaxy 2 Galaxy",2014-12-01,403693,24,false,1130795251,2021-08-12T07:44:56Z,"acid house,chicago house,idm","Balance Music",0.277,0.588,6,-20.302,0,0.0544,0.121,0.929,0.192,0.635,86.986,5
spotify:track:1Jv0FmVRBlysQuba4csSd5,"Espirito Du Tempo","Saturday","Jerome Sydenham/Kerri Chandler",2007-06-21,442880,0,false,1130795251,2021-08-13T10:28:20Z,"","Ibadan Records",0.66,0.811,11,-8.013,1,0.053,0.00156,0.83,0.0527,0.795,123.086,4
spotify:track:2BTjb4H2FLh2e5zx3nI6Ul,"Hyph Mngo","Hyph Mngo / Wet Look","Joy Orbison",2009-09-14,338413,46,false,1130795251,2021-08-15T21:07:17Z,"uk garage","Hinge Finger",0.485,0.552,1,-9.202,1,0.0543,0.116,0.0455,0.0864,0.0676,139.792,4
spotify:track:0vhzKXEK5tXOg10sjLrgVz,"Duration","Continuation - EP","S3A",2012-02-01,388333,0,false,1130795251,2021-08-16T15:28:47Z,"lo-fi house,disco house,nu disco,funky house","Phonogramme",0.761,0.826,10,-8.035,0,0.0781,0.0143,0.251,0.278,0.855,121.022,4
spotify:track:2O5E74lMeiFNvSubxCwxtc,"Broken Vibes - Isoul8edit","Broken Vibes","Taylor McFerrin;Vincent Parker;ISoul8",2008-01-22,514093,5,false,1130795251,2021-08-24T08:20:05Z,"nu jazz,indie jazz,acid house","Bonzai Sound Exchange",0.744,0.582,5,-12.71,0,0.155,0.0517,0.358,0.0772,0.741,124.982,4
spotify:track:4FCuZMHQ9U95m8ZWVHJ6vm,"Love Is Gonna Lift You Up - Julio Bashmore Remix","Love Is Gonna Lift You Up","Bobby Womack;Julio Bashmore",2012-08-06,495933,22,false,1130795251,2021-08-24T11:04:24Z,"soul,classic soul","XL Recordings",0.732,0.476,2,-7.643,0,0.0444,0.0431,0.0682,0.0345,0.22,124,4
spotify:track:3p7Ydiltj799Rx3JfjARxF,"Tribute","Forevernevermore","Moodymann",2000-01-01,361066,39,false,1130795251,2021-08-24T11:44:17Z,"jazz house,chicago house,deep house","Peacefrog Records",0.765,0.753,7,-9.061,1,0.147,0.509,0.588,0.221,0.493,120.486,4
spotify:track:6sIrVJFCHotw73aOv6MAfP,"Brothers on the Slide - Brooklyn Mix","Early Recordings","Patchworks",2014-01-10,330013,26,false,1130795251,2021-08-24T11:47:02Z,"jazz house,nu jazz,acid jazz","Patchworks Productions",0.853,0.731,5,-8.822,0,0.0318,0.08,0.446,0.057,0.772,115.985,4
spotify:track:60oWQuRCakuan5g5tbcVsI,"Transcend M.E.","Breaking the Beats - Compiled By Dave Lee & Will Fox","Afronaut;Melissa Browne",2020-09-11,475054,0,false,1130795251,2021-08-24T13:17:49Z,"nu jazz","Z Records",0.716,0.957,7,-4.56,1,0.321,0.152,0.000406,0.101,0.589,124.026,4
spotify:track:4ylwhtHT57G5VbpVMyUIBR,"Never Grow Old - Re-Plant","Never Grow Old (Re-Plant) / Phobia (Re-Plant)","Floorplan",2014-06-16,439929,0,false,1130795251,2021-08-26T11:05:22Z,"disco house,chicago house,funky house","M-Plant",0.674,0.724,7,-8.373,1,0.0556,0.00198,0.83,0.153,0.388,132.108,4
spotify:track:5ZknLKBavDs79lSQwM4sdb,"Music Is My Friend","Music Is My Friend","Arnold Jarvis",2003-10-13,314700,0,false,1130795251,2021-09-01T14:26:00Z,"chicago house,funky house","Madhouse Records",0.835,0.813,3,-9.149,0,0.0729,0.00844,0.674,0.0526,0.673,125.599,3
spotify:track:1wOEL58ObqhFHUmIQf5oCp,"Come Get I","Revolutions 2 (Extension du domaine de la house)","BRS;6LDA",2000-01-01,409440,2,false,1130795251,2021-09-13T10:34:23Z,"jazz house","Cyclo Records",0.808,0.802,1,-6.435,0,0.0552,0.000184,0.563,0.047,0.377,119.974,4
spotify:track:6hW7gQvmsqzbkun5qx3Vnx,"Drum Pattern & Memories - Rick's Morning Service Mix","The Godson & Soul Edge","Rick Wilhite",2011-05-16,472771,8,false,1130795251,2021-10-02T19:20:41Z,"chicago house","Rush Hour",0.656,0.89,10,-9.372,0,0.0396,0.00164,0.829,0.0971,0.685,121.993,4
spotify:track:3ohOi2OAYDsqBzgb2DmVDf,"Break Of Dawn","Break Of Dawn EP","Rhythm On The Loose",2021-06-04,326026,0,false,1130795251,2021-10-04T13:16:00Z,"acid house","Network Records",0.579,0.764,5,-7.911,1,0.0315,0.0266,0.898,0.115,0.378,125.867,4
spotify:track:2Uwb9bPqN7UJhAH32smoWZ,"Your Eyes - Vocal","Your Eyes / Im So Deep","Vincent Floyd",2014-04-07,369291,20,false,1130795251,2021-10-08T18:57:30Z,"chicago house","Rush Hour",0.734,0.758,9,-10.406,0,0.0421,0.0409,0.22,0.625,0.7,122.22,4
spotify:track:1Giw6SwErKZ31GM07yrkDD,"City Streets - Kaoz on City Streets","City Streets Remixes","Basil;Kerri Chandler",1998,436013,0,false,1130795251,2021-10-22T08:40:03Z,"house,chicago house,deep house","King Street Classics",0.676,0.827,1,-9.733,1,0.0488,0.00276,0.803,0.402,0.239,126.943,4
spotify:track:1A6PnGwZl5FMh6taB0OCRq,"Na Batida do Agogo - Osunlade Remix","Rhythmix: Reluque Batuque","Grupo Batuque;Osunlade",2002-08-10,453293,15,false,1130795251,2021-10-22T08:41:55Z,"brazilian jazz,deep house,afro house","Far Out Recordings",0.795,0.485,1,-15.079,1,0.0504,0.125,0.716,0.0802,0.687,128.961,4
spotify:track:6u510NtiRnYKzEm0QGZhez,"Amazon Adventure - Jazzanova Remix","Misturada, Vol. 3","Azymuth",1999-08-10,481600,19,false,1130795251,2021-10-22T08:42:26Z,"brazilian jazz,jazz funk,jazz fusion,acid jazz","Far Out Recordings",0.778,0.873,4,-9.092,0,0.0663,0.0296,0.914,0.0725,0.625,126.008,4
spotify:track:6BfGVU213AQzBv39g2IzOU,"Scrappy","Wookie (Deluxe Edition)","Wookie",2017-09-29,335791,27,false,1130795251,2021-10-24T12:40:59Z,"uk garage,uk funky,funky house,bassline","ManChu Recordings",0.785,0.948,7,-7.352,0,0.0463,0.0186,0.888,0.102,0.461,130.125,4
spotify:track:1chn29wXCxq5VAc49qVN7Q,"I'm into This","Hudson Square EP","Homework",2011-02-14,485533,19,false,1130795251,2021-10-26T16:56:48Z,"","Exploited",0.758,0.816,5,-8.251,1,0.0528,0.15,0.53,0.116,0.15,123.005,4
spotify:track:7cM3ez8UIOkXSumr1K2Krn,"Telephone Blue","Telephone","Moodymann",2001,292389,14,false,1130795251,2021-11-19T11:01:18Z,"jazz house,chicago house,deep house","Peacefrog Records",0.828,0.508,7,-16.937,0,0.0441,0.0625,0.908,0.107,0.48,124.991,4
spotify:track:4hmnKsunq4D1uhrMYzbgDL,"Leave Me Now","Bodily Functions","Herbert;Matthew Herbert",2001,396893,0,false,1130795251,2021-11-19T11:03:21Z,"jazz house","Accidental Records Ltd",0.985,0.428,10,-9.772,0,0.13,0.0645,0.0472,0.0982,0.693,119.799,4
spotify:track:6ib8vk6Vs88aIOo2OHeEFE,"F9 Riot Squad - Original Mix","Home Built EP","Jess;Crabbe;J-S Bernard;P Exposito",1999-01-21,419560,16,false,1130795251,2021-11-24T19:21:58Z,"french house,disco house,funky house","Fiat Lux Recordings",0.823,0.677,6,-7.283,1,0.303,0.00738,0.614,0.796,0.699,115.369,4
spotify:track:7MiigOwhSyDCiNpDx2FnNM,"Jazz Carnival - Ashley Beedle and Yam Who? Remix","Light as a Feather","Azymuth;Ashley Beedle;Yam Who?",2012-11-26,368986,8,false,1130795251,2021-12-02T14:41:47Z,"brazilian jazz,jazz funk,jazz fusion,acid jazz,nu disco,disco house,funky house","Far Out Recordings",0.62,0.8,1,-9.201,0,0.0593,0.0349,0.809,0.259,0.543,124.768,4
spotify:track:1KlhDl8rbgXH13pQg3x5nA,"Let Me Love You For Tonight (feat. Todd Terry v The Commission) - House Club Original","Let Me Love You for Tonight (feat. Todd Terry v The Commission)","Kariya",1996,378760,0,false,1130795251,2021-12-04T09:14:41Z,"acid house,chicago house","BMP",0.807,0.495,7,-13.543,1,0.0483,0.000749,0.0393,0.0569,0.552,112.11,4
spotify:track:7dOTL49CqAf6Vh0wg9dlFU,"Close - Radio Edit","Close","Chez Damier",1997-01-01,234760,34,false,1130795251,2021-12-07T15:03:14Z,"chicago house","Distance",0.759,0.717,1,-8.196,1,0.0376,0.000414,0.0838,0.0561,0.644,115.063,4
spotify:track:5dpe6SckS53qGtrfQEwcG0,"Blind (feat. Bantu Soul) - Opolopo Boogie Remix","Blind (feat. Bantu Soul)","Tomson & Benedict;Bantu Soul;Opolopo",2011-09-05,320734,1,false,1130795251,2021-12-28T17:19:59Z,"deep house,nu disco,disco house,funky house,jazz funk","Tone Control",0.802,0.821,5,-5.791,0,0.0407,0.14,0.0188,0.0536,0.932,122.007,4
spotify:track:234kIB2hcDSYZWZkDpLD3D,"Love Will Find A Way (Sweet Embrace Mix)","Love Will Find A Way / Blazin'","Stardust",1989-09-08,336352,0,false,1130795251,2022-01-03T11:32:35Z,"french house","Slip 'N' Slide",0.72,0.561,10,-9.741,0,0.0361,0.00158,0.693,0.0879,0.366,117.419,4
spotify:track:0dfw66f2UftUXwOj2Dbs6i,"I Might Do Something Wrong - Ethan White Raindrops Remix","I Might Do Something Wrong","Tortured Soul;N'Dea Davenport;Ethan White",2013-11-05,492724,20,false,1130795251,2022-01-11T13:10:36Z,"acid jazz,deep house","Tstc Music",0.754,0.575,7,-9.329,1,0.0811,0.0601,0.889,0.385,0.37,125.044,4
spotify:track:3iELn4M4F9LxIhdj4QgumP,"New Jersey Deep","Altered States EP","Black Science Orchestra",1994,290303,0,false,1130795251,2022-01-14T14:19:15Z,"chicago house","Afro Art Records Ltd",0.62,0.534,7,-15.462,1,0.0721,0.000152,0.873,0.0573,0.87,125.969,4
spotify:track:7KaZ86RajfWyQtOPqKz0TV,"Sabrosa","Studio Klassiks","Johnny Fiasco",2010-05-05,386093,1,false,1130795251,2022-01-19T11:02:55Z,"chicago house,jazz house","Klassik Fiasco",0.782,0.883,6,-7.808,1,0.0895,0.116,0.849,0.0776,0.854,129.998,4
spotify:track:0aTFv9H6yAxC2PgLz4diau,"Shotgun - Basher Remix","Shotgun (Basher Remix)","Audio Bullys",2011-06-03,303308,0,false,1130795251,2022-01-21T12:57:03Z,"big beat,tech house","Face Piece",0.418,0.526,5,-7.692,0,0.0487,0.00239,0.888,0.58,0.105,174.032,4
spotify:track:32eL0ejQGvx0v34GFNI9OB,"Jessica - Lost Articles Mix","Jessica","Seven Grand Housing Authority;Lost Articles",1994-01-01,385451,0,false,1130795251,2022-01-26T18:28:45Z,"chicago house","Intangible Records",0.753,0.302,5,-20.61,1,0.0435,0.0464,0.0000103,0.304,0.761,121.864,4
spotify:track:3SzPEn7DQpLSNAqiggYNa2,"Just Play The Music","Charles Webster - Coast2Coast","Groove Committee",2008-09-08,431506,6,false,1130795251,2022-02-05T13:39:48Z,"disco house,chicago house,funky house,nu disco","NRK",0.814,0.584,6,-13.143,0,0.0672,0.0039,0.679,0.0793,0.894,115.027,4
spotify:track:2T4eUTOuEXnUWsQVyPzdGf,"Love Dub","Narst / Love Dub","Cooly G",2009-06-22,215706,0,false,1130795251,2022-02-05T13:45:59Z,"uk funky","Hyperdub",0.79,0.542,9,-10.103,1,0.081,0.0403,0.79,0.122,0.435,127.976,4
spotify:track:0CwxEkirgBzZtuqYRinLPo,"Laidback & Groovy","Laidback & Groovy","The Vision",1991-05-03,601890,0,false,1130795251,2022-02-15T09:25:04Z,"hardstyle","Nu Groove Records",0.74,0.883,8,-8.733,1,0.0485,0.0123,0.655,0.0958,0.589,104.936,4
spotify:track:2ramXmjJx3p0YrsCtkPeT5,"Don't Wanna Know 'Bout Evil (Rumble Mix)","Don't Wanna Know 'Bout Evil","Spill",1992-07-15,456398,12,false,1130795251,2022-02-22T11:17:45Z,"progressive house","Guerilla Recordings",0.693,0.729,8,-11.654,0,0.0662,0.00655,0.868,0.0675,0.356,108.476,4
spotify:track:1Ko1syE7hne3zh7rz92VLL,"Can't Change Me - Ron Trent Remix","Can't Change Me – Ron Trent Mixes","N'Dambi;Ron Trent",2007,432800,14,false,1130795251,2022-03-03T09:54:14Z,"neo soul,chicago house","R2 Records",0.765,0.622,2,-9.241,0,0.0442,0.00148,0.722,0.0751,0.654,122.009,4
spotify:track:0zo6u8QVy5J2OpbsNSTrZN,"Come On - Simon Templar Mix","Peckings/Come on","The Ballistic Brothers;Simon Templar",1995-01-01,348826,0,false,1130795251,2022-03-11T09:32:37Z,"acid jazz,nu jazz,trip hop,trance,progressive trance","Soundboy Entertainment Ltd",0.576,0.715,0,-10.231,0,0.0775,0.00246,0.726,0.15,0.625,79.9,1
spotify:track:54fyffEOlLPuBf59VtlScZ,"Voices in My Mind - CJ Mackintosh Remix","90's House & Garage compiled by Joey Negro","Voices;C.J. Mackintosh",2015-06-29,454720,20,false,1130795251,2022-03-18T19:42:38Z,"chicago house","Z Records",0.565,0.945,6,-3.531,1,0.168,0.0028,0.0000012,0.132,0.394,123.953,4
spotify:track:1RhJqWANoGEb6A6CxjjHhL,"I Don’t Want Nobody","You Don’t Mind","Bibbi",1992,289503,0,false,1130795251,2022-03-22T15:57:14Z,"","RE:WARM",0.794,0.784,8,-10.577,1,0.043,0.0224,0.566,0.123,0.915,119.526,4
spotify:track:0CCWknf94CitFXpD3TnMil,"Untitled A1","Workshop 07","Even Tuell",2008,482373,6,false,1130795251,2022-04-01T19:31:40Z,"","Workshop",0.817,0.508,1,-12.211,1,0.0651,0.000464,0.786,0.0796,0.214,120.653,4
spotify:track:6yHrrv94qMqngf46jLem6I,"Eclipse","Compost Community","Kyoto Jazz Massive",2001-02-26,456520,0,false,1130795251,2022-04-05T11:40:25Z,"nu jazz,acid jazz,jazz funk,jazz fusion,jazz house","Compost Records",0.653,0.947,1,-6.269,1,0.05,0.0329,0.915,0.15,0.672,119.999,4
spotify:track:38MgT8EnRNqoSbKVybPlpl,"The Brightness Of These Days feat. Vanessa Freeman Quantic Remix (Quantic Remix)","The Brightness Of These Days","Kyoto Jazz Massive",1998-12-01,490626,0,false,1130795251,2022-04-07T09:34:36Z,"nu jazz,acid jazz,jazz funk,jazz fusion,jazz house","Compost Records",0.465,0.891,6,-5.409,0,0.0503,0.000455,0.337,0.0688,0.207,125.017,4
spotify:track:67KuUEUG0Wog28I6QJFYa0,"Where Were You ? - Tedd's Lights Out Groove","Where Were You ?","Black Science Orchestra;Tedd Patterson",1995,489766,0,false,1130795251,2022-04-14T16:08:02Z,"chicago house","Afro Art Records Ltd",0.721,0.881,0,-7.868,1,0.0764,0.00103,0.921,0.086,0.543,121.078,4
spotify:track:4i67g5iVEB4IwrHY8MLX7Z,"Rip & Run","Ramshackle EP","Wil Maddams",2012-11-09,370840,0,false,1130795251,2022-04-22T10:17:09Z,"jazz house,deep house,chicago house,lo-fi house","Traxx Underground",0.837,0.694,0,-10.527,0,0.0906,0.000326,0.416,0.0763,0.404,122.966,4
spotify:track:2KdwxDRA89Q8zwAOzKnQp0,"Space & Time - Restless Soul Remix","Space & Time","Soul Drummers",2000-04-09,471086,0,false,1130795251,2022-04-22T12:52:47Z,"","Afro Art Records",0.391,0.549,1,-15.867,0,0.0592,0.00361,0.818,0.42,0.391,121.983,4
spotify:track:52fWwNhcEVcR0pNcQa8KJw,"The Cosmic Laws - Phil Asher Restless Soul Vocal","Remixed Silence","P'taah;Monday Michiru;Phil Asher",2012-05-14,575926,0,false,1130795251,2022-04-26T16:04:09Z,"nu jazz,acid jazz,j-r&b","Street King",0.727,0.736,1,-8.953,1,0.0494,0.00255,0.512,0.476,0.462,120.012,4
spotify:track:3rxEM0NWuVtLt7AloygE0w,"Break 4 Love - Skunk Mix","Break 4 Love","Raze;Skunk",2009-06-12,460813,0,false,1130795251,2022-05-10T11:38:40Z,"acid house,chicago house,portuguese hip-hop","Champion Records",0.745,0.377,0,-15.641,0,0.0466,0.677,0.309,0.124,0.29,130.886,4
spotify:track:5j1Ghrh1ZLsVLbBzCOMfZR,"Come Together As One","Come Together As One","Will Downing",1989-01-01,301373,0,false,1130795251,2022-05-17T10:20:50Z,"smooth jazz,quiet storm","Island Records",0.786,0.766,4,-11.327,0,0.0509,0.0336,0.0374,0.157,0.895,114.897,4
spotify:track:5mJzMT0iNyHQEy8LloxodK,"Inspiration","Love & Life [Double CD]","Arnold Jarvis",2006-10-17,279600,18,false,1130795251,2022-05-17T10:43:02Z,"chicago house,funky house","Music For A Lifetime, LLC",0.761,0.917,1,-7.052,1,0.17,0.0184,0.525,0.097,0.562,123.604,4
spotify:track:6yLvxdLRMv3F1QK1rRyrKc,"Hiya Kaya - Rocco Deep Mix","Hiya Kaya EP","Kentphonik;Khensy",2008-08-15,372480,34,false,1130795251,2022-06-02T21:00:21Z,"uk funky,funky house,tribal house,afro house,afro tech,deep house","Stalwart",0.833,0.53,11,-8.605,0,0.067,0.00135,0.645,0.082,0.796,125.015,4
spotify:track:1o6bBCSIAOJ49PrqSPCs9l,"Spanish Ritual - The Conga Vibe Mix","Spanish Ritual","Rhythm Masters",1993,327173,0,false,1130795251,2022-06-11T17:11:51Z,"","Strictly Rhythm Records",0.764,0.825,11,-10.384,1,0.0531,0.0437,0.89,0.106,0.679,121.893,4
spotify:track:4wkALxQVe3tudVBJWu5qmV,"Desire - Martini Club Mix","Italo House compiled by Joey Negro","Aural",2014-06-02,287580,0,false,1130795251,2022-06-20T10:11:01Z,"bossa nova","Z Records",0.671,0.959,1,-7.265,1,0.0698,0.00122,0.836,0.106,0.47,123.875,4
spotify:track:521Hy62IMUqHz95W8Dh5gY,"Downtime","25 Years of Paper, Pt. 1 by Crazy P","Paper Music Issue # 1",2019-09-04,620640,18,false,1130795251,2022-07-26T10:29:54Z,"","Paper Recordings",0.787,0.338,7,-16.758,1,0.0473,0.000203,0.904,0.107,0.497,120.019,4
spotify:track:5fzwoT0KJtlvZA2CFL3sO7,"Mirror Dance","Mirror Dance","Afefe Iku",2008,513144,0,false,1130795251,2022-07-27T12:22:49Z,"afro house,chicago house,uk funky","Yoruba Records",0.782,0.817,11,-6.675,0,0.0947,0.0188,0.384,0.129,0.618,120.277,4
spotify:track:4sOaUILhFZg24oqQkojft0,"Rhythm Is a Mystery","Greatest Hits: Dance","K-Klass",2012-10-05,206400,47,false,1130795251,2022-07-28T07:25:16Z,"acid house","Parlophone UK",0.651,0.897,10,-6.326,0,0.0353,0.00483,0.158,0.284,0.459,121.11,4
spotify:track:7bT6fPUWS7Aaa1yBzV0mc7,"Do You Want Me Baby - Original Club Mix","Do You Want Me Baby","Cloud 9",2012-10-21,482445,34,false,1130795251,2022-08-03T14:36:06Z,"","Toolroom",0.779,0.584,11,-6.812,1,0.0539,0.026,0.045,0.0668,0.601,124.021,4
spotify:track:5pUK2NFR9KVyygNQg9uCte,"A Better World - Original Mix","Déepalma Amsterdam (Compiled by Yves Murasca & Tikki Tembo)","Fred Everything;Giom",2013-11-08,387930,3,false,1130795251,2022-08-10T20:17:38Z,"deep house","Deepalma Records",0.802,0.57,0,-8.011,1,0.0699,0.000124,0.861,0.0383,0.499,124.009,4
spotify:track:6SNja7FTHw7sazeyKqdk28,"Watch Them Come (Men from the Nile aka Roy Davis Jr.)","The Afro Club Night","Men From The Nile",2007-10-30,335506,24,false,1130795251,2022-08-16T09:40:44Z,"","Clubstar",0.698,0.725,11,-8.235,0,0.183,0.000309,0.000618,0.0727,0.785,123.941,4
spotify:track:5QUK5BOz3C5jQTfv2rESvV,"Tribe - Nextribe","Tribe","Black Jazz Chronicles",1998-11-30,322014,0,false,1130795251,2022-08-23T09:46:45Z,"nu jazz,jazz house","Nuphonic",0.801,0.921,10,-10.216,0,0.0599,0.000339,0.907,0.056,0.838,126.983,4
spotify:track:6HfrYXsY8qIQLLyx96LaYM,"Messages - Main Mix","Messages","Critical Point;Vikter Duplaix",1999-04-16,414266,23,false,1130795251,2022-08-26T11:03:58Z,"neo soul,nu jazz","MAW Records",0.765,0.819,10,-8.849,0,0.0994,0.0289,0.25,0.375,0.769,125.972,4
spotify:track:6dx9zgPprV8mPU09Betp7R,"The Thief That Stole My Sad Days [Ya Blessin Me]","Forevernevermore","Moodymann",2000-01-01,486760,39,false,1130795251,2022-09-09T10:59:53Z,"jazz house,chicago house,deep house","Peacefrog Records",0.622,0.634,1,-10.556,0,0.121,0.614,0,0.828,0.72,120.16,4
spotify:track:1ASJfzeG610yLJQjc3lERd,"Waiting For The Day","Waiting For The Day","MJ Cole",1999-07-12,310700,15,false,1130795251,2022-09-17T16:13:51Z,"uk garage,uk funky","UMC (Universal Music Catalogue)",0.881,0.68,2,-10.247,1,0.198,0.0697,0.00186,0.0731,0.743,130.988,4
spotify:track:49qxs3uGAN0izI4JYwOVsj,"Entity - Fitzcarraldo ... Extasy of Love","Gli Anni D'Oro House","Sasha Marvin",2019-04-05,433049,1,false,1130795251,2022-09-20T09:53:23Z,"","Expanded Music Srl",0.559,0.674,1,-13.421,1,0.0318,0.349,0.749,0.0594,0.533,103.964,4
spotify:track:0pQD8jFWeNCsQ7jOsXZ9hJ,"El Camino Part 1","Shazz","Shazz",1998,322400,43,false,1130795251,2022-09-23T17:59:18Z,"jazz house,french house,nu jazz","Batignolles Square",0.852,0.75,5,-12.668,0,0.0451,0.103,0.917,0.0387,0.974,119.849,4
spotify:track:00rfa6X1zpPtylEqdjJWHF,"The Dip - 5 Am Dipsco Mix","Where Dancefloors Stand Still","The Rude Awakening",2013-03-18,408000,19,false,1130795251,2022-09-27T19:37:05Z,"chicago house","Mule Musiq",0.797,0.541,2,-12.909,1,0.0438,0.007,0.699,0.365,0.3,120,4
spotify:track:6xRtX4emvb1T8Sep84XAUE,"Future (feat. Inner City) - Kenny Larkin Tension Mix","Future (feat. Inner City)","Kevin Saunderson;Inner City;Kenny Larkin",2011-12-12,525535,0,false,1130795251,2022-10-01T13:46:56Z,"acid house,chicago house,techno,minimal techno,idm","Defected Records",0.822,0.71,2,-9.221,1,0.211,0.175,0.118,0.0743,0.382,124.013,4
spotify:track:4tvejslaZsD6Y0pFCWipwJ,"God Made Me Phunky (Extended Mix)","God Made Me Phunky","MD X-Spress",1994-01-01,376626,0,false,1130795251,2022-10-03T09:16:00Z,"chicago house,uk garage,funky house,house","4 To The Floor Records",0.709,0.73,8,-9.004,0,0.0541,0.00000526,0.491,0.248,0.353,128.004,4
spotify:track:7rkgvhoLydTQ687UlruSr9,"Home (Knee Deep Club Mix)","Home","Julie McKnight",2001,549360,0,false,1130795251,2022-10-03T09:16:26Z,"","Defected Records",0.831,0.77,5,-6.685,0,0.0449,0.0199,0.0304,0.0647,0.737,125.402,4
spotify:track:1hIDy20mLis10vsCKjSKs8,"More Of You","SEIJI3","Seiji",2011-02-21,318495,1,false,1130795251,2022-10-17T10:14:24Z,"uk funky,nu jazz","Seijimusic",0.51,0.624,8,-10.755,0,0.0835,0.000181,0.679,0.099,0.2,133.974,4
spotify:track:3s8urbrshsaX4Rn9QijrKq,"The Resistance","The Resistance","Scan 7",2012-10-22,274892,30,false,1130795251,2022-10-17T20:42:42Z,"chicago house","Tresor Records",0.91,0.653,5,-10.356,0,0.468,0.0213,0.00000122,0.321,0.341,125.024,4
spotify:track:2GJnjnukIeG1NYCW8dYMgv,"Sandman - Fire Island Groove 12"" Mix","Sandman","Blue Boy;Fire Island",1995-05-19,480587,15,false,1130795251,2022-10-24T06:48:22Z,"hip house,disco house","Altra Moda Music",0.674,0.9,6,-7.027,0,0.0536,0.081,0.12,0.343,0.862,125.054,4
spotify:track:4MhtTGIHqEUzJ2tfKNDPyq,"Mine To Give","Solaris","Photek",2000-01-01,401933,29,false,1130795251,2022-10-27T11:38:39Z,"jungle,drum and bass,idm,trip hop","Science",0.799,0.606,11,-9.151,0,0.0445,0.00125,0.248,0.0868,0.342,123.002,4
spotify:track:6w0bp7HEx2XsSRspNRXWNY,"A Love Supreme - Psycho Supreme Remix","A Love Supreme (Remixes)","Will Downing",1988-01-01,449591,3,false,1130795251,2022-10-31T14:41:09Z,"smooth jazz,quiet storm","UMC (Universal Music Catalogue)",0.667,0.804,5,-10.493,0,0.0418,0.00869,0.317,0.125,0.851,120.316,4
spotify:track:5mES4lfufA5pVgj9JAHbUI,"Plastic Dreams","Plastic Dreams","Jaydee",2011-03-25,615506,55,false,1130795251,2022-11-09T15:51:04Z,"acid house","Spinnin' Records",0.769,0.467,0,-13.787,1,0.0503,0.126,0.11,0.0513,0.261,128.852,4
spotify:track:60hb5H9yL4P4SPz7lrTvUw,"Intro","Running","Alan Braxe;Fred Falke",2000-11-06,294720,49,false,1130795251,2022-11-16T08:19:09Z,"french house,nu disco,funky house,disco house,synthwave","Smugglers Way",0.859,0.847,1,-5.842,1,0.218,0.0294,0.00145,0.304,0.629,123.937,5
spotify:track:1JacRfrrwPMq4NlLdqritf,"Carino - Greg Wilson Re-edit","Carino (2010 Remixes)","T Coy",2010-07-26,554680,15,false,1130795251,2022-11-29T16:29:32Z,"acid house,chicago house","Deconstruction",0.766,0.971,6,-6.766,0,0.0703,0.000549,0.749,0.0881,0.982,116.738,4
spotify:track:5drbCMiBHExVxOErrXNX2P,"Der Erdbeermund - Instrumental Magic","Cherry Lips / Der Erdbeermund","Culture Beat;Jo Van Nelsen",1989-01-01,483736,11,false,1130795251,2022-12-20T21:31:04Z,"eurodance,europop","Abfahrt Media",0.732,0.491,7,-15.332,1,0.0503,0.000671,0.848,0.093,0.121,118.104,4
spotify:track:2T6rMXWYc934IWMudx1H1X,"Jupiter Jazz","Galaxy 2 Galaxy: A High Tech Jazz Compilation","Galaxy 2 Galaxy",2005,270746,39,false,1130795251,2022-12-29T13:31:29Z,"acid house,chicago house,idm","Submerge Recordings",0.645,0.877,7,-10.616,1,0.0456,0.00657,0.858,0.127,0.473,124.697,4
spotify:track:4hWeCDq1aM6DaTMwAK5rlk,"Sing - Mosca Remix","There Is Love in You (Expanded Edition)","Four Tet;Mosca",2010-01-25,387256,21,false,1130795251,2023-01-03T16:13:04Z,"idm,electronica,uk funky,bassline,uk garage,dub techno","Text Records",0.722,0.92,11,-7.219,0,0.0602,0.054,0.883,0.115,0.428,129.986,4
spotify:track:49SJB8Zf4vqYeKFkFk4hle,"A Love Feeling","Through The Night (Original)","Nightriders",2009-09-01,426774,18,false,1130795251,2023-01-05T16:39:19Z,"french house,nu disco,funky house,disco house","OMG! Recordings",0.936,0.716,5,-5.962,0,0.123,0.0231,0.437,0.241,0.669,123.999,4
spotify:track:5TUIn4gUchv6NgttOjXqrv,"Rapid Winds - 75 MPH Mix","Keepin On","Classic Man",2010-12-27,358880,18,false,1130795251,2023-02-09T08:28:26Z,"chicago house","Nervous Records",0.778,0.404,0,-18.045,0,0.0626,0.0184,0.79,0.0813,0.502,125.347,4
spotify:track:7anaS5ex4rgCII4ZImVghy,"Just Before The Dawn - Remould","Just Before The Dawn","Aphrodisiac",1991-04-05,389910,0,false,1130795251,2023-02-09T08:32:28Z,"chicago house,ballroom vogue","Nu Groove Records",0.622,0.864,4,-6.833,0,0.0303,0.000302,0.0583,0.167,0.354,115.723,4
spotify:track:14vd8IFqvWA4RZcH4z0Vfh,"Want - Original Mix","OneOffs#3","Pixel82",2013-10-11,425095,2,false,1130795251,2023-02-28T21:21:22Z,"","Local Talk",0.858,0.727,10,-10.266,1,0.0428,0.0199,0.791,0.273,0.325,121.003,4
spotify:track:2n9K43tmcQs28XcWRFHsax,"Up Jumped The Devil (6th Borough Project Jumped Up Jam)","Mixology: Sam Records Extended Play","John Davis;The Monster Orchestra",2012-08-20,504760,2,false,1130795251,2023-03-14T12:09:37Z,"","Harmless",0.819,0.972,9,-8.631,0,0.058,0.0275,0.804,0.319,0.42,120.019,4
spotify:track:0xOi7thL2p0pJihqqxOtJQ,"Golden Age Of Life","Two Pages","4hero",1998-01-01,361666,0,false,1130795251,2023-03-28T09:23:00Z,"acid jazz,nu jazz,jungle,drum and bass,trip hop","Talkin' Loud",0.448,0.412,5,-11.547,1,0.0402,0.711,0.552,0.258,0.136,159.898,4
spotify:track:3Q2pvIPDqDW15ecZtWKSUb,"Oddity - John Talabot Remix","Compost Black Label #56","Zwicker;Olivera Stanimirov",2009-10-30,514799,4,false,1130795251,2023-04-04T13:15:01Z,"","Compost Records",0.797,0.699,9,-9.825,0,0.0559,0.0782,0.375,0.117,0.414,115.002,4
spotify:track:4uzahWC8hBfqfWaVRIztRR,"Stuttgart - Marlow And Trüby Refix","Tlapa The Odeon Remixes","Tosca;Lucas Santtana;Marlow;Rainer Trueby",2013-08-19,650503,33,false,1130795251,2023-04-16T20:51:56Z,"trip hop,downtempo,acid jazz,nu jazz,lounge,new mpb,mpb","!K7 Records",0.699,0.718,6,-9.964,0,0.0413,0.0767,0.0587,0.105,0.12,120.014,4
spotify:track:3jGitVFlA8BMgzcIRyWGgB,"What you need","What You Need/A Little Piano","Soft House Company",2020-07-02,313773,38,false,1130795251,2023-05-16T11:46:50Z,"acid house,chicago house","Irma Dancefloor",0.794,0.644,0,-13.821,0,0.0702,0.0625,0.0763,0.0883,0.931,119.802,4
spotify:track:7muSyWYlAvUp5l4ekph3zr,"LFO [Original by LFO]","Warp20 (Recreated)","Luke Vibert",2009-09-28,347880,7,false,1130795251,2023-05-31T12:46:11Z,"idm,acid house,trip hop,acid techno","Warp Records",0.755,0.914,1,-5.821,1,0.0385,0.00999,0.807,0.252,0.0386,98.475,4
spotify:track:0lSIpCyGhP1YtBgDr67y5q,"Disco-Tech - 3 Piece Suite Mix","Disco-Tech","K.A.T.O.",1990-07-06,302180,0,false,1130795251,2023-05-31T15:22:16Z,"hard house","Nu Groove Records",0.513,0.853,10,-5.747,0,0.0704,0.0173,0.0000275,0.092,0.883,111.661,4
spotify:track:0FehrvzJyJqfzpOLDR8Jw4,"Break 4 Love - Skunk Dub","Break 4 Love","Raze;Skunk",2007-12-11,460813,0,false,1130795251,2023-06-06T19:35:08Z,"acid house,chicago house,portuguese hip-hop","Champion Records",0.513,0.378,0,-15.643,0,0.0527,0.678,0.308,0.124,0.281,130.865,4
spotify:track:5QpNlh1zXSzEoHauMZgNhP,"Wishing You Were Here","Basic Blaze","Blaze",1997-08-18,415975,0,false,1130795251,2023-06-15T07:38:32Z,"","Slip 'N' Slide",0.661,0.652,8,-9.104,1,0.033,0.00045,0.804,0.0916,0.58,122.971,4
spotify:track:5AMGYRhiqZoCYkJEK3yqgi,"LFO - Leeds Warehouse Mix","Frequencies","LFO",1991-07-22,319000,48,false,1130795251,2023-06-17T20:14:12Z,"idm,acid house,techno","Warp Records",0.744,0.873,1,-12.14,1,0.0629,0.0342,0.917,0.332,0.595,124.664,4
spotify:track:06hANyT8h4lWypiU6PJPrR,"Missing You","Charles Webster - Coast2Coast","Larry Heard",2008-09-08,396546,36,false,1130795251,2023-06-17T20:23:26Z,"chicago house,acid house,jazz house","NRK",0.564,0.563,1,-13.075,0,0.0302,0.0134,0.000147,0.109,0.412,115.986,4
spotify:track:5Cv5xb8jtnSFOxYyBLhCpz,"It's The Phuture","Vibes 2 Part 2","Gerald Mitchell",2014-09-08,417105,5,false,1130795251,2023-06-29T20:56:04Z,"","Rush Hour",0.708,0.676,6,-11.219,1,0.0483,0.0272,0.000189,0.0866,0.559,127.31,4
spotify:track:1VNFbkTcTcsWK3x4u8hKNa,"It's All Right","Mind Journey EP","Joy Ride",1993,350832,2,false,1130795251,2023-07-05T07:46:12Z,"chicago house","Hi-Bias Records Inc.",0.55,0.619,0,-12.816,1,0.0627,0.0000429,0.906,0.112,0.333,124.348,4
spotify:track:1lf79yqbr7z8iU604RrR3p,"Calypso of House - Paradise Mix","Welcome to Paradise (Italian Dream House 89-93) Vol. 1 & 2","Key Tronics Ensemble",2017-03-24,548000,36,false,1130795251,2023-07-19T10:46:37Z,"jazz house,acid jazz","Safe Trip",0.444,0.91,5,-7.896,1,0.057,0.025,0.927,0.747,0.152,119.702,4
spotify:track:1WgEzPSNgqKeJprYebAoKI,"Get Another Plan - House Vocal Edit","Get Another Plan - All Mixes","Abstract Truth",2005-04-01,398133,4,false,1130795251,2023-08-09T08:22:47Z,"","Wave Music",0.684,0.8,5,-9.283,0,0.0427,0.00068,0.727,0.073,0.549,125.461,4
spotify:track:0nXmEQZGYEbT1CcBhtNbdR,"Back in the Dark","Back in the Dark","Jovonn;DJ Deep",2011-10-18,441156,34,false,1130795251,2023-08-09T19:36:28Z,"chicago house,deep house,house,dub techno","Clone Club Series",0.95,0.938,1,-10.55,1,0.193,0.0223,0.0472,0.0335,0.813,123.002,4
spotify:track:0J1qK4Kx3qp4j5avSQX9xZ,"Gettin' It Right - Kenlou Mix","Club Classics","Alison Limerick;Kenny Dope;Louie Vega",1996-07-08,396133,14,false,1130795251,2023-08-14T13:51:56Z,"chicago house,acid house,deep house,latin house,house,disco house","Arista",0.75,0.937,7,-7.278,0,0.0763,0.101,0.00404,0.421,0.804,121.669,4
spotify:track:3FufVskUS4PnYPLI2UCch5,"Quetzel","Submerge Vol.1:Detroit Techno","LOS HERMANOS",2008-07-29,397680,28,false,1130795251,2023-08-17T09:04:40Z,"","Submerge Recordings",0.797,0.862,0,-8.694,1,0.046,0.0215,0.861,0.108,0.761,129.615,4
spotify:track:73tp2nTaB47nyfpK9T0Ri8,"Love So Strong - Junior Style Vocal","Love So Strong","Secret Life",2012-04-04,456266,1,false,1130795251,2023-08-22T10:30:36Z,"chicago house","Demon S&C (Amazon)",0.706,0.715,0,-10.258,1,0.0496,0.0172,0.00872,0.0823,0.882,121.99,4
spotify:track:4T8qJAinPBgtmDWWx97N72,"Use Me","Use Me","Skymark;Lady Blacktronika",2013-04-14,465322,2,false,1130795251,2023-08-26T12:22:36Z,"","nsyde",0.872,0.619,6,-8.97,1,0.311,0.0868,0.00183,0.0981,0.859,115.021,4
spotify:track:6jH8xAUWmcrT4kJwDZgZeQ,"Talk to Me","Late Night Grind","Boogie Cartel",2015-05-22,347151,29,false,1130795251,2023-09-12T11:14:21Z,"funk","Trip City",0.957,0.351,1,-13.781,1,0.185,0.0299,0.0226,0.719,0.653,117.615,4
spotify:track:2uSCLq40nkONxWeG4aNsbZ,"The Horn Song","The Horn Song","The Don",1998-04-27,380946,0,false,1130795251,2023-09-13T12:52:52Z,"chicago house","Strictly Rhythm Records",0.724,0.728,9,-8.264,1,0.0367,0.00000271,0.899,0.116,0.87,125.992,4
spotify:track:5QLNIcjqN0wgrLGVo8Qomf,"Got Myself Together - Meltdown Remix","Got Myself Together","Bump & Flex;Kallaghan",1999-06-08,322545,17,false,1130795251,2023-09-13T12:54:55Z,"uk garage","Wyze",0.786,0.694,1,-5.905,1,0.141,0.000649,0.46,0.043,0.909,129.012,4
spotify:track:67029ByvwnEjFzlMghdlWV,"Fashion - Ian Pooley's Stylish Mix","Fashion","Phunky Data;Ian Pooley",1999,433573,4,false,1130795251,2023-10-03T12:49:39Z,"french house,disco house","Sekence / Futuria Productions",0.77,0.988,8,-5.628,0,0.101,0.007,0.716,0.211,0.237,129.668,4
spotify:track:0cr3mMiYJBbddhFyiaAEV4,"Love Or Lust - Love Mix","Harmonica Track / Love Or Lust","Soulboy;Danny Tenaglia",1997,411688,0,false,1130795251,2023-10-03T12:53:17Z,"tribal house,house,jazz house","Minimal Records",0.73,0.491,9,-10.237,1,0.0388,0.00351,0.784,0.116,0.466,120.388,4
spotify:track:2orxZZBLXF40hyBDSqqEGb,"Who Dares To Believe In Me?","Who Dares To Believe In Me","The Believers",1993-10-13,491746,0,false,1130795251,2023-10-10T19:23:42Z,"chicago house","Strictly Rhythm Records",0.531,0.875,2,-3.725,1,0.0915,0.00146,0.512,0.24,0.5,120.94,4
spotify:track:13LVADAG1jdD42fe5wihFc,"Grind","Grind / Prelims","Les Sins",2013-03-18,318014,43,false,1130795251,2023-10-25T20:32:59Z,"","Jiaolong",0.731,0.674,10,-8.281,0,0.0447,0.0501,0.869,0.176,0.765,120.015,4
spotify:track:56Jdk5xxeL3STud0jEGxoI,"Caught In The Middle - David Morales Def Classic Radio Mix","Caught In The Middle (The ’94 Remixes)","Juliet Roberts;David Morales",1994,201026,33,false,1130795251,2023-10-25T20:40:48Z,"disco house,funky house","Chrysalis Records",0.696,0.765,1,-12.209,1,0.0402,0.0154,0,0.493,0.838,123.468,4
spotify:track:3ifW6HRSgzpZKGGqhHecFB,"Don't Turn Your Love (feat. Tony Jenkins) - Dangerous Mix","Don't Turn Your Love (feat. Tony Jenkins)","Park Avenue;Tony Jenkins;Blaze",1987-11-27,425784,0,false,1130795251,2024-01-21T22:10:35Z,"funk","Movin' Records",0.72,0.851,10,-6.422,1,0.0674,0.0548,0.0000148,0.0665,0.75,120.239,4
spotify:track:05CLtDOLa6IpzkisVPAujq,"Timeline","Galaxy 2 Galaxy: A High Tech Jazz Compilation","Galaxy 2 Galaxy",2005,395093,24,false,1130795251,2024-01-29T11:54:57Z,"acid house,chicago house,idm","Submerge Recordings",0.6,0.793,8,-10.048,1,0.0544,0.0028,0.874,0.0475,0.776,125.227,4
spotify:track:0qHhXAxvdIdmSQnAhh6SRs,"We Can Make It (Underground Network Mix)","We Can Make It","Sole Fusion",1992-01-01,432186,24,false,1130795251,2024-01-29T11:57:57Z,"chicago house,uk garage,uk funky","Strictly Rhythm Records",0.877,0.805,2,-8.134,0,0.0995,0.0083,0.72,0.0604,0.513,123.019,4
spotify:track:1HvnSNUGVzGdiWknoN568h,"Nini - Claude Monnet Remix","Nini","Sumo;Clarisse Muvemba;Claude Monnet",2006-04-03,493066,0,false,1130795251,2024-02-12T20:44:44Z,"tribal house","Heya Hifi",0.731,0.729,10,-12.208,1,0.0479,0.00423,0.83,0.572,0.873,127.005,4
spotify:track:0ivQPZ86Ph4rsOVkTa7RBZ,"Jazzin - Club Trax Vol 2","Club Trax, Vol. 2","R.I.P Productions",2011-11-14,367221,33,false,1130795251,2024-04-16T11:38:33Z,"uk garage,jazz house,uk funky","Ice Cream Records",0.815,0.82,11,-8.449,1,0.0462,0.00919,0.528,0.0672,0.86,126.001,4
spotify:track:0umZoAivXnXaeKZ1C7H7Cb,"And So I Dance","Dance 2000, Part 2","Larry Heard",1998-01-01,372715,28,false,1130795251,2024-06-06T21:53:33Z,"chicago house,acid house,jazz house","Alleviated Records",0.717,0.532,10,-14.355,0,0.056,0.00226,0.92,0.0415,0.764,122.99,4
spotify:track:0FIkiqcpze2O4eV27SvopI,"The World According to Sly & Lovechild - Andrew Weatherall Soul of Europe Mix","Richard Sen Presents This Ain't Chicago - The Underground Sound of UK House & Acid 1987-1991","Sly and Lovechild;Andrew Weatherall",2012-06-22,501122,28,false,1130795251,2024-07-15T10:12:43Z,"acid house,chicago house,space rock,krautrock","Strut",0.656,0.835,4,-12.399,1,0.0603,0.138,0.32,0.0718,0.47,120.496,4
spotify:track:2kGtbYYJw4HwEriEKydgCc,"Powder - 6:23 Again","Powder","Jerome Sydenham;Kerri Chandler",1999-04-12,403342,6,false,1130795251,2024-07-15T10:35:50Z,"house,deep house,chicago house","Kerri Chandler",0.751,0.847,8,-8.265,0,0.0978,0.0381,0.877,0.112,0.768,126.549,4
spotify:track:3BLtz1XMadNpiil28XLUyU,"Queztal","On Another Level","Los Hermanos",2004-08-28,373920,28,false,1130795251,2024-07-22T13:21:40Z,"","GMI",0.787,0.917,0,-6.645,1,0.0475,0.0145,0.88,0.103,0.806,129.611,4
spotify:track:6bxeekI9n4mFVw4GoeQZMa,"Do It Your Way","Do It Your Way","Mood II Swing;John Ciafone",2014-10-28,572946,9,false,1130795251,2024-07-23T16:25:48Z,"ballroom vogue,chicago house","Groove On",0.884,0.63,11,-8.379,1,0.0537,0.000285,0.238,0.0926,0.705,125.995,4
spotify:track:2pYhFskS09PvyA1NEYPJ3M,"The Murder Track","90's House & Garage compiled by Joey Negro","Mike Delgado",2015-06-29,532978,23,false,1130795251,2024-07-27T19:58:05Z,"disco house,french house,chicago house,funky house","Z Records",0.79,0.799,11,-6.787,0,0.0554,0.00004,0.884,0.0817,0.809,123.872,4
spotify:track:1WApNNh3hq0IVRCqkK9bG1,"Weak Become Heroes - Ashley Beedle's Love Bug Vocal","Remixes & B-Sides","The Streets;Ashley Beedle",2002-03-18,493360,39,false,1130795251,2024-08-19T12:30:05Z,"uk garage,nu disco","Rhino",0.755,0.835,5,-7.869,0,0.0475,0.00118,0.00966,0.0859,0.731,130.037,4
spotify:track:08fnBK1j0QouVttyI9dlKn,"Change","Moving","Bugge Wesseltoft",2001-04-23,625146,22,false,1130795251,2024-10-01T11:05:35Z,"nu jazz","Jazzland Recordings",0.797,0.649,9,-12.059,0,0.0991,0.151,0.853,0.13,0.0754,117.734,4
spotify:track:51hFuz0vN2FWCaxwRMPqaA,"Give It Up","Give It Up","The Good Men;Chocolate Puma",1992-07-02,207800,48,false,1130795251,2024-10-12T21:11:23Z,"ballroom vogue,future house,bass house,electro house","BEAT Music Fund",0.847,0.864,4,-6.736,1,0.0996,0.0271,0.431,0.0556,0.666,124.846,4
spotify:track:5lzb1RMomVEprSLZSJEXP5,"Black Music (I Love You)","Sound Sculptures, Vol. 1","Theo Parrish;Craig Huckaby",2007,460933,0,false,1130795251,2024-10-14T10:15:19Z,"jazz house,chicago house","Sound Signature",0.594,0.647,9,-12.894,1,0.0993,0.0981,0.0112,0.246,0.54,99.523,4
spotify:track:5rFTwSuSIFeLXZQf34BVHU,"You're Mine - Sound Factory Bar Mix","You're Mine","Arthur Baker;Blowout Express",1996,571022,0,false,1130795251,2024-10-21T10:21:14Z,"","Minimal Records",0.743,0.737,2,-11.594,1,0.099,0.000929,0.574,0.446,0.35,119.993,4
spotify:track:64FyP2IcDx6cgyZUUSIPYa,"Daily Prayer","Up Hill Battle EP","Mr. G",2012-04-09,429402,26,false,1130795251,2024-10-21T10:29:23Z,"jazz house,chicago house","Phoenix G",0.704,0.768,1,-11.171,0,0.0804,0.07,0.00163,0.118,0.491,124.949,4
spotify:track:3d66A6WOSeyRkgUTtNTXrI,"Never Forget (When You Touch Me) (feat. Lynae) (Dance Ritual Mix)","Never Forget (When You Touch Me) (feat. Lynae)","Hardrive: 2000;Lynae",1999-01-01,608840,31,false,1130795251,2024-11-10T20:56:55Z,"","Strictly Rhythm Records",0.769,0.915,9,-3.616,0,0.0722,0.0951,0.231,0.135,0.688,126.903,4
spotify:track:3HqjI2l3fHjfym7iby6XdP,"Battle","Loop-D-Loop #18","Pal Joey",2008-09-30,240426,0,false,1130795251,2024-11-18T11:00:45Z,"chicago house,acid house","Loop-D-Loop",0.79,0.566,1,-7.907,0,0.0563,0.0000284,0.92,0.0879,0.628,121.013,4
spotify:track:2MHSk5FfY0K1cgxXLgx4HP,"The Flight","Loop-D-Loop #15","Pal Joey",2008-09-30,371053,0,false,1130795251,2024-11-18T11:16:37Z,"chicago house,acid house","Loop-D-Loop",0.798,0.744,7,-11.469,1,0.0792,0.0000487,0.838,0.707,0.563,119.704,4
spotify:track:5A0JpTmZa70nvF6O1OO5S1,"Expansions - Conga Reprise Mix","Expansions","Scott Grooves",1998-05-01,849520,2,false,1130795251,2024-12-15T22:21:01Z,"french house","Soma Records",0.677,0.379,10,-19.552,0,0.0589,0.127,0.782,0.113,0.245,126.061,4
spotify:track:2rR9oon7jFbhGoyTnsrY8Z,"Paranoia","Venus","Don Pablo's Animals",1990-06-15,318000,14,false,1130795251,2025-01-03T09:54:02Z,"chicago house,hip house","Red Bullet",0.794,0.5,5,-18.559,0,0.0583,0.0124,0.708,0.163,0.814,116.028,4
spotify:track:2dkVjo9ElTYjjMLOUBSXpr,"Our Time (feat. Lizz Fields) - Atjazz Remix Instrumental","Our Time (feat. Lizz Fields) [Atjazz Mixes]","King Britt;Scuba;Lizz Fields;Atjazz",2005-08-26,587186,0,false,1130795251,2025-01-27T08:39:48Z,"ambient jazz,bossa nova,neo soul,nu jazz,jazz house,deep house,acid jazz","Slip 'N' Slide",0.814,0.764,11,-5.963,0,0.0696,0.00549,0.861,0.205,0.428,126,4
spotify:track:1crJM90ScJyWph3CR7aTkf,"Brothers & Sisters (feat. Alexander Hope) - Drew's Jazzy Dub","Brothers & Sisters (feat. Alexander Hope)","Blaze;Alexander Hope",1995-03-10,303568,0,false,1130795251,2025-01-28T09:47:21Z,"chicago house,funky house,house,disco house","Slip 'N' Slide",0.741,0.369,1,-12.8,1,0.0987,0.232,0.0116,0.0903,0.487,121.282,4
spotify:track:0X9Jyg8fZWZaDxZxe8T04L,"Your Heaven (I Can Feel It) - UBP Classic Dub","Your Heaven (I Can Feel It)","Urban Blues Project;Mother Of Pearl;Pearl Mae",1996-03-27,322181,5,false,1130795251,2025-03-10T15:04:20Z,"disco house,funky house,chicago house","Soulfuric Recordings",0.714,0.779,5,-9.769,0,0.0407,0.00539,0.254,0.0389,0.802,123.869,4
spotify:track:3SbRlgsJpWryKMv9tbfhkw,"Get Into My Groove - Jazzanova Regroove","Future Remixed","Incognito;Jazzanova",1999-01-01,432960,23,false,1130795251,2025-03-13T14:04:34Z,"acid jazz,jazz funk,smooth jazz,nu jazz,trip hop,downtempo","[PIAS] Recordings Catalogue",0.81,0.655,1,-7.726,1,0.0876,0.29,0.218,0.0499,0.802,120.059,4
spotify:track:2pmWNRSViB6fV3ocvy3fVb,"No More Dating DJs (John Ciafone Vocal Mix)","No More Dating DJs","Nick Holder",2004-03-22,408800,8,false,1130795251,2025-04-02T09:43:09Z,"jazz house,deep house","NRK",0.71,0.82,7,-8.91,1,0.172,0.354,0.0288,0.104,0.877,126.007,4
spotify:track:081XBHSA9ibNaZZlcBEJEb,"The next day","mothership reconnection (remix album)","Scott Grooves",1999,605573,4,false,1130795251,2025-04-15T09:21:56Z,"french house","Parlophone (France)",0.793,0.722,9,-12.885,1,0.0436,0.000366,0.908,0.0471,0.739,130.009,4
spotify:track:3mnXkj4vV3AtWUY0lEmSB2,"Moonshine","I: Moonshine / Hillbilly Song","KenLou",1996-03-01,477160,28,false,1130795251,2025-05-15T10:00:11Z,"","MAW Records",0.836,0.652,11,-11.295,0,0.113,0.174,0.252,0.0564,0.496,121.403,4
spotify:track:0TV9tmsVhPCSkjYDRnzHSX,"Sing It Back - Herbert's Tasteful Dub","All Back to the Mine: Volume I - A Collection of Remixes","Moloko;Matthew Herbert",2016-11-11,359263,0,false,1130795251,2025-06-07T19:46:03Z,"trip hop","Echo",0.924,0.772,6,-8.81,1,0.151,0.0609,0.394,0.266,0.904,123.425,4
spotify:track:0WTvoM4lbSO7sqSpVlu5HB,"Love Me Or Leave Me - Club Dub","Love Me Or Leave Me (Remixes) [Gold Series]","Cherie Lee",2012-12-03,354675,38,false,1130795251,2025-06-25T20:43:56Z,"","Danse Club Records",0.848,0.916,1,-7.797,1,0.0906,0.00529,0.785,0.0384,0.396,123.983,4
spotify:track:4uTunbJFIXtOZMPv8KXgNu,"Equinox (Heavenly Club Mix)","Equinox","Danny Tenaglia",2008-01-01,626906,29,false,1130795251,2025-08-15T19:20:55Z,"tribal house,house,jazz house","Strictly Rhythm Records",0.784,0.804,8,-6.692,0,0.056,0.00682,0.881,0.0517,0.728,119.042,4
spotify:track:6uUjN52OJd6xDQtnzzBVwV,"The Edge","Housexpansions: The First Year Anthology","Liquid Variety",2019-12-13,419200,3,false,1130795251,2025-08-19T09:43:59Z,"","METROPOLITAN RECORDS",0.637,0.699,9,-16.536,0,0.0463,0.0113,0.266,0.248,0.81,121.89,4
spotify:track:7rKaVyi2HXPcdYl5ul6Aae,"Amoeba","Collected Works Volume Three","A Man Called Adam",2011-06-27,254000,7,false,1130795251,2025-08-19T10:03:29Z,"acid jazz","Other Records Ltd",0.794,0.831,7,-14.899,1,0.0707,0.105,0.451,0.0643,0.815,124.222,4
spotify:track:0ZgxW8zgEDkYhDuRAfbizA,"Mushrooms - Mazi's Audio Soul Revamp","Mushrooms","Marshall Jefferson vs. Noosa Heads;Noosa Heads;Mazi",2001-02-19,550751,0,false,1130795251,2025-09-03T16:04:23Z,"chicago house,acid house,deep house,hard house,europop","Airtight",0.831,0.601,7,-9.368,1,0.088,0.000083,0.765,0.0614,0.727,126.003,4
spotify:track:21noQLPBCfbduHVW3xbrHN,"APT. 3A","APT.","N.Y. House'n Authority",1989-08-04,296621,30,false,1130795251,2025-09-03T12:58:06Z,"chicago house,acid house","Nu Groove Records",0.707,0.686,11,-9.137,1,0.0645,0.00599,0.877,0.0961,0.754,120.3,4
spotify:track:5rEwIUoF6xNmpLI6YLIs5J,"Hiroshi's Dub - Joe Claussell Bonus Groove","Mix the Vibe","T.P.O.;Joaquin ""Joe"" Claussell",2000-01-01,519866,7,false,1130795251,2025-09-03T14:40:33Z,"jazz house,latin house,acid jazz","King Street Sounds",0.808,0.257,8,-21.621,1,0.0801,0.000517,0.88,0.0787,0.623,123.011,4
spotify:track:1i4wET69bUdpirbmVw8ZaA,"Slice Of Cheese","Trainer","Plaid",2000-07-10,360640,7,false,1130795251,2025-09-04T12:47:11Z,"idm,glitch","Warp Records",0.817,0.93,6,-9.061,0,0.0553,0.116,0.951,0.155,0.894,120.157,4
spotify:track:0BgN3QJ0oiD1gcTBDuco5L,"Hold On - Classic Vocal","Hold On","Romanthony",2013-06-24,385706,29,false,1130795251,2025-09-22T11:22:53Z,"chicago house,ballroom vogue","Glasgow Underground",0.669,0.865,4,-5.116,1,0.394,0.00573,0.00000237,0.104,0.488,119.791,4
spotify:track:2hxncH0fB7WAu41290aQY2,"Yours (feat. Virginia)","Yours & Mine","Steffi;Virginia",2011-02-07,340946,40,false,1130795251,2025-09-24T14:38:55Z,"","DESTEFSTER",0.81,0.515,9,-11.768,0,0.0809,0.0804,0.211,0.0976,0.604,125.007,4
spotify:track:2nl5bDdkZH5E8dUmOrnDMk,"The MKappella","Made In Detroit EP","MK",1991-01-01,562398,16,false,1130795251,2025-09-25T15:22:51Z,"house","4 To The Floor Records",0.574,0.96,7,-5.095,1,0.0763,0.0107,0.332,0.39,0.444,120.536,4
spotify:track:2uyKZb8FL9gd47ZUjaM8wp,"Sittin' Here - Atjazz Remix","Sittin' Here (Remixes)","St Germain;Atjazz",2016-03-11,526413,25,false,1130795251,2025-09-29T10:00:15Z,"jazz house,nu jazz,acid jazz,downtempo,lounge,deep house","Parlophone (France)",0.711,0.718,9,-8.198,1,0.048,0.0000666,0.378,0.113,0.151,122.028,4
spotify:track:4e7Qpo1Q8CtRmnOdB1Atep,"We Are One - Jazz-N-Groove Hands Up Vocal","We Are One","Urban Blues Project;Bobby Pruitt;Jazz N Groove",2001-11-13,410644,33,false,1130795251,2025-09-30T20:43:45Z,"disco house,funky house,chicago house","Soulfuric Recordings",0.7,0.74,2,-8.883,1,0.0529,0.000652,0.282,0.0715,0.493,127.006,4
spotify:track:7lnIgmC9h3nE1px5Cxg9Lv,"Mercyless (Atjazz Vocal Mix)","Mercyless (Remixes)","Fred Everything;Wayne Tennant;Atjazz",2009-05-05,386400,23,false,1130795251,2025-10-09T13:32:00Z,"deep house,nu jazz,jazz house,acid jazz","Fred Everything",0.796,0.414,7,-13.102,1,0.294,0.0459,0.844,0.0596,0.316,125.001,4
spotify:track:3KcvJP4xSqXBROsISVrwoF,"We Got Spice - Humate Remix","We Got Spice Remixes (Remastered)","Spicelab;Oliver Lieb;Humate",2018-02-28,467396,10,false,1130795251,2025-10-09T14:36:55Z,"acid techno,acid house,trance,progressive trance","Solieb Digital",0.784,0.829,11,-7.259,0,0.0793,0.000281,0.734,0.0843,0.119,130.985,4
spotify:track:5VQ6f13abEwzUcPAOOK8br,"Quartier sex","Cœur d'artichaut","Mad Rey",2013,460040,26,false,1130795251,2025-10-09T14:37:21Z,"french house,lo-fi house,hip house","D.KO Records",0.731,0.639,1,-8.913,1,0.0677,0.000357,0.0338,0.0714,0.673,126.005,4
spotify:track:5taYH5MKG8W5Mpp8JexLtR,"Happy Bizzness","Transatlantic EP","Roach Motel",2016-02-05,429305,6,false,1130795251,2025-10-22T12:59:04Z,"chicago house","4 To The Floor Records",0.821,0.835,8,-7.603,0,0.0707,0.000324,0.277,0.053,0.758,124.01,4
spotify:track:5stVeOLw7rMvOkcBdm9Kjc,"Possible - Original Mix","Various, Vol. 2","C & M Productions",2015-09-25,367259,16,false,1130795251,2025-10-25T13:05:24Z,"","Plastik People",0.862,0.697,10,-7.908,0,0.0877,0.023,0.199,0.11,0.57,126.063,4
spotify:track:0VJYgZX5YjvRM7C4BO6Qda,"Break 4 Love - Extended Mix","Break 4 Love","Raze",1988-11-18,326433,46,false,1130795251,2025-10-25T12:20:17Z,"acid house,chicago house","Armada Music",0.845,0.807,0,-5.767,0,0.0516,0.108,0.234,0.117,0.933,118.975,4
spotify:track:2PoAQyQhOEh2iKm2UH9ukF,"You Turn Me On - Lounge Mix","Garage House, Vol. 6","Night Society",2020-10-23,450925,17,false,1130795251,2025-10-27T21:07:38Z,"italo disco","Plastik People Digital",0.727,0.812,2,-8.737,0,0.0462,0.000396,0.818,0.025,0.928,127.986,4
spotify:track:3MVAY1R1IWkzZzj5570vfU,"I Wanna Be There - Edit","Deep Space","Model 500",1995-01-01,404826,17,false,1130795251,2025-10-30T18:47:12Z,"dub techno,acid house,chicago house,techno","Metroplex Records",0.602,0.891,2,-9.36,1,0.0463,0.0223,0.881,0.0865,0.679,129.999,4
spotify:track:109bHW2LhUAL7wRofgKl9K,"Feels so Right - Victor Simonelli Mix","Feel so Right (20th Birthday)","Solution",2013-01-30,448632,23,false,1130795251,2025-11-06T17:03:32Z,"","Unkwn Rec",0.884,0.86,5,-8.183,0,0.0489,0.00344,0.677,0.0463,0.684,121.999,4
spotify:track:5BFeBBeBYigrM2l4njlYvA,"Don't Go - Original Mix","Don't Go","Awesome 3",2005-01-24,311680,56,false,1130795251,2025-11-17T15:21:31Z,"acid house","XL Recordings",0.714,0.979,10,-4.993,0,0.0478,0.0639,0.807,0.045,0.963,132.94,4
spotify:track:1NcNiYO3aocYZUmeoAwaUy,"Dance Ritual Medley","Love Ritual / Dance Ritual","Louie Vega;Cerrone",2007-06-27,540413,18,false,1130795251,2025-12-09T14:52:06Z,"chicago house,deep house,latin house,house,disco house,italo disco,disco,hi-nrg,nu disco,post-disco,french house","Vega Records",0.791,0.794,7,-8.944,0,0.0357,0.00278,0.743,0.0712,0.611,128.008,4
spotify:track:7BWLRqL9oIfRUKADHkNdZa,"Palm Leaves - Mr Fingers Afropsychojungledub Mix","Palm Leaves Remixes","Gerd;Larry Heard (Mr Fingers)",2011-11-21,579557,24,false,1130795251,2025-11-27T10:20:30Z,"acid house","Clone Royal Oak",0.795,0.791,10,-12.514,0,0.0421,0.0343,0.721,0.101,0.365,126.008,4
spotify:track:7j9IXY2qhD4liFqaSJ5YMJ,"Sax In The Ozone - Safe Sax Mix","Sax In The Ozone","Robert Aaron",1992,403066,18,false,1130795251,2025-11-27T10:29:51Z,"nueva trova","Eightball Records Digital",0.794,0.664,11,-10.371,0,0.0881,0.00267,0.222,0.0898,0.352,122.655,4
spotify:track:1xrUFNza7ztV00cAIXfM9C,"Use Me Again - Remastered","Use Me Again","Tom Trago",2010-12-21,498184,32,false,1130795251,2025-12-12T14:31:51Z,"disco house","Voyage Direct",0.685,0.819,7,-6.677,0,0.0959,0.00234,0.138,0.605,0.643,123.99,4
spotify:track:3O1gq5NLFbp2KNRdNWueMp,"Burning 4 You","Hunchin' All Night","Larry Heard",2018-04-09,555308,27,false,1130795251,2025-12-13T14:34:58Z,"chicago house,acid house,jazz house","Rush Hour",0.816,0.657,1,-8.884,0,0.0531,0.0000463,0.0000251,0.0863,0.876,123.006,4
spotify:track:2YN98gez3SGo3inrdD0Ytf,"Any Day Now - Elektro Main Mix","The Letter EP","Marvin Belton",2010,621179,6,false,1130795251,2025-12-13T14:35:40Z,"acid house","Ferrispark Records",0.809,0.307,10,-14.236,0,0.0567,0.0158,0.0913,0.0917,0.844,124.004,4
spotify:track:4M5fnZvSOzNRAYRWpooTF5,"Urban Tropics","The Future Sound EP","Mike Huckaby;Juan Atkins",1993-01-01,335573,20,false,1130795251,2025-12-22T21:01:30Z,"dub techno,techno,minimal techno,chicago house","Metroplex Records",0.735,0.664,6,-12.952,0,0.0461,0.00402,0.897,0.093,0.08,124.202,4
spotify:track:0Hriy0p7SQCgnzjDFoWkxB,"Cirque de Soul","Keys, Strings, Tambourines","Kenny Larkin",2008-09-02,475480,38,false,1130795251,2026-01-07T14:40:19Z,"acid house,minimal techno,idm,techno,chicago house","Planet E Communications",0.675,0.559,1,-13.392,0,0.0314,0.0337,0.892,0.0727,0.675,125.99,4
spotify:track:3Zz3TYhGfZT6NFcw6cDObt,"Voodoo Ray","Hot Lemonade","A Guy Called Gerald",1989-02-01,267106,26,false,1130795251,2026-01-14T10:41:17Z,"acid house,madchester,chicago house","Rham Records Ltd",0.683,0.789,2,-9.034,1,0.0602,0.03,0.0105,0.0724,0.657,119.504,4
spotify:track:0emvV4YQewp0FFjVGCpn9u,"Just Wanna Touch Me - Original","Fidelfatti: Best of Soul & Down Beat - EP (Digitall Release from Original Vinyl '90)","Fidelfatti;Ronnette",1990,266781,0,false,1130795251,2026-01-14T11:45:28Z,"italo dance","The Art Of Djing",0.694,0.566,6,-11.469,0,0.0664,0.0162,0.435,0.0958,0.672,101.466,4
spotify:track:0jfeHptByz7p6pa2LhP8lx,"Tessio","Selected MP3","Luomo",2005-05-10,729853,30,false,1130795251,2026-01-15T13:50:57Z,"minimal techno","Huume Recordings",0.79,0.442,9,-13.155,0,0.049,0.075,0.409,0.118,0.336,124.001,4
spotify:track:4dZeAQpfwwMVhRrX0KJrSN,"Closer - King Street Extended Moody Club Mix","Closer","Mood II Swing;Carole Sylvan",2021-02-05,377445,26,false,1130795251,2026-01-19T08:56:25Z,"ballroom vogue,chicago house,uk garage","King Street Sounds",0.815,0.862,0,-8.625,1,0.0468,0.000754,0.0131,0.583,0.76,125.494,4
spotify:track:3Ci68qrAFm557SJOTwUKfa,"Moving on Up - MK Movin' Mix","One Night In Heaven: The Very Best Of M People","M People;MK",2009-03-26,449733,20,false,1130795251,2026-01-19T11:27:44Z,"house","Legacy Recordings",0.899,0.72,10,-9.671,0,0.0468,0.00101,0.256,0.0564,0.617,125.075,4
spotify:track:3Ox9pSrQ81TKJw3PGKLNUE,"Grateful - DF's Raze Yo Handz Vox Mix","Defected presents House Masters - Dennis Ferrer (Third Edition)","Dennis Ferrer;Kenny Bobien",2013,451360,1,false,1130795251,2026-01-21T23:01:57Z,"uk funky,deep house,funky house,house,afro house","Defected Records",0.752,0.618,0,-9.756,0,0.0547,0.00334,0.051,0.0374,0.941,126,4
spotify:track:4SlhhcBdm1uGMsKCtLqMq5,"Keep Hold Tight","Descendants of the Resistance","Los Hermanos;Lepumpernic",2014-02-17,272120,13,false,1130795251,2026-01-27T09:56:48Z,"","GMI",0.591,0.952,10,-5.953,0,0.0391,0.0143,0.902,0.0924,0.847,126.999,4
spotify:track:77itmvmJevNBgg0LJyiRcC,"Hey You","Descendants of the Resistance","Los Hermanos",2014-02-17,301173,5,false,1130795251,2026-01-27T09:57:30Z,"","GMI",0.729,0.898,5,-6.961,0,0.0395,0.0207,0.889,0.0267,0.87,127.997,4
spotify:track:1N0AOhQfcPeOE8iJCran34,"Use Me - MK Mix","Use Me (MK / Carl Craig Remixes)","R-Tyme;MK",1993-08-15,407374,4,false,1130795251,2026-01-28T19:27:31Z,"chicago house,house","KMS Records (BEAT Music Fund)",0.782,0.584,11,-13.236,0,0.0764,0.00176,0.000928,0.171,0.566,123.486,4
spotify:track:3blMOxN2R0s28iy4flq2BR,"Sax Appeal","Hooked on Tracks","Marcus Turcotte",1994-03-24,365783,0,false,1130795251,2026-01-31T08:31:33Z,"","Essential 12" Classics",0.806,0.524,7,-14.936,1,0.0659,0.0244,0.914,0.103,0.304,122.403,4
spotify:track:56EqmQFpiwdjALYhdhPd7t,"My Love Is Magic - Club Mix","My Love Is Magic","Bäs Noir",1988-08-05,431353,24,false,1130795251,2026-02-06T15:13:26Z,"chicago house","Nu Groove Records",0.754,0.878,7,-5.96,1,0.0556,0.0104,0.00194,0.259,0.901,122.944,4
spotify:track:4fK9b67vGjTS7BBXrivlMX,"Get On Up (Groovy Disco Mix)","The R.A.S.E. (Ron Allen Sound Experience)","Ron Allen",1992-08-06,373934,21,false,1130795251,2026-02-06T15:51:22Z,"","Strobe Records",0.672,0.589,1,-8.156,0,0.0672,0.00368,0.784,0.0477,0.718,120,4
spotify:track:1RdHfWJogQm1UW4MglA8gA,"It’s Alright (feat. Paris Brightledge) - Original Mix","It’s Alright (feat. Paris Brightledge)","Sterling Void",2018-08-31,410250,38,false,1130795251,2026-02-08T09:11:31Z,"chicago house,acid house","Toolroom Records",0.669,0.861,9,-5.086,0,0.0401,0.00262,0.000125,0.418,0.582,120.314,4
spotify:track:4dF0BF6qljZ0ziAVLEuYk4,"Souffles H - King Street Club Mix","Souffles H","Mondo Grosso",1995-01-01,232945,19,false,1130795251,2026-02-08T09:19:59Z,"shibuya-kei,acid jazz,city pop,j-r&b,japanese indie","King Street Sounds (BEAT Music Fund)",0.776,0.911,5,-5.545,0,0.041,0.0165,0.836,0.772,0.927,125.086,4
spotify:track:6RzT8FRHPUeyryyeyoMfsu,"Oh I (Miss You) [Atjazz Love Soul Remix]","The MuthaLode Reloaded","The Muthafunkaz",2011-12-05,494000,26,false,1130795251,2026-02-10T11:38:32Z,"funky house,disco house","Code Red Recordings",0.771,0.739,8,-7.045,1,0.0443,0.0796,0.0227,0.1,0.103,126.334,4
spotify:track:40UbkzhNCAxu9RYi1pO09l,"Caught Up","Metro Area (15th Anniversary Edition)","Metro Area",2017-10-27,456391,36,false,1130795251,2026-02-10T16:01:09Z,"nu disco","Environ",0.813,0.405,0,-11.362,1,0.0855,0.00215,0.854,0.101,0.598,119.985,4
spotify:track:3ZXhTX1rHrS5oAWRoZmTD6,"I Just Wanna Sing For You","Hold On","Norman Weeks",2006-06-16,171040,24,false,1130795251,2026-02-10T16:03:03Z,"funk gospel","Sonar Kollektiv",0.67,0.689,9,-8.721,0,0.139,0.608,0.00148,0.0905,0.674,106.111,4
spotify:track:4UZ9eloQZyTbTai8i09da6,"Don't Stop - Joe T Vannelli Und Mix","Don't Stop","Amii Stewart;Joe T Vannelli",1993-06-24,285528,0,false,1130795251,2026-02-12T11:58:38Z,"disco,hi-nrg","Dream Beat",0.881,0.488,3,-14.483,0,0.122,0.000985,0.704,0.0661,0.962,122.003,4
spotify:track:13dSQiOoZbczhqQpDexBJC,"Shapin' Fluid","Apollo Archive, Vol. 1 (Sabine's Selection)","Afronaught",2009-12-14,420400,15,false,1130795251,2026-02-12T13:32:11Z,"nu jazz","R&S Records",0.457,0.67,6,-10.656,1,0.0439,0.0576,0.88,0.749,0.636,121.909,4
spotify:track:23WHZS7igcFDtrVMG43k38,"Walking Thru the Sky","Baby Steps","Theo Parrish",2014-11-14,582681,28,false,1130795251,2026-02-12T15:30:36Z,"jazz house,chicago house","Sound Signature",0.715,0.292,7,-20.876,0,0.0374,0.0532,0.639,0.126,0.0395,122.038,4
spotify:track:4vj5zU113R2fUzBzsXyAJg,"Your Love Is Crazy - Bueno Mix","Your Love Is Crazy","Albertino;David Syon",1991-01-01,424882,3,false,1130795251,2026-02-16T13:32:56Z,"italo dance,eurodance","X-Energy",0.529,0.97,5,-7.793,0,0.0528,0.000299,0.335,0.293,0.768,118.725,4
spotify:track:4Kf6bQyylLauxbj63ShAyJ,"Love & Happiness (Yemaya Y Ochùn) (feat. India) - Dream Sequence","The Tribal EP (feat. India)","River Ocean;Louie Vega;LA INDIA",1994-01-01,259200,36,false,1130795251,2026-02-21T23:36:17Z,"latin house,chicago house,deep house,house,disco house,salsa,merengue","Strictly Rhythm Records",0.558,0.581,2,-6.43,0,0.0319,0.0517,0.00579,0.0869,0.332,124.018,4
spotify:track:7sB4NxmcwvzuaXrl6wZwQr,"Keyzer - Kenny Dope No Cutz Mix","Latin House & Brazilian Beats","Grupo Batuque;Kenny Dope",2008-11-03,570333,1,false,1130795251,2026-03-03T11:07:16Z,"brazilian jazz","Far Out Recordings",0.783,0.599,9,-17.457,0,0.0779,0.00399,0.83,0.0429,0.905,127.229,4
spotify:track:3T7K7QyTXlTTuntVZQ8dNb,"Dreaming of Better Days","Soundtrack From the Duality Double-Play","Larry Heard;Loosefingers",2005-08-15,306893,33,false,1130795251,2026-03-06T17:59:07Z,"chicago house,acid house,jazz house","Alleviated Records",0.708,0.688,0,-13.666,0,0.0336,0.009,0.00000984,0.227,0.891,117.988,4
spotify:track:6sM5YcdX5iLMaF1rOc0TQK,"That Night - Wahoo Remix","Remixed","Jazzanova;Vikter Duplaix;Wahoo",2003-05-05,443306,40,false,1130795251,2026-03-12T15:04:23Z,"nu jazz,acid jazz,trip hop,jazz funk,downtempo,neo soul","Sonar Kollektiv",0.899,0.657,10,-5.705,0,0.0618,0.0043,0.0437,0.264,0.52,118.061,4
spotify:track:12fjQYCFXb4QN4ftAtQscg,"Vocal Mix","How Hard I Search","Gina Bess",1994,582016,4,false,1130795251,2026-03-14T20:34:34Z,"","KULT Old Skool",0.703,0.805,8,-9.087,0,0.0279,0.021,0.372,0.0704,0.658,120.214,4
spotify:track:6Y25uplZr6CbSBCQXbYo2p,"Dom Dom Jump","House Masters - DJ Gregory & Julien Jabre","The Deep;FRED MELOSAX",2009,468600,19,false,1130795251,2026-03-15T13:37:57Z,"g-funk,jazz house","ITH",0.887,0.731,8,-9.901,1,0.0705,0.0243,0.836,0.102,0.753,122.929,4
spotify:track:442JXElLtyl2JswWsTTSem,"Into Life - Glenn Underground's Kma Kiss My Fusion Mix","Into Life","The Rurals;Jaidene Veda",2011-02-25,470910,7,false,1130795251,2026-04-10T08:35:26Z,"acid jazz,jazz house,nu jazz,afro tech,afro house","Peng",0.79,0.388,5,-15.164,0,0.098,0.0907,0.82,0.0582,0.961,123.013,4
spotify:track:1mK5MaKdr3fj49VjC3a0tJ,"Mental Black Resurrection","Black Resurrection","Glenn Underground",2015-05-12,730552,9,false,1130795251,2026-03-16T10:44:07Z,"chicago house,deep house,jazz house,acid house","Strictly Jaz Unit Muzic",0.796,0.61,10,-11.599,1,0.0774,0.00424,0.912,0.0543,0.877,125.521,4
spotify:track:0pmWk0ydV1DiN1XGNMFlw8,"Stone Cold","Stonecold / Hold On","groove chronicles",1997,337570,42,false,1130795251,2026-03-16T10:44:42Z,"uk garage,uk funky","Dpr Recordings",0.78,0.294,9,-15.571,0,0.0588,0.0132,0.835,0.0989,0.502,135.089,4
spotify:track:4CXmSQuUsNmVLD8V05Kx2B,"Georgia - Karizma's Bruk it Down Remix","Broken Vibes","Taylor McFerrin;Karizma",2008-01-22,481200,13,false,1130795251,2026-03-16T11:46:52Z,"nu jazz,indie jazz,uk funky,ballroom vogue,baltimore club","Bonzai Sound Exchange",0.863,0.822,5,-8.283,0,0.0733,0.00373,0.825,0.0701,0.486,123.007,4
spotify:track:4TI8N3rE8oKeaKeFJsDvDU,"Love Capsule Deluxe - Vocal Mix","Love Capsule Deluxe","Fresh & Low",1999-04-04,418863,39,false,1130795251,2026-04-07T08:20:25Z,"jazz house,lo-fi house,chicago house","Airtight",0.858,0.362,8,-14.986,1,0.179,0.00206,0.689,0.0579,0.0708,126.865,4
spotify:track:4VdnDl67HNWwpfInY8ZOHu,"Hip Hop (Masters at Work Dub)","Hip Hop (Remixes)","Chris Cuevas;Kenny Dope;Louie Vega",2020-10-09,201306,32,false,1130795251,2026-04-07T08:24:18Z,"chicago house,hip house,acid house,deep house,latin house,house,disco house","Warner Music Group - X5 Music Group",0.808,0.882,5,-6.611,0,0.0527,0.000793,0.913,0.0753,0.419,119.968,4
spotify:track:29FPZuTc586pRCRoxmBnbu,"Masoko Solo - Original Mix","Masoko Solo","Masoko Solo",1992-01-01,318888,0,false,1130795251,2026-04-10T13:25:54Z,"gabber,happy hardcore,hardcore","The Saifam Group Srl",0.852,0.688,10,-14.063,0,0.0653,0.00296,0.462,0.0656,0.658,105.996,4
spotify:track:0eaVKb8yPyoKTDnTGIA3Ty,"Destination","While You Wait","Schmoov!",2002-01-21,435866,37,false,1130795251,2026-04-17T11:13:22Z,"","Winding Road Records",0.664,0.734,0,-8.556,1,0.0483,0.000116,0.943,0.104,0.461,123.923,4
spotify:track:7Gk5pOorpwhewL25y0WSZs,"Star Suite - Shelter Vocal Mix (Mixed)","Mix the Vibe: Danny Krivit - Music Is My Sanctuary (DJ Mix)","Mondo Grosso;Blaze",2020-05-08,804653,14,false,1130795251,2026-04-22T13:07:27Z,"shibuya-kei,acid jazz,city pop,j-r&b,japanese indie,chicago house,funky house,house,disco house","King Street Sounds",0.638,0.929,11,-5.918,1,0.0332,0.00172,0.000161,0.651,0.534,124.444,4
spotify:track:3Gx46R6NLtOpKV3280v3df,"Praisin' His Name","Stand!","Jasper Street Co.",2004-10-01,219426,19,false,1130795251,2026-05-07T20:51:46Z,"disco house","God's House Records",0.825,0.929,11,-4.45,1,0.0551,0.0303,0.0216,0.124,0.944,127.006,4
spotify:track:3DlF7QoSZEUHPRbHoLezxo,"You ain't really down - Jazzanova's hey baby remix","Hôtel Costes 9","Status IV",2006-09-25,406519,34,false,1130795251,2026-05-12T11:01:12Z,"nu jazz","Pschent Music",0.837,0.555,11,-8.383,1,0.057,0.0348,0.272,0.0588,0.286,119.968,4
spotify:track:2TiHRPyp8s3oflTqMtcrGn,"Disco's Revenge - Mole Hole Dirty Mix","Disco's Revenge","Gusto",1995-01-02,381641,50,false,1130795251,2026-06-03T19:33:50Z,"disco house,funky house,chicago house","Altra Moda Music",0.761,0.885,11,-7.052,1,0.0833,0.00162,0.885,0.115,0.864,126.014,4
spotify:track:60iN0k5OlV5fZ30L6sXRKg,"Most Precious Love - Copyright Remix","Most Precious Love","Blaze;UDAUFL;Barbara Tucker;Copyright",2004-12-06,190969,62,false,1130795251,2026-06-08T11:22:16Z,"chicago house,funky house,house,disco house,rally house","King Street Sounds",0.655,0.863,5,-6.225,1,0.0282,0.052,0.799,0.149,0.97,126.01,4
spotify:track:29Obf0yYT5cppVWJLx9iu0,"The Pressure - Frankie Knuckles Classic Mix (With Intro)","The Collection","Sounds Of Blackness",2003-01-01,504933,37,false,1130795251,2026-06-15T13:42:46Z,"gospel,new jack swing","Spectrum",0.768,0.86,5,-9.536,0,0.133,0.0396,0.00165,0.0635,0.373,127.062,4
spotify:track:6z1sY9YjexJaG94ervQ3ee,"SPEAK","On A Trip","Yukihiro Fukutomi",2000-07-05,362833,2,false,1130795251,2026-06-16T10:16:05Z,"shibuya-kei,nu jazz","cutting edge",0.7,0.781,1,-11.182,1,0.0704,0.25,0.199,0.153,0.769,125.033,4
spotify:track:0OvwOCehqyC5xe6VOir4V5,"To the Disco ‘77","To the Disco ‘77 & Hybrid Minds Remixes","Move D",2013-07-15,419097,48,false,1130795251,2026-06-17T15:53:16Z,"dub techno,lo-fi house,jazz house","Electric Minds",0.728,0.728,5,-9.659,1,0.0359,0.0162,0.877,0.112,0.504,120.01,4
spotify:track:3430YXNeQ2Y3L4XmqIpb30,"A Message For The DJ - Jimpster Red Light Remix","A Message For the DJ","Delano Smith;Jimpster;Diamondancer",2005-01-03,443812,34,false,1130795251,2026-06-22T10:41:46Z,"dub techno,chicago house,deep house","Still Music",0.93,0.706,6,-9.815,0,0.094,0.412,0.0496,0.0995,0.78,123.697,4
spotify:track:4ApEqJDqDNvvMZr4M5C0GQ,"Hit It N Quit It","Chicago Service","Jamie 3:26;Cratebug",2013-09-10,450789,28,false,1130795251,2026-06-23T10:40:27Z,"chicago house,disco house","Lumberjacks In Hell",0.855,0.436,2,-9.325,1,0.0827,0.000232,0.712,0.0811,0.274,125.013,4
spotify:track:2nyR0TinbC0nL3YLUaBX8v,"Doin' Ya Thang","Doin' Ya Thang","Oliver Dollar",2011-04-25,415437,58,true,1130795251,2026-06-23T10:41:27Z,"","Defected Records",0.834,0.896,9,-4.691,1,0.132,0.00227,0.0587,0.0599,0.624,124.001,4
spotify:track:66xLP6R3wr3HBWSxVCTleT,"Kalimba","Rewind","Johnny Fiasco",2011-12-19,380090,5,false,1130795251,2026-06-24T14:59:16Z,"chicago house,jazz house","Klassik Fiasco",0.749,0.888,7,-10.133,1,0.0483,0.00000868,0.914,0.0458,0.0778,127.983,4
spotify:track:0QHgoeTQNQmyA1bNoUhZD3,"Can't You See","Players Theme","Rick Wade",2013-03-08,305306,45,false,1130795251,2026-07-10T18:11:10Z,"jazz house,lo-fi house,disco house,chicago house","Robsoul",0.834,0.647,11,-9.391,1,0.0861,0.00295,0.0124,0.0858,0.678,118.126,4
spotify:track:5QIdvte0OAw9UVmICaLyDs,"Fade - Grant Nelson Big Room Extended Remix","Fade","Solu Music;KimBlee;Grant Nelson",2001-01-01,460346,54,false,1130795251,2026-07-20T10:23:28Z,"uk garage,disco house,funky house","Electronic Nature Records",0.747,0.704,7,-7.642,1,0.0464,0.00483,0.0248,0.0608,0.832,126.983,4
spotify:track:5qfjyXMa3NEjGxYHV3h7m8,"Follow Me (Club Mix)","Follow Me","Aly-Us",1992-01-01,396586,45,false,1130795251,2026-07-20T12:48:50Z,"chicago house,baltimore club","Strictly Rhythm Records",0.752,0.803,8,-6.223,1,0.0284,0.00247,0.0264,0.0504,0.564,120.161,4
spotify:track:0Ag1AfvBbjsOqO3w7Cxboc,"Mouth - Brad Peeps Remix For Friends","Mouth (Remixes)","Iz;Diz;Pépé Bradock",2014-11-17,449093,21,false,1130795251,2026-07-23T10:39:55Z,"acid house","Greenskeepers Music",0.957,0.29,9,-16.813,1,0.324,0.0677,0.0867,0.0585,0.516,124.988,4
spotify:track:27plXSLZuSwm7EB1BvACOb,"Mouth - Brad Peep's Remix For Friends","Mouth","IZ;Diz;Pepé Bradock",2011-04-04,448460,29,false,1130795251,2026-08-15T07:39:13Z,"","Classic Music Company",0.944,0.452,9,-11.154,1,0.269,0.0629,0.116,0.0566,0.348,124.979,4
