Track URI,Track Name,Album Name,Artist Name(s),Release Date,Duration (ms),Popularity,Explicit,Added By,Added At,Genres,Record Label,Danceability,Energy,Key,Loudness,Mode,Speechiness,Acousticness,Instrumentalness,Liveness,Valence,Tempo,Time Signature
spotify:track:70lHpE2jGA5AgmsHJYbn5c,"Shining of Life - 2017 Full Moon Mix","Shining of Life","Calm presents K.F.",2017-12-01,922750,10,false,1130795251,2020-05-31T16:12:31Z,"","Music Conception",0.67,0.744,4,-8.712,0,0.0355,0.195,0.35,0.0793,0.789,119.998,4
spotify:track:4lxigqjxkuTHbidhDldXF8,"Jazz Carnival - Full","Light as a Feather","Azymuth",2012-11-26,638613,14,false,1130795251,2020-05-31T16:13:24Z,"brazilian jazz,jazz funk,jazz fusion,acid jazz","Far Out Recordings",0.548,0.903,9,-10.843,0,0.0425,0.0571,0.806,0.077,0.759,131.283,4
spotify:track:27lqvywx3wruW3Xh93AGYs,"Finally - Nuyorican Soul Remix","Finally","Kings Of Tomorrow;Julie Mc Knight",2001,494826,3,false,1130795251,2020-05-31T16:13:33Z,"deep house,funky house","Distance",0.883,0.486,0,-12.461,1,0.0726,0.00229,0.00421,0.101,0.455,124.993,4
spotify:track:4ThTJBOvrEXeOQ1CvET73g,"You Can Do It (Baby) - Full Version","Nuyorican Soul","Nuyorican Soul;George Benson",1997-01-01,523133,0,false,1130795251,2020-05-31T16:13:38Z,"acid jazz,smooth jazz,yacht rock,jazz funk,soul jazz","Talkin' Loud",0.535,0.556,4,-9.749,0,0.0693,0.368,0.106,0.0904,0.351,119.39,4
spotify:track:7k11Ii2cGblg42H4iUZFEv,"Elevator (Going Up) - Album Mix","Louie Vega Starring...XXVIII","Louie Vega;Monique Bingham",2016-02-26,305813,28,false,1130795251,2020-05-31T16:13:45Z,"chicago house,deep house,latin house,house,disco house,afro house,afro tech","Vega Records",0.797,0.673,0,-7.691,1,0.0745,0.175,0.00617,0.132,0.429,122.991,4
spotify:track:618Jj4kfAJBIm1iS69F8mc,"It's Alright, I Feel It! - M.A.W. 12"" Mix","Nuyorican Soul","Nuyorican Soul",1997,588040,8,false,1130795251,2020-05-31T16:13:59Z,"acid jazz","UMC (Universal Music Catalogue)",0.707,0.844,6,-9.751,1,0.0611,0.00841,0.313,0.0834,0.514,121.915,4
spotify:track:2DepZXq4pL2z0HPM2YG5JS,"The Weather Report","The Weather Report","Incognito;Take 6",2019-09-27,245586,2,false,1130795251,2020-05-31T16:14:07Z,"acid jazz,jazz funk,smooth jazz,vocal jazz,gospel,Christian jazz","Bluey Music Limited",0.576,0.915,1,-6.91,1,0.0491,0.0399,0,0.374,0.702,95.025,4
spotify:track:0GJ07sZTPG0q1D8ATaPLpo,"Smile","Mt Glorious","Sampology",2018-08-10,279986,0,false,1130795251,2020-05-31T16:14:37Z,"","Middle Name Records",0.727,0.686,7,-10.475,1,0.0397,0.193,0.826,0.102,0.602,111.036,4
spotify:track:2hFjxLPeeBZrvLb302MKLj,"Like It Is","Disco Volante EP","Coeo",2016,355968,0,false,1130795251,2020-05-31T16:15:45Z,"jazz house,disco house,funky house,nu disco,lo-fi house","Razor-N-Tape Digital",0.899,0.677,3,-10.042,0,0.0394,0.0497,0.776,0.0603,0.657,119.007,4
spotify:track:0ZEcI78PzxOXJ7mY3cRQDV,"Reach 4 Freedom - DF's Vocal Mix","Abstract Jazz Journey EP 2","Dennis Ferrer",2005-05-16,507744,0,false,1130795251,2020-05-31T16:16:51Z,"uk funky,deep house,funky house,house,afro house","Nite Grooves",0.662,0.88,1,-7.504,0,0.0669,0.0521,0.000243,0.0341,0.916,125.977,4
spotify:track:0bPETkh1amnP7sMklHV2IT,"Beyond the Stars","New Chapter","Cody Currie;Joel Holmes",2019-10-18,368619,0,false,1130795251,2020-05-31T16:17:43Z,"jazz house,lo-fi house,disco house,funky house,jazz funk,nu jazz","Toy Tonics",0.797,0.609,5,-11.831,0,0.0574,0.0331,0.0566,0.0885,0.772,116.005,4
spotify:track:5n9wJAsxBIv25iA8hcSBvs,"Me Vuelves Loco","Me Vuelves Loco","Juan Di Lago;Alberto Gabilan",2016-07-29,421935,0,false,1130795251,2020-05-31T16:17:48Z,"","Purple Music",0.765,0.838,4,-8.924,0,0.0496,0.0718,0.738,0.0619,0.205,123.988,4
spotify:track:0QMrR7L9dHvUnE1zYZhWNE,"Diamond Life (feat. Julie McKnight) - Richard Earnshaw Remix","Diamond Life (feat. Julie McKnight)","Louie Vega;Jay Sinister Sealee;Julie McKnight;Richard Earnshaw",2002-10-01,463426,0,false,1130795251,2020-05-31T16:17:57Z,"chicago house,deep house,latin house,house,disco house,funky house,jazz house","4 To The Floor Records",0.811,0.63,1,-7.378,0,0.0747,0.015,0.00765,0.0186,0.729,127,4
spotify:track:5FyXdbqjdcmKa6txTW0M6y,"We Are on the Move - Joey Negro Revival Mix","Joey Negro's 2014 Essentials","Zo!;Erro & Phonte;Dave 'Love' Lee",2014-12-08,425365,0,false,1130795251,2020-05-31T16:19:46Z,"neo soul,disco house,nu disco,funky house,disco","Z Records",0.798,0.706,2,-5.748,1,0.0425,0.00335,0.175,0.0409,0.85,122.99,4
spotify:track:575jFHHZ4nwnbagu8wx58e,"Free As The Morning Sun - Haji & Emanuel Remix","Free As The Morning Sun","Mr Hermano",2005-06-01,485826,5,false,1130795251,2020-05-31T16:19:59Z,"brazilian jazz,nu jazz","Soul Love",0.614,0.914,2,-6.868,1,0.0472,0.00104,0.202,0.154,0.621,126.002,4
spotify:track:2A0BjaeCtJHKpYDoOJtfSN,"Projections","Projections EP","Henry Wu;Earl Jeffers",2018-03-23,439342,0,false,1130795251,2020-05-31T16:20:41Z,"nu jazz","MCDE Recordings",0.896,0.964,1,-6.461,1,0.0807,0.0121,0.109,0.191,0.847,121.961,4
spotify:track:3hl5B6GYsN4K5sjfQvx8JD,"Outro lugar","Brasil","Salomé de Bahia",2007-01-01,418280,0,false,1130795251,2020-05-31T16:20:45Z,"latin house","Yellow productions",0.743,0.941,4,-5.23,0,0.0419,0.0172,0.0155,0.0394,0.723,128.002,4
spotify:track:6Blq98y6ufdpWqd7AFVkp3,"Angel - DJ Spen & Gary Hudgins Long Version","Quantize Summer Sampler 2017","Liquideep;Gary Hudgins;DJ Spen",2017-08-18,550243,15,false,1130795251,2020-05-31T16:20:51Z,"house,nu disco,disco house,funky house,chicago house,deep house","Quantize Recordings",0.812,0.539,4,-7.846,0,0.0705,0.00133,0.000171,0.042,0.712,123.018,4
spotify:track:6r0Ryr7Retl1BpvBDmgAGD,"Ready 2 Wear","Devin Dazzle & The Neon Fever","Felix Da Housecat",2017-09-29,221666,0,false,1130795251,2020-05-31T16:21:12Z,"electroclash,chicago house,acid house","Founders of Filth",0.645,0.706,0,-8.042,0,0.0277,0.101,0.000769,0.125,0.797,125.924,4
spotify:track:2ytqms9uZWXbZfXC0r2yKF,"Beautiful People - Original Club Mix","The Masquerade (Mixed by Claptone)","Barbara Tucker",2016-10-28,568293,0,false,1130795251,2020-05-31T16:21:34Z,"chicago house,house,funky house,rally house","Defected Records",0.798,0.768,7,-6.722,1,0.127,0.0302,0.00000819,0.214,0.595,123.864,4
spotify:track:2vhLsN2p6FHPPm4LfEBB3N,"Pasilda - Knee Deep Club Mix","Pasilda (Extended Versions)","Afro Medusa;Knee Deep",1999,426000,52,false,1130795251,2020-05-31T16:21:58Z,"latin house,afro house,house,funky house,disco house,deep house","Armada Music",0.711,0.604,5,-8.675,0,0.0532,0.000882,0.818,0.0859,0.526,127.001,4
spotify:track:2R6UCilbfp3Cd1kiPK1OkX,"Mar Afunda - Bonobo Remix","Bottletop Presents Sound Affects: Brazil","Os Novos Crioulos",2003,284040,13,false,1130795251,2020-05-31T16:22:20Z,"","Mr Bongo",0.838,0.916,6,-10.662,0,0.044,0.0163,0.441,0.0698,0.934,94.994,4
spotify:track:1fIZzCIwKKGBRDkLA8VukW,"LK","In Rotation","DJ Marky;XRS;Stamina MC",2004-03-22,329746,0,false,1130795251,2020-05-31T16:23:54Z,"liquid funk,drum and bass,jungle","Innerground",0.655,0.936,8,-6.455,0,0.0628,0.0116,0.293,0.209,0.965,174.006,4
spotify:track:5YEyVo0XebEitdEPRVdtGb,"Special","Monster Munch EP","Chesus",2013-01-25,428272,0,false,1130795251,2020-05-31T16:25:14Z,"disco house,funky house","Local Talk",0.813,0.473,11,-8.401,0,0.179,0.00627,0.0139,0.0805,0.533,125.001,4
spotify:track:2lnR9KDbDiDrX9bkmgsD8s,"Cerca de Mi - Nico's Mix","Cerca de Mi","Louie Vega;Raul Midón",2003-04-16,632000,20,false,1130795251,2020-05-31T16:26:26Z,"chicago house,deep house,latin house,house,disco house,vocal jazz","Vega Records",0.655,0.723,9,-10.985,0,0.0529,0.0103,0.833,0.105,0.589,127.019,4
spotify:track:6miAOz48VVsTY6uALAclt7,"Up & Down (NYC 91 Mix)","Up & Down (feat. Kaleta)","Bosq;Kaleta",2013-06-04,470000,0,false,1130795251,2020-05-31T16:34:14Z,"disco house,nu disco,funky house","Ubiquity Recordings, Inc.",0.808,0.832,10,-7.806,0,0.0484,0.0682,0.889,0.119,0.881,128.499,4
spotify:track:1UVdbTYHBMJYdyjksONQhV,"Lose My Worries - Louis Benedetti Vocal Mix","Lose My Worries, Pt. 2","Inaya Day;Ralf Gum;Louis Benedetti",2011-03-07,475975,11,false,1130795251,2020-05-31T16:36:00Z,"funky house,deep house,jazz house,house","GOGO Music",0.864,0.696,11,-7.134,0,0.0639,0.00186,0.0725,0.0396,0.892,124.991,4
spotify:track:5u0xcIyQFAfDy5PbEfnhsy,"Elements Of Life","Elements Of Life","Louie Vega;Elements Of Life;Blaze",2020-05-29,501306,30,false,1130795251,2020-06-01T08:39:15Z,"chicago house,deep house,latin house,house,disco house,jazz house,funky house","Vega Records",0.653,0.898,2,-8.118,1,0.0423,0.0394,0.162,0.0817,0.799,125.94,4
spotify:track:3iJGrfXRepS04IiZP3VBUp,"Dreaming a Dream - Goes Dancin' Mix","Dreaming a Dream: The Best of Crown Heights Affair","Crown Heights Affair",2015-02-22,421042,0,false,1130795251,2020-06-04T21:09:07Z,"post-disco,disco","Sanctuary Records",0.525,0.554,10,-12.765,0,0.0513,0.000184,0.0765,0.0563,0.542,122.185,4
spotify:track:0baHmScZuO8t7aQyBiih2f,"As The Sun","Back To Bahia","John Beltran",2020-05-12,312389,42,false,1130795251,2020-06-05T09:55:13Z,"jazz house,idm,ambient","MotorCity Wine Recordings.",0.751,0.893,7,-10.551,1,0.0398,0.031,0.873,0.1,0.938,126.029,4
spotify:track:3rfu9TH3F3yAk0Ti0JGisG,"Barely Breaking Even - Louie Vega Boogie Mix","Barely Breaking Even","Louie Vega;Leroy Burgess;Universal Robot Band;Patrick Adams",2019-09-27,478893,24,false,1130795251,2020-06-10T20:21:08Z,"chicago house,deep house,latin house,house,disco house,nu disco,post-disco,funky house,disco","BBE Music",0.78,0.741,4,-7.917,0,0.165,0.0238,0.0000331,0.0321,0.68,113.987,4
spotify:track:2RS2TCFLQND9oMQT0u9opw,"Runaway","Nuyorican Soul","Nuyorican Soul;India",1997-01-01,472506,0,false,1130795251,2020-06-12T21:14:23Z,"acid jazz","Talkin' Loud",0.763,0.797,0,-9.231,1,0.0526,0.00482,0.0461,0.29,0.693,110.03,4
spotify:track:1gvYr8snascDlxWrQZ53U1,"Mi Gente (Louie Vega EOL Remix)","I Like It Like That Fania Remixed","Héctor Lavoe",2008-05-06,695920,0,false,1130795251,2020-06-12T21:21:04Z,"salsa,merengue,son cubano,bolero","Emusica Records LLC",0.68,0.893,10,-5.623,0,0.0599,0.0171,0.0393,0.0631,0.709,123.021,4
spotify:track:5MPpG8Z31ys5BanX8ug7El,"Dance - Louie Vega Dance Ritual Mix","Dance","3 Winans Brothers;The Clark Sisters",2015-04-20,569724,32,false,1130795251,2020-06-12T21:26:56Z,"gospel,traditional gospel","Vega Records",0.874,0.717,1,-6.256,1,0.0354,0.0212,0.00725,0.0923,0.61,120.021,4
spotify:track:0UgQw8fIQpcAhEhjyfAZZJ,"We Have All The Time","Edits By Mr K. - Sampler #3","Milton Hamilton",1976,444893,0,false,1130795251,2020-06-16T13:08:57Z,"rocksteady,disco,post-disco","Strut",0.521,0.823,5,-7.604,1,0.0369,0.000571,0.022,0.351,0.802,130.844,4
spotify:track:1Qqw37IqvMBt2CfGwVLgp3,"Sunny - Original Mix","Sunny","Conclave",2020-03-24,594546,0,false,1130795251,2020-06-16T13:10:42Z,"","Most Excellent Unlimited Recordings",0.837,0.525,11,-10.198,0,0.252,0.0932,0.0682,0.0737,0.623,118.03,4
spotify:track:7HmBJpem7AMiUPDQh8HtU4,"Come With Me - Master At Work Remix","Explorations - Classic Picante Regrooved, Vol. 1","Tania Maria",2006-01-01,496426,16,false,1130795251,2020-06-17T18:39:39Z,"brazilian jazz,latin jazz,bossa nova,jazz funk","Concord Picante",0.769,0.843,4,-8.998,0,0.0726,0.00953,0.0459,0.12,0.79,120.024,4
spotify:track:65rGiea0RryhxAeBxRizmb,"Into My Life (You Brought The Sunshine) - Louie Vega Dub Mutes Mix","Into My Life (You Brought The Sunshine)","Elements Of Life;Lisa Fischer;Cindy Mizelle;Louie Vega",2018-12-10,386518,2,false,1130795251,2020-06-25T09:33:19Z,"jazz house,quiet storm,chicago house,deep house,latin house,house,disco house","Vega Records",0.878,0.469,2,-8.333,1,0.0549,0.0152,0.729,0.112,0.527,121.001,4
spotify:track:041mn3uFmaPY0b6Vmy657r,"There's Never Been No One Like You (feat. Bobby Youngblood) - Medlar Edit","West End Edits: Medlar","Kenix;Bobby Youngblood;Medlar",2017-04-21,444047,0,false,1130795251,2020-06-27T22:54:27Z,"disco,disco house","West End Records",0.945,0.681,5,-5.908,0,0.185,0.217,0.000992,0.0647,0.629,125.011,4
spotify:track:6WnREk9KkTTHo7klXZFlsH,"Nos Vida - Masters At Work Remix","Elements of Life Extensions","Louie Vega;Elements Of Life;Anane;Masters At Work",2020-06-12,292160,9,false,1130795251,2020-07-05T15:09:12Z,"chicago house,deep house,latin house,house,disco house,jazz house,uk funky,ballroom vogue","Vega Records",0.422,0.931,0,-9.039,1,0.046,0.137,0.801,0.0836,0.957,126.985,4
spotify:track:5PitqmqwYECoO4owwePBpM,"Backfired - Joey Negro Club Mix","20 Years of Joey Negro","Masters At Work;Dave 'Love' Lee",2010-06-28,517919,0,false,1130795251,2020-07-08T13:04:40Z,"ballroom vogue,chicago house,disco house,nu disco,funky house,disco","Z Records",0.722,0.876,9,-5.381,0,0.0491,0.00567,0.0972,0.0465,0.828,127.5,4
spotify:track:4QMUXDddGlxJNQREVHOv5m,"Let It Go (with Marc E. Bassy) - Extended Mix","Let It Go (with Marc E. Bassy)","Louie Vega;The Martinez Brothers;Marc E. Bassy",2020-07-10,458866,0,false,1130795251,2020-07-12T14:58:14Z,"chicago house,deep house,latin house,house,disco house,tech house","Defected Records",0.749,0.78,10,-8.028,0,0.0764,0.0107,0.46,0.0678,0.743,130.007,4
spotify:track:4qtJdIL7V1LuOl6LQ3UXoK,"Don't Change - Joey Negro Club Mix","Glitterbox - This Ain't No Disco","Erro;Dave 'Love' Lee",2018-06-08,501411,0,false,1130795251,2020-07-14T13:52:57Z,"chicago house,disco house,nu disco,funky house,disco","Glitterbox Recordings",0.737,0.763,7,-6.068,1,0.0462,0.000351,0.036,0.218,0.902,127.498,4
spotify:track:2zRIMJL0Rrggqa0YwTCNWl,"Give Me the Night (feat. Xantone Blacq)","Give Me the Night","Juan Laya;Jorge Montiel;LCO;Xantoné Blacq",2019-10-25,258826,8,false,1130795251,2020-07-26T14:37:02Z,"nu disco","Imagenes",0.759,0.695,10,-8.227,0,0.0497,0.136,0.000157,0.0572,0.962,117.978,4
spotify:track:6JZOtTDv2uJxPZOf3NosAc,"You Got It - Original Mix","You Got It","Randee Jean",2013-03-11,365247,23,false,1130795251,2020-09-14T12:52:53Z,"jazz house","Clone Royal Oak",0.787,0.677,7,-10.8,1,0.054,0.0347,0.762,0.151,0.45,119.98,4
spotify:track:5KcrPjLLh79fdGp7ahgRhx,"Over You","House of EFUNK Sound of 3019","Scott Grooves;Thornetta Davis",2019-12-13,395438,12,false,1130795251,2020-11-20T22:35:03Z,"french house","House of EFUNK Records",0.7,0.84,10,-10.693,0,0.0465,0.0733,0.000477,0.0627,0.609,124.027,4
spotify:track:5WUFHsHalXJth7oBEZ3pPl,"Don't Be Afraid","Transition","DJ Spen;Ziggy Funk;Gary Hudgins",2015-01-02,373925,36,false,1130795251,2020-12-02T10:06:03Z,"disco house,funky house,chicago house,deep house,jazz house,nu disco","Quantize Recordings",0.794,0.691,5,-8.898,0,0.0535,0.0986,0.0514,0.567,0.878,125.026,4
spotify:track:2E3J6m0Q4uyKC2eMVonWfC,"Entardecer","Back To Bahia","John Beltran",2020-05-12,326986,34,false,1130795251,2020-12-02T10:57:32Z,"jazz house,idm,ambient","MotorCity Wine Recordings.",0.85,0.696,10,-7.92,0,0.0628,0.0436,0.68,0.0802,0.504,99.999,4
spotify:track:0LdDmswxKjgtXOIUB9WdJZ,"Earth Is The Place - Restless Soul Peaktime Mix","Earth Is The Place","Nathan Haines;Verna Francis;Restless Soul",2018-01-26,409026,0,false,1130795251,2021-02-23T08:07:01Z,"jazz house,nu jazz,northern soul,uk funky,funky house","Foliage Records",0.856,0.698,1,-9.487,0,0.0563,0.0388,0.018,0.0473,0.92,124.009,4
spotify:track:2f5Bugklsz4xDQPjSPu1Sh,"So Tired of Waiting - Restless Soul Peak Time Mix","So Tired of Waiting","Bah Samba",1998-09-07,439240,0,false,1130795251,2021-03-05T17:02:11Z,"latin house","Loaded Records",0.804,0.529,8,-17.623,1,0.0484,0.0789,0.931,0.086,0.716,124.729,4
spotify:track:47GDFtRowhLKMzL7jLtqok,"Right by Your Side - Restless Soul Aquarius Mix","The Remixes","Nathan Haines;Marcus Begg;Vanessa Freeman;Restless Soul",2018-02-09,583013,0,false,1130795251,2021-03-05T17:37:32Z,"jazz house,nu jazz,uk funky,funky house","Papa Records",0.714,0.769,1,-6.63,1,0.0735,0.0337,0.153,0.099,0.788,126.046,4
spotify:track:6G3sDvJZ2Lsa4Uy5FSYnQo,"Morris - Phil Asher Mix","1996 - 2006 The House Album","Bah Samba;Phil Asher",2006-09-11,621080,3,false,1130795251,2021-03-05T17:50:03Z,"latin house,nu jazz","BKO Productions Ltd",0.764,0.817,9,-8.017,0,0.056,0.00548,0.00261,0.681,0.766,122.976,4
spotify:track:1R77VdFPR6pvoXKjvuqmOC,"Beau Mot Plage - Freeform Reform Pts. 1 & 2","Beau Mot Plage","Isolée",1999-01-01,638432,0,false,1130795251,2021-03-10T10:15:43Z,"idm,minimal techno","4 To The Floor Records",0.783,0.786,7,-10.966,1,0.0623,0.0435,0.872,0.375,0.822,127.991,4
spotify:track:3lVQjR2V8Zjz1thimpgor8,"Into My Life - Roots Mix","Timeless Vol. 4","Elements Of Life;Lisa Fischer",2014-06-11,577426,20,false,1130795251,2021-03-10T16:25:47Z,"jazz house,quiet storm","Vega Records",0.803,0.727,11,-6.586,0,0.047,0.0196,0.00014,0.0664,0.741,121.006,4
spotify:track:2IkR3zKLZYWjNVD8yEnycC,"Star - Rocco Underground Mix","Star (Remixes)","Reel People;Tony Momrelle;Rocco",2010-02-01,475431,0,false,1130795251,2021-03-15T11:30:47Z,"acid jazz,funky house","Reel People Music",0.798,0.592,10,-11.16,0,0.0519,0.0589,0.148,0.114,0.474,126.004,4
spotify:track:3S1Qd2Zv1a66607xIgSanN,"Ain't No Place feat. Leon Neal - Original Mix","Danny Krivit Celebrates A Decade Of 718 Sessions","Digital Soul",2012-12-03,343800,0,false,1130795251,2021-03-15T11:49:12Z,"","Nervous Records",0.7,0.758,11,-11.159,0,0.0949,0.0279,0.00644,0.0565,0.635,125.275,4
spotify:track:5QMaIMvIeguR8Jl4nYjlb1,"Parisian Soul - Ian Pooley Remix","Parisian Soul","Oscar;Ian Pooley",2003-06-05,419146,4,false,1130795251,2021-03-17T15:02:14Z,"jazz house,french house","Denote",0.803,0.826,11,-8.333,0,0.0403,0.0145,0.697,0.0374,0.839,129.995,4
spotify:track:2qKrbQURC1w65enpTIopV0,"Love It - Phil Asher's Restless Soul Vocal Mix","Love It","BSTC;JL;Phil Asher",2010-04-19,554268,0,false,1130795251,2021-03-19T16:04:31Z,"uk funky,nu jazz","Reel People Music",0.773,0.717,10,-9.391,0,0.0538,0.00024,0.436,0.0747,0.516,123.004,4
spotify:track:51UdJHUw4C6dtLf91ue6dM,"Parribean Disco","The First EP Series","Cotonete;Dimitri From Paris",2018-11-30,483319,34,false,1130795251,2021-03-24T11:18:55Z,"disco house,nu disco,french house,funky house,disco","Heavenly Sweetness",0.693,0.88,5,-7.626,0,0.0488,0.000149,0.637,0.0358,0.722,124.986,4
spotify:track:5VWIZjWJ2469adUqQFi4sg,"Elegua - The Opener - Tribe Vocal Mix","Omo Chango","Zepherin Saint;Amma Whatt",2021-01-22,539964,9,false,1130795251,2021-03-24T11:19:07Z,"","Tribe Records",0.606,0.932,0,-6.98,1,0.0535,0.0893,0.423,0.15,0.653,125.006,4
spotify:track:4aDPc7r6IAmtUxegMzg5dO,"I Got Somebody New - MAW Mix","I Got Somebody New (Remixes)","George Levin;Masters At Work",2003-01-01,563164,16,false,1130795251,2021-03-24T18:55:43Z,"ballroom vogue,chicago house","MAW Records",0.74,0.793,4,-6.819,0,0.0431,0.0161,0.826,0.101,0.867,126.997,4
spotify:track:3U7kzkEX2rr6Ci23FPYD7C,"Asking Eyes - Phil Asher's West Ten Mix","Asking Eyes","Da Lata;Phil Asher",2016-08-26,520260,0,false,1130795251,2021-03-29T19:36:34Z,"downtempo,nu jazz","Agogo Records",0.701,0.835,5,-7.613,1,0.0537,0.00105,0.901,0.035,0.891,121.999,4
spotify:track:6TZ3qj57osrFUnbW4dl4pd,"Morris - Phil Asher Mix","Beach Party Dance Mix Album","Bah Samba;Phil Asher",2008-06-23,260063,7,false,1130795251,2021-03-29T19:36:56Z,"latin house,nu jazz","BKO Productions Ltd",0.713,0.817,9,-9.707,0,0.0654,0.00472,0.00171,0.26,0.822,125.533,4
spotify:track:6fixYiG1pdPQyoHhJEmxTk,"He Is - Joey Negro Club Mix","The Remixes","The Sunburst Band;Dave 'Love' Lee",2009-07-13,373775,0,false,1130795251,2021-03-29T19:39:05Z,"disco house,nu disco,funky house,disco","Z Records",0.723,0.834,2,-5.664,0,0.0357,0.00124,0.598,0.357,0.83,125.985,4
spotify:track:2lcD1C90DkZEynlx7l28Ck,"People Need People","People Need People","Nicola Conte;Gianluca Petrella;Davide Shorty",2021-02-26,258337,21,false,1130795251,2021-04-01T11:22:59Z,"nu jazz,acid jazz,bossa nova,brazilian jazz,latin jazz,ambient jazz,jazz rap","Schema Records",0.687,0.897,9,-7.188,1,0.0437,0.0827,0.000785,0.0927,0.911,120.015,4
spotify:track:3wMAFRcNLybj7YjeTuhXtJ,"You Can Do It (Baby) - Full Version","Nuyorican Soul","Nuyorican Soul;George Benson",1997,523133,14,false,1130795251,2021-04-01T21:44:18Z,"acid jazz,smooth jazz,yacht rock,jazz funk,soul jazz","UMC (Universal Music Catalogue)",0.572,0.546,4,-9.777,0,0.0624,0.343,0.111,0.0902,0.344,120.682,4
spotify:track:0IRnnh9RbdiQITqfmr9gsf,"Los Conquistadores Chocolates - Moplen Dizco Delight Part 2","Los Conquistadores Chocolates (Moplen Remixes)","Johnny ""Hammond"" Smith;Moplen",2020-05-29,480840,5,false,1130795251,2021-04-03T20:01:29Z,"jazz funk,soul jazz,jazz fusion,acid jazz,nu disco,disco house,funky house","High Fashion Music",0.665,0.894,7,-9.032,1,0.0381,0.0136,0.496,0.0548,0.593,124.999,4
spotify:track:1AusGRo7tnp8fwC0sJ9a0s,"Los Conquistadores Chocolates - Moplen Dizco Delight Part 1","Los Conquistadores Chocolates (Moplen Remixes)","Johnny ""Hammond"" Smith;Moplen",2020-05-29,525120,6,false,1130795251,2021-04-03T20:01:33Z,"jazz funk,soul jazz,jazz fusion,acid jazz,nu disco,disco house,funky house","High Fashion Music",0.648,0.888,7,-9.149,1,0.0417,0.0277,0.472,0.0801,0.414,125.005,4
spotify:track:6YVGUkxY96anIW97oEcc5s,"Ubatuba - Roots Mix","10 Years Of NuLu","Louie Vega;Agev Munsen;Anane;BSC",2019-04-05,568690,8,false,1130795251,2021-04-08T10:25:54Z,"chicago house,deep house,latin house,house,disco house,uk funky","NuLu Music",0.746,0.905,9,-6.076,1,0.0477,0.0333,0.821,0.0651,0.925,126.008,4
spotify:track:0wHRXXLsWPJLlJQZgv1s0W,"Think Twice - Henrik Schwarz Remix","Think Twice (Remixes)","The Detroit Experiment;Henrik Schwarz",2009-02-20,449080,30,false,1130795251,2021-04-08T12:25:56Z,"jazz house,nu jazz","Juno",0.778,0.623,11,-9.123,1,0.0324,0.274,0.868,0.081,0.789,122.029,4
spotify:track:59dvQDExunX9xvgKtiVY5E,"Copa Cabana - Mark Grusane Edit","The Real Sound of Mark Grusane","Frank Pellico;Mark Grusane",2018-01-26,374779,0,false,1130795251,2021-04-08T20:30:34Z,"chicago house,acid house","BBE Music",0.574,0.809,0,-8.131,0,0.105,0.095,0.0000437,0.0963,0.873,123.803,4
spotify:track:6SIBy1Jh77IPj2kMV1JGRA,"Light You Up (feat. Queen Rose & Amy Douglas) - Louie Vega Remix","Light You Up (feat. Queen Rose & Amy Douglas) [Louie Vega Remix]","Luke Solomon;Amy Douglas;Queen Rose;Louie Vega",2018-07-06,281085,0,false,1130795251,2021-04-08T20:30:45Z,"disco house,nu disco,funky house,southern gospel,chicago house,deep house,latin house,house","Classic Music Company",0.773,0.899,1,-7.192,1,0.0359,0.0103,0.132,0.0636,0.97,123.011,4
spotify:track:21FMo5DDrZakHvIjrp5hSy,"Slap","The Sound Of Mercury Rising Vol. II","Das Komplex",2019-09-27,252015,0,false,1130795251,2021-04-08T20:33:20Z,"","Pikes Records",0.737,0.824,7,-7.115,1,0.0376,0.00151,0.847,0.0862,0.742,105.998,4
spotify:track:1VrHx9HWrRNz0CJVUyQwz2,"Cerca de Mi - Shelter Ritual Mix","Cerca de Mi","Louie Vega;Raul Midón",2003-04-16,535626,8,false,1130795251,2021-04-08T20:43:27Z,"chicago house,deep house,latin house,house,disco house,vocal jazz","Vega Records",0.666,0.656,9,-12.793,0,0.049,0.00985,0.776,0.0552,0.549,127.056,4
spotify:track:3EoeLDQ0UFIJi4cb8piW4M,"Do You Believe","Pacific Standard Time","Poolside",2012-07-09,254716,0,false,1130795251,2021-04-08T20:46:18Z,"nu disco","Day & Night Recordings",0.756,0.855,9,-5.057,0,0.0441,0.00537,0.749,0.0698,0.872,103.997,4
spotify:track:1LO5z5jechg4vHZ5wzatv2,"Always There - David Morales Remix","Best Of Incognito","Incognito",2000-01-01,216533,0,false,1130795251,2021-04-08T20:47:32Z,"acid jazz,jazz funk,smooth jazz","Verve",0.721,0.726,1,-8.675,1,0.0345,0.0115,0.00176,0.343,0.402,115.065,4
spotify:track:3uKpMhOtC66WWdg5GcMcU5,"Special Love - Micky More & Andy Tee Jazzy Dub","Special Love (Micky More & Andy Tee Mixes)","Jestofunk;Jocelyn Brown;Micky More & Andy Tee",2018-06-04,440667,25,false,1130795251,2021-04-13T10:51:13Z,"acid jazz,jazz funk,nu jazz,nu disco,disco house,funky house","Groove Culture",0.67,0.897,5,-5.669,1,0.0429,0.000397,0.254,0.0311,0.591,120.003,4
spotify:track:4RZ9wm1BS1tGWrb4xbFGPZ,"Inspiration","The Collection","Arnold Jarvis",2001-01-01,377693,20,false,1130795251,2021-04-17T12:33:31Z,"chicago house,funky house","MFL",0.752,0.889,1,-6.047,1,0.0821,0.0172,0.0413,0.0474,0.382,122.49,4
spotify:track:47iZ9wPbM4VA84nn87qi9o,"I'll Be Around","I'll Be Around","Donni 1;Simon Grey;Doug Parkinson",2021-03-18,258532,4,false,1130795251,2021-04-20T08:46:50Z,"funky house","Issamin",0.734,0.906,9,-4.392,0,0.0705,0.101,0.000853,0.305,0.774,122.998,4
spotify:track:0bhVEuU9Id0wXSm0V4JNmR,"Corcovado - Knee Deep Remix / Ben Watt Vocal Re-Edit","Adapt Or Die - 10 Years Of Remixes","Everything But The Girl;Sebastian Doering;Torsten Freese;Simon Grey",2005-01-01,380320,17,false,1130795251,2021-04-20T08:47:49Z,"funky house","Virgin Records",0.646,0.902,8,-5.41,0,0.0317,0.000682,0.663,0.0208,0.888,126.004,4
spotify:track:1hUKvzRodaZAlmobXzwVhN,"Bourgie', Bourgie' - Dance Ritual Dub","Bourgie', Bourgie'","John Davis & The Monster Orchestra;Dance Ritual",2016-10-28,512241,6,false,1130795251,2021-04-20T09:01:36Z,"disco,philly soul,post-disco","Nurvous Records",0.839,0.655,1,-5.925,0,0.0322,0.00166,0.603,0.285,0.516,120.004,4
spotify:track:6iYvHcQJK27an8NCwAiyyS,"Let the Drum Remind You (Kai Alcé Remix)","Let the Drum Remind You (Kai Alcé Remix)","Mausiki Scales",2020-04-26,425000,3,false,1130795251,2021-04-20T13:28:59Z,"jazz funk,acid jazz","Tippin' da Scales Music",0.839,0.683,11,-9.674,0,0.0928,0.00308,0.662,0.121,0.894,120.007,4
spotify:track:7GHHZJ0tQu4SVSzvAKus6R,"I Believe In Miracles - Broken Party Animal Mix","I Believe In Miracles","Sunlightsquare",2010-02-22,289849,35,false,1130795251,2021-04-20T13:39:37Z,"latin house","Sunlightsquare Records",0.769,0.867,0,-6.016,0,0.0413,0.0265,0.419,0.0244,0.96,113.005,4
spotify:track:5FqKVL72KUO2vKM6nxcQYd,"Think Twice - Mark E Remix","Think Twice (Remixes)","The Detroit Experiment;Mark E",2009-02-20,578013,16,false,1130795251,2021-04-20T13:39:54Z,"jazz house","Juno",0.68,0.438,1,-13.432,1,0.0407,0.106,0.934,0.103,0.142,114.993,4
spotify:track:1PrrP9oAtJTmNJDHWrctY5,"It's Yours (feat. E-Man) - Distant Music Mix","It's Yours (feat. E-Man)","Jon Cutler;E-Man",2018-08-03,428254,0,false,1130795251,2021-04-20T13:41:25Z,"funky house,disco house,chicago house","4 To The Floor Records",0.902,0.842,10,-6.956,1,0.118,0.068,0.139,0.1,0.671,126.004,4
spotify:track:3qgspP1Yhdw8M6GHMEZLCA,"Rocket Love - Louie Vega Remix","Nothing But... Soulful House Flavours, Vol. 15","Sean McCabe;Dannis Winston;Louie Vega",2019-06-21,517014,0,false,1130795251,2021-04-25T11:29:13Z,"uk funky,funky house,chicago house,deep house,latin house,house,disco house","Nothing But",0.751,0.866,6,-7.359,1,0.0302,0.0105,0.000559,0.0414,0.707,123.506,4
spotify:track:5vhNn6ZfEXbFMw0qR6Grpn,"Walking Away","Walking Away","Loods",2019-07-12,181426,0,false,1130795251,2021-04-26T16:30:27Z,"","Classic Music Company",0.671,0.872,9,-7.095,1,0.0402,0.000814,0.102,0.352,0.725,127.988,4
spotify:track:1PH8at6E0jy3rFPH66aH9m,"Back Together (feat. Ron Carroll) - Classic Mix","Back Together (feat. Ron Carroll)","Hardsoul;Ron Carroll",2003-08-29,502286,0,false,1130795251,2021-04-29T20:30:46Z,"","Soulfuric Recordings",0.767,0.73,9,-7.93,1,0.0567,0.0946,0.000328,0.645,0.832,121.008,4
spotify:track:0DaiVUyyZURD3s9nvVKdJc,"On The Road - Vocal Mix","On The Road","The Realm;Atjazz;Kelli Sae",2021-01-29,479069,8,false,1130795251,2021-05-10T11:18:17Z,"jazz house,nu jazz,deep house,acid jazz,nu disco,disco house,funky house","Foliage Records",0.739,0.925,11,-9.84,1,0.0425,0.0265,0.899,0.072,0.44,121.999,4
spotify:track:51K9j1NtjBPDilc4zdIjOn,"Magic","Solitaire","Sean Oliver",2014-10-09,296280,16,false,1130795251,2021-05-17T16:12:51Z,"","Boomtang Records",0.775,0.479,10,-14.867,0,0.0312,0.0275,0.0000909,0.0971,0.824,109.037,4
spotify:track:7zgMACTmUIhH20U56icr4c,"Asking Eyes","Jungle Kitten / Asking Eyes","Da Lata",2021-05-07,301344,2,false,1130795251,2021-05-24T20:09:01Z,"downtempo","Da Lata Music",0.646,0.832,5,-9.966,1,0.0479,0.199,0.701,0.128,0.713,120.034,4
spotify:track:4DU9rzgRaYPDrdrWieP5Ko,"Want You In My Soul - Club Mix","Want You In My Soul (Remixes)","Lovebirds;Stee Downes",2015-03-30,497521,0,false,1130795251,2021-06-02T19:44:45Z,"deep house,nu disco","Universal-Island Records Ltd.",0.746,0.676,3,-6.293,0,0.0416,0.0595,0.000326,0.067,0.466,121.017,4
spotify:track:7GxJOGrNhObuU7D3JowwyR,"Brand New Feeling - Phil Asher Main Mix","Virgin Ubiquity: Remixed","Roy Ayers;Merry Clayton;Sylvia Cox;Phil Asher",2018-12-01,510280,12,false,1130795251,2021-06-14T11:08:38Z,"jazz funk,acid jazz,funk,classic soul,nu jazz","BBE Music",0.756,0.62,10,-10.28,0,0.0535,0.000554,0.732,0.0709,0.964,126.022,4
spotify:track:1MRELzcN6yjt1vPOqij9Bj,"Let the Drums Speak - Phil Asher Mix","Beach Party Dance Mix Album","Bah Samba;Fatback Band;Phil Asher",2008-06-23,564493,21,false,1130795251,2021-06-15T13:06:33Z,"latin house,funk,post-disco,jazz funk,nu jazz","BKO Productions Ltd",0.722,0.83,7,-9.396,1,0.0542,0.00864,0.77,0.268,0.916,125.437,4
spotify:track:3WfuCsVqoPZqD5Xz1t8QrU,"We Are on the Move - Joey Negro Revival Mix","Joey Negro's 2014 Essentials","Zo!;Phonte;Erro;Dave 'Love' Lee",2014-12-08,425365,32,false,1130795251,2021-06-15T11:35:42Z,"funky house,neo soul,chicago house,disco house,nu disco,disco","Z Records",0.798,0.705,2,-5.748,1,0.0426,0.00338,0.175,0.0409,0.848,122.99,4
spotify:track:6HjdHMNIFf6OLGE14LfqWW,"Momma's Groove - Jimpster's Hip Replacement Mix","Momma's Groove","Osunlade;Jimpster",2008-08-25,453973,0,false,1130795251,2021-06-15T13:10:33Z,"deep house,afro house","Strictly Rhythm Records",0.847,0.672,7,-7.997,1,0.0996,0.0273,0.86,0.0745,0.605,123.442,4
spotify:track:0c9ZKTNPJZTRvwv4wBma7t,"Tree of Life","Family Sampler","Osunlade",2001-01-05,335896,0,false,1130795251,2021-06-20T19:50:02Z,"deep house,afro house","Versatile Records",0.836,0.573,6,-12.221,1,0.0785,0.00608,0.0373,0.059,0.732,122.017,4
spotify:track:0fmdJ1YLOeeYb30RzXhObS,"The Power","Collection 1999-2011","Karizma",2012,515039,30,false,1130795251,2021-06-21T11:30:53Z,"uk funky,ballroom vogue,baltimore club,house","R2 Records",0.808,0.948,6,-7.533,0,0.0415,0.000412,0.925,0.043,0.758,124.997,4
spotify:track:23LK8pl0YD7Cq1CKbFwhGY,"I Got Love - Lenny Fontana’s True House Stories Radio Edit","I Got Love (The Remix Radio Edits)","Lomax (CH);Michael Procter;Lenny Fontana;True House Stories",2021-05-21,211000,0,false,1130795251,2021-06-22T19:36:49Z,"disco house,renaissance,funky house","Quantize Recordings",0.806,0.891,5,-4.088,0,0.0292,0.00475,0.0451,0.0533,0.788,120.034,4
spotify:track:3uDrmBpnK8eQNHiv7QOqgJ,"One True Light","Truelight - EP","Crazy P",2017-07-14,368150,2,false,1130795251,2021-06-23T13:48:58Z,"nu disco,disco house,funky house","Classic Music Company",0.848,0.673,11,-10.177,0,0.0604,0.0197,0.683,0.0395,0.448,119.989,4
spotify:track:7JoFd7x9L6Ng234K4ZTC4i,"The Light - RP's Club Mix","Play It Like Papa (15 Years of Papa Records 2002 - 2017) [Soul, Broken Beat & Nu Jazz]","Reel People;Vanessa Freeman",2017-11-24,347173,0,false,1130795251,2021-06-29T14:18:03Z,"acid jazz,funky house,nu jazz","Papa Records",0.74,0.747,11,-9.094,1,0.0465,0.0276,0.607,0.162,0.923,119.987,4
spotify:track:32c0Uo9hITRnFqrfrmiQ4f,"Hold It Down - Bugz In The Attic's Co-Operative Mix","Lifestyle2 - Dance Grooves Vol 1 (Budget Version)","4hero",2009-01-01,439346,0,false,1130795251,2021-07-04T14:20:29Z,"acid jazz,nu jazz,jungle,drum and bass,trip hop","Universal Music Group International",0.751,0.691,9,-9.302,1,0.0899,0.000426,0.0368,0.0809,0.806,129.056,4
spotify:track:5gBc3mSHSOquCvd15YweTi,"Love's a Secret Place - M. Chiba Mix 1","Expressions EP","Lee Pearson Jr. Collective;Aki Dawson;Masatoshi Chiba",2016-03-14,430429,0,false,1130795251,2021-07-06T11:02:06Z,"jazz house,lo-fi house","Alleviated Records",0.729,0.842,7,-8.128,0,0.0403,0.0184,0.00112,0.0562,0.971,121.022,4
spotify:track:468C9SvUsVc5o0rFvWJiVD,"Super People","Super People / Papa Was a Rolling Stone","Sunlightsquare",2015-07-31,266980,44,false,1130795251,2021-07-12T15:31:15Z,"latin house","Sunlightsquare Records",0.763,0.774,9,-6.801,0,0.0674,0.204,0.671,0.0734,0.907,126.029,4
spotify:track:2Ndh6Vmxpe6l92XY3qe5yp,"Always There - Late Night Jazz Cafe Always There Live","Live at The Late Night Jazz Cafe","Dee Jay Sound",2021-05-31,478000,7,false,1130795251,2021-07-15T07:50:40Z,"jazz house","FunkHut Records",0.725,0.661,1,-8.171,1,0.117,0.0573,0.167,0.382,0.753,120.009,4
spotify:track:4g38K78R7dkgm5Uz9lgWMn,"Cuba Libre - Cee ElAssaad Remix","Cuba Libre","Angelos;Da Mike;Cristian Vinci;Cee ElAssaad",2021-04-09,447943,0,false,1130795251,2021-07-15T07:59:54Z,"afro tech,afro house,tribal house,latin house,deep house","Nite Grooves",0.719,0.815,7,-7.526,1,0.0491,0.0491,0.901,0.159,0.518,124.006,4
spotify:track:4MyVG83yFTMYiDZFDQkD9B,"Branquinha (Delonte Rivers Remix)","Branquinha (Delonte Rivers Remix)","Soma Soma;Delonte Rivers",2021-05-14,379349,0,false,1130795251,2021-07-15T08:55:00Z,"indie jazz","Mintaka Records",0.618,0.771,1,-8.581,0,0.0386,0.0367,0.504,0.092,0.622,98.987,4
spotify:track:3MUr32NXC2wO7v5iFrluiC,"So Much to Me","Time for a Change","FKJ",2013-07-08,378732,53,false,1130795251,2021-07-15T18:35:30Z,"","Roche Musique",0.782,0.493,5,-8.118,0,0.0476,0.215,0.0000505,0.096,0.354,108.001,4
spotify:track:5KlvbeYiFsveVwPYryZDBu,"Summer Came My Way - Luxxury Club Mix","Summer Came My Way","Greg Wilson;LUXXURY",2015-06-22,557000,36,false,1130795251,2021-07-20T10:02:47Z,"nu disco,indie dance,french house","Super Weird Substance Limited",0.656,0.695,2,-9.985,1,0.0343,0.0109,0.765,0.0798,0.625,105.997,4
spotify:track:78tOoitFZubc7cqn5byXjH,"Ever After (feat. Emily McEwan) - Samba Reprise","Ever After (feat. Emily McEwan)","Rasmus Faber;Emily Mcewan",2003-09-16,215000,21,false,1130795251,2021-07-20T20:27:12Z,"","Farplane Records",0.659,0.92,1,-8.064,1,0.0403,0.539,0.395,0.354,0.891,128.029,4
spotify:track:18K4QBiPysYhk6TLDSgoV7,"Need Me Some U","Brownswood Bubblers Ten (Gilles Peterson Presents)","Paul Hill;K. Dixon P/k/a Moodymann",2013-08-05,311380,0,false,1130795251,2021-07-20T20:28:30Z,"choral","Brownswood Recordings",0.699,0.655,9,-7.865,1,0.0303,0.022,0.00656,0.35,0.383,107.994,4
spotify:track:0qZctuvYFQHOjtKSTlJpbE,"I Am The Black Gold Of The Sun - 4 Hero Remix","Clubbed To Death","Nuyorican Soul",2015-10-09,507760,32,false,1130795251,2021-07-20T20:29:07Z,"acid jazz","UMOD (Universal Music On Demand)",0.423,0.638,8,-7.211,0,0.0387,0.168,0.664,0.141,0.314,114.045,5
spotify:track:4w1GeWu95C7VPGhndOQ0Ck,"Nassau's Discos - Long Version","Nassau's Discos","Muchos Plus",2021-02-05,417250,0,false,1130795251,2021-07-20T20:35:58Z,"","Kalita Records",0.762,0.791,6,-7.56,1,0.038,0.00403,0.0583,0.242,0.827,124.829,4
spotify:track:6IgqbHrfBAomJMmDUpwoYm,"Samba De Flora","Samba De Flora","Airto",1988,376573,33,false,1130795251,2021-07-20T20:46:16Z,"brazilian jazz,latin jazz,jazz fusion","Montuno Records",0.59,0.721,0,-14.078,0,0.0693,0.286,0.0861,0.165,0.804,134.745,4
spotify:track:4qzVfNzC2uKyuQUxOgw88C,"Sunshine Mamma Samba - TOE Remix","Sunshine Mamma Samba (TOE Remix)","The Helmholtz Resonators;TOE",2021-07-23,304695,0,false,1130795251,2021-07-28T13:12:28Z,"","Wormhole Records",0.737,0.868,7,-9.379,1,0.0425,0.002,0.682,0.109,0.0736,114.997,4
spotify:track:5Sq75inr2e6CBcUwLEDbLo,"Days Like This (Spinna & Ticklah Mix)","Shaun Escoffery","Shaun Escoffery",2002,329280,43,false,1130795251,2021-07-30T20:53:12Z,"uk garage,uk funky,funky house","Edsel",0.818,0.594,11,-8.234,0,0.0452,0.00366,0.000208,0.101,0.838,119.867,4
spotify:track:3Y9EyXJVx89MUqotgEf7EA,"Southern Freeez 20+20","Southern Freeez / Variations on a Theeem","John Rocca",2020-06-19,468973,1,false,1130795251,2021-08-01T20:34:06Z,"chicago house,hi-nrg,post-disco","Beggars Banquet",0.747,0.472,7,-13.064,1,0.0395,0.583,0.834,0.0897,0.506,120.007,4
spotify:track:3HhTCLCc1A5VKCqWGPCrfF,"Needin' U - Dimitri From Paris","Needin' U (Dimitri From Paris Remix)","The Face;Mark Brown;Dimitri From Paris",2018-06-08,385219,0,false,1130795251,2021-08-04T20:37:39Z,"funky house,disco house,nu disco,french house,disco","Cr2 Records",0.703,0.803,11,-8.391,1,0.0446,0.00213,0.444,0.312,0.855,124.99,4
spotify:track:4Tv5pXJk79yULMd7gOfxTL,"Sob a Luz Do Sol","A Bossa Elétrica Do Norte","A Bossa Elétrica",2010-09-30,306853,20,false,1130795251,2021-08-01T21:37:09Z,"","Connective Records",0.77,0.763,6,-9.863,0,0.0685,0.25,0.176,0.0676,0.616,101.973,4
spotify:track:6ENUWXy5dWVoQBLn2800BX,"Feel The Real - Micky More & Andy Tee Classic Mix","Feel The Real (Micky More & Andy Tee Remix)","Incognito;Micky More & Andy Tee",2021-02-18,442560,19,false,1130795251,2021-08-04T13:16:06Z,"acid jazz,jazz funk,smooth jazz,nu disco,disco house,funky house","Groove Culture",0.767,0.822,9,-5.232,1,0.0815,0.0243,0.175,0.0505,0.944,122.004,4
spotify:track:1aUmdN5DP8F5gGolbvDRI4,"Elevation - Shelter Vocal","Elevation","Blaze;James Toney Jr. Project",2000-12-18,679181,0,false,1130795251,2021-08-06T10:48:29Z,"chicago house,funky house,disco house,house","Slip 'N' Slide",0.62,0.808,6,-5.835,0,0.028,0.00446,0.722,0.0959,0.546,125.003,4
spotify:track:6LuqpiEEqBBA4YnO8zWsm9,"Star Suite - Shelter Vocal Mix (Mixed)","Mix the Vibe: Danny Krivit - Music Is My Sanctuary (DJ Mix)","Mondo Grosso;Blaze",2001-12-10,804653,0,false,1130795251,2021-08-09T15:26:45Z,"shibuya-kei,city pop,acid jazz,j-r&b,japanese indie,chicago house,funky house,disco house,house","King Street Classics",0.639,0.929,11,-5.918,1,0.0331,0.00171,0.000161,0.651,0.535,124.448,4
spotify:track:2pbSpNqLMubOoH24veRUO5,"Friends (Nail Remix)","Friends (Part 2)","Bent",2020-11-13,322672,4,false,1130795251,2021-08-10T13:06:53Z,"trip hop,downtempo","Godlike & Electric Entertainment LLC",0.798,0.668,11,-7.404,0,0.0675,0.0135,0.00874,0.166,0.785,121.005,4
spotify:track:1SNNKGrHE6YI19vH7eHBof,"Sun After Rain","Sun After Rain","Jitwam;Folamour",2020-12-04,332853,0,false,1130795251,2021-08-22T20:26:59Z,"jazz house,lo-fi house,indie jazz,disco house,funky house","The Jazz Diaries",0.687,0.911,7,-6.955,0,0.0471,0.0211,0.027,0.165,0.638,118.987,4
spotify:track:5cghR5mYwjsDd115WEEhyZ,"Amazing Love - Roots Mix","Amazing Love - Single","Anane",2005-04-05,710160,5,false,1130795251,2021-08-24T11:03:01Z,"uk funky,disco house","Vega Records",0.729,0.744,8,-7.619,1,0.0382,0.242,0.453,0.0616,0.59,120.005,4
spotify:track:2vYK1zzQ9fJ8r764cf8f3J,"Upright Love - Louie Vega Kat Mix","Upright Love","E.O.L. Soulfrito;Louie Vega",2017-07-14,635737,8,false,1130795251,2021-08-24T11:11:36Z,"jazz house,chicago house,deep house,latin house,house,disco house","Vega Records",0.76,0.713,11,-8.702,1,0.0828,0.00714,0.849,0.0843,0.413,124,4
spotify:track:1kgws2l8gsvDhtsVyzWbu9,"Overnight","Overnight","Parcels",2017-06-21,219602,0,false,1130795251,2021-08-24T11:46:49Z,"indie soul","Kitsune",0.81,0.818,8,-9.599,0,0.0511,0.343,0.0548,0.113,0.887,119.982,4
spotify:track:1yAXD9x09EhJHlq2qQCyuD,"Ain't No Stopping Us Now - Unreleased Version","Ain't No Stopping Us Now / Chapter Three","Risco Connection",2001-08-06,371875,0,false,1130795251,2021-08-24T11:50:10Z,"","Nuphonic",0.652,0.756,10,-8.988,0,0.0365,0.0171,0.831,0.212,0.841,111.109,4
spotify:track:5uVm2ePifIQqp4kGL2w4nO,"Sunspear","Aletheia","O'Flynn",2019-09-06,275340,35,false,1130795251,2021-08-24T11:52:42Z,"disco house","Silver Bear Recordings",0.688,0.802,0,-9.69,1,0.0802,0.0149,0.533,0.239,0.578,115.087,4
spotify:track:6GZayDagZkWbZwePVb07Vz,"Found Love - Fanatix Vocal Mix","Found Love","Blaze;Fanatix",2004-01-09,537373,0,false,1130795251,2021-08-24T12:30:23Z,"chicago house,funky house,disco house,house","Slip 'N' Slide",0.765,0.71,1,-8.182,1,0.0501,0.0182,0.00231,0.0722,0.891,124.01,4
spotify:track:4lsBi4mCnJ9R2503pwCuLO,"Reach Inside","Album Sampler","Bah Samba",2002-06-06,224866,0,false,1130795251,2021-08-24T12:31:06Z,"latin house","Loaded Records",0.693,0.865,2,-10.85,1,0.0415,0.0126,0.0251,0.0543,0.961,124.925,4
spotify:track:6ZMQUhVIfkPeUyT8gZPWox,"Baila Conmigo - AtJazz Remix","Breaking the Beats - Compiled By Dave Lee & Will Fox","Nova Fronteira;Atjazz",2020-09-11,410534,0,false,1130795251,2021-08-24T13:18:19Z,"funky house,nu jazz,jazz house,deep house,acid jazz","Z Records",0.747,0.966,4,-4.848,0,0.0468,0.045,0.79,0.254,0.529,126.985,4
spotify:track:6zAqmi9YkgnMxbqLcf7hDv,"Last Night in Sant Celoni - 12"" Mix","Last Night in Sant Celoni","Payfone;Jaz James",2019-09-27,427150,41,false,1130795251,2021-08-26T08:26:15Z,"","Leng Records",0.823,0.436,9,-10.439,0,0.105,0.682,0.0519,0.343,0.452,105.096,4
spotify:track:2kOAH6q64z1zcd7hitIvgP,"Bota Foga","Sun Gypsy","John Beltran",2002-10-22,459560,0,false,1130795251,2021-09-01T14:03:39Z,"jazz house,idm,ambient","Ubiquity Records",0.707,0.764,0,-8.629,0,0.0514,0.0252,0.771,0.0396,0.605,127.984,4
spotify:track:0oGM4LIuCrXG5aYOAu6ANJ,"Love Endeavor (Maurice Fulton Remix) - Mixed","Weekends and Beginnings","Alice Smith;Maurice Fulton",2014-11-17,332777,37,false,1130795251,2021-09-01T14:05:23Z,"","Mister Saturday Night Records",0.787,0.576,1,-8.034,1,0.0684,0.0645,0.309,0.119,0.703,116.954,4
spotify:track:3IcFd4zcj6unJ3pcCvRKrH,"Summer Maddness S.A.","Alone Together","Karriem Riggins",2012-10-22,125026,37,false,1130795251,2021-09-02T18:44:15Z,"","Stones Throw Records",0.677,0.649,7,-9.735,1,0.345,0.196,0,0.163,0.779,89.698,4
spotify:track:6dALvjuNY5ukmj7CecYYNy,"The Sun Will Shine Again - DJ Spen & Gary Hudgins Radio Edit","The Sun Will Shine Again","Kenny Bobien;Wheeler del Torro;DJ Spen;Gary Hudgins",2021-03-12,240000,0,false,1130795251,2021-09-03T06:51:48Z,"disco house,funky house,chicago house,deep house,nu disco","Nervous Records",0.708,0.646,0,-6.535,1,0.0337,0.000216,0.00000252,0.104,0.633,124.002,4
spotify:track:7BR6vMaT7lOpgonZI3xkal,"What You Need - Micky More & Andy Tee Mix","What You Need/A Little Piano","Soft House Company;Micky More & Andy Tee",2020-07-02,362065,18,false,1130795251,2021-09-08T13:20:55Z,"acid house,chicago house,nu disco,disco house,funky house,acid jazz","Irma Dancefloor",0.843,0.866,8,-4.748,1,0.051,0.000189,0.521,0.0271,0.765,121.99,4
spotify:track:1ZPo9IQlBNVD0XITSP00L5,"Definition Of Luv - Sean McCabe Definition of Dub","Rotations & Reworks","The Sunburst Band;Dave 'Love' Lee;Sean McCabe",2021-09-03,438240,1,false,1130795251,2021-09-14T20:12:21Z,"disco house,nu disco,funky house,disco,uk funky","Z Records",0.827,0.793,8,-10.861,1,0.0925,0.00065,0.87,0.05,0.726,123.008,4
spotify:track:5gIaq4an3ObQqzGGgrMFOb,"You Groove Me (feat. Kemdi) - Vocal Mix","You Groove Me (feat. Kemdi)","Jon Cutler;Kemdi",2008-01-22,444160,36,false,1130795251,2021-09-14T20:15:24Z,"funky house,disco house,chicago house","Distant Music",0.782,0.575,6,-15.786,1,0.051,0.00336,0.731,0.664,0.783,123.973,4
spotify:track:6r7OFWTaURku8DJtDJYgQB,"Whatcha Gonna Do","Whatcha Gonna Do","T.U.R.F.",2021-03-19,310218,6,false,1130795251,2021-09-16T14:59:04Z,"nu disco,disco house,funky house","Exploited",0.787,0.818,6,-7.78,0,0.0569,0.0129,0.936,0.108,0.369,125.998,4
spotify:track:2Pfa9vGdYDxuHbUacRp18t,"Everybody Loves The Sunshine - Sean McCabe Remix","Everybody Loves The Sunshine","Nova Fronteira;Sean McCabe",2012-09-17,464245,32,false,1130795251,2021-09-16T15:05:05Z,"funky house,uk funky","Soul Love",0.83,0.766,9,-5.794,1,0.038,0.00202,0.662,0.0518,0.812,125.01,4
spotify:track:4aQnRVSUXJJdlC63YXuMjP,"Precious Day - Main Mix","Precious Day","Laroye;Humphrey",2021-08-27,377945,1,false,1130795251,2021-10-28T11:11:39Z,"nu disco,french r&b,french rap","Foliage Records",0.772,0.919,9,-6.26,0,0.079,0.0414,0.0292,0.0677,0.638,117.004,4
spotify:track:5hh15abUKLQ5sughTkXGYF,"Destiny","DESTINY","Shuya Okino;N'Dea Davenport",2011-07-13,301693,6,false,1130795251,2021-11-09T10:44:56Z,"disco house,acid jazz","Village again / Extra Freedom",0.721,0.667,8,-8.29,0,0.0502,0.00357,0.000438,0.0605,0.698,123.993,4
spotify:track:5w5Gt7fbAH3580iHMkyZwz,"Vitality","Vitality Gasoline Toto Beach Bar","Vitale Salvatore",2008,427128,1,false,1130795251,2021-11-10T20:41:55Z,"","Lolligag Sound",0.733,0.74,5,-9.069,0,0.0716,0.0147,0.197,0.0494,0.924,127.211,4
spotify:track:24vAkFvfOaEw7S270M5sYQ,"Pienso En Ti - Nuyorican Mix","Pienso En Ti","MAW;Louis Salinas;Nu Yorican",1998-05-08,691853,20,false,1130795251,2021-11-12T18:59:37Z,"disco house,chicago house,funky house","MAW Records",0.39,0.786,2,-8.285,0,0.187,0.0479,0.86,0.0632,0.662,77.637,5
spotify:track:4uCejYB5QMSQEsgagH3CZr,"Good Love - CJ's 12"" Mix","Remixed","Incognito;C.J. Mackintosh",1996-01-01,353026,0,false,1130795251,2021-12-09T11:51:25Z,"acid jazz,jazz funk,smooth jazz","Talkin' Loud",0.763,0.843,11,-6.918,0,0.101,0.0507,0.000339,0.102,0.683,120.696,4
spotify:track:4RAZyIVg1xQkok428kfJiL,"He Is The Joy - Groove Junkies vs Lenny Fontana Galaxy People Extended Edit","He Is The Joy (Remixes, Pt. 2)","Donna Allen;Groove Junkies;Lenny Fontana",2021-12-03,496340,0,false,1130795251,2021-12-10T15:06:21Z,"funky house,deep house,disco house","Soulfuric Recordings",0.75,0.832,10,-6.687,1,0.0588,0.00238,0.425,0.532,0.822,125.001,4
spotify:track:234kIB2hcDSYZWZkDpLD3D,"Love Will Find A Way (Sweet Embrace Mix)","Love Will Find A Way / Blazin'","Stardust",1989-09-08,336352,0,false,1130795251,2022-01-03T11:32:42Z,"french house","Slip 'N' Slide",0.72,0.561,10,-9.741,0,0.0361,0.00158,0.693,0.0879,0.366,117.419,4
spotify:track:2kMSjXqR3dySuTycuQfZ2i,"Music Is The Answer - Tedd Patterson's Classic Mix","Music Is The Answer (New York City Remixes)","Colonel Abrams;Tedd Patterson",2018-12-07,488864,1,false,1130795251,2022-01-11T11:39:47Z,"chicago house,post-disco,acid jazz","dotdotdot Records",0.827,0.62,1,-7.478,1,0.0588,0.0054,0.0572,0.0946,0.46,124.996,4
spotify:track:08zC0qyNKuXPCpZxyBeoCz,"You Know How To Love Me - Dave Lee's Extended Disco Mix","Remixed with Love by Dave Lee (Selected Works)","Phyllis Hyman;Dave 'Love' Lee",2021-12-17,597427,0,false,1130795251,2022-01-14T14:04:35Z,"philly soul,quiet storm,classic soul,disco house,nu disco,funky house,disco","Legacy Recordings",0.925,0.557,6,-6.94,0,0.0503,0.0463,0.00577,0.0915,0.832,117.025,4
spotify:track:0TquUDGlaSigARVGP8muJY,"South Side 128","Eddy Ramich Presents Croatian Blue","Jan Kincl",2021-09-24,495506,3,false,1130795251,2022-01-17T10:34:06Z,"jazz house","BBE Music",0.751,0.767,1,-10.793,1,0.0393,0.075,0.899,0.0374,0.672,120.021,4
spotify:track:7MSWpHXYVm5ipyvddXg20G,"Cranes In The Sky (feat. Tracy Hamlin)","Cranes In The Sky (feat. Tracy Hamlin)","Dj Oji;Tracy Hamlin",2021-11-19,203755,21,false,1130795251,2022-01-19T11:03:42Z,"uk funky,funky house,chicago house,disco house,nu disco","Foundation Music",0.789,0.766,6,-8.03,1,0.034,0.00318,0.0302,0.137,0.725,122.531,4
spotify:track:25qeELFLjZr7VXA5FiuWS4,"Reach Inside","Reach Inside","Bah Samba",1997-09-15,505106,0,false,1130795251,2022-01-21T17:17:10Z,"latin house","Loaded Records",0.76,0.557,9,-15.77,0,0.0545,0.00677,0.456,0.089,0.879,125.006,4
spotify:track:0rZBaHwnSO0biZYpl2GI4g,"Tambor y Plena - Original Mix","Tambor y Plena","Cristian Vinci",2015-05-29,490390,21,false,1130795251,2022-02-01T11:10:52Z,"latin house,tribal house,afro house","Vida Records",0.857,0.933,7,-7.7,1,0.101,0.00839,0.392,0.189,0.735,122.006,4
spotify:track:6reIVIPEu9YiI3h2AOkdrM,"Celebration of Oggun (Yoruba Soul Remix)","Turntables on the Caribbean","Sunlightsquare;Yoruba Soul",2016-05-27,394000,0,false,1130795251,2022-02-01T11:11:39Z,"latin house","Wonderwheel Recordings",0.737,0.595,10,-9.242,0,0.0772,0.0565,0.178,0.102,0.648,119.948,4
spotify:track:7zw6S5XMQ4TK0lornVKRmr,"Boogie On The Dancefloor","Boogie On The Dancefloor / Smooth Like This","MAW Unreleased",1999-09-28,417600,3,false,1130795251,2022-02-07T17:49:55Z,"","MAW Records",0.791,0.411,11,-11.407,0,0.0892,0.00221,0.873,0.469,0.395,127.208,4
spotify:track:4SuMpROfkF13gj6YYmgbIA,"All i wanna give u Osunlade Remix","In The Night","Shazz;La Rachelle",2007-12-01,491533,12,false,1130795251,2022-02-10T11:26:17Z,"jazz house,french house,nu jazz","Batignolles Square",0.685,0.837,8,-8.104,0,0.0493,0.00229,0.511,0.0281,0.949,127.935,4
spotify:track:0334cqdYqlm02E9veNKQg4,"If Only I Could (feat. Steve Lucas) [Liem Remix] - Mixed","Defected In The House Radio Show Episode 042 (hosted by Sam Divine)","Fusion Groove Orchestra;Steve Lucas",2017-03-17,201344,0,false,1130795251,2022-02-14T14:08:00Z,"jazz house,disco house,lo-fi house,funky house","Defected Records",0.975,0.851,9,-7.981,0,0.374,0.0879,0.466,0.0816,0.925,123.036,4
spotify:track:0QjqKVXBhjOMaHMndt6Wsi,"Barely Breaking Even - Opolopo Vocal Mix","Barely Breaking Even","Leroy Burgess;Opolopo",2016-08-08,487000,12,false,1130795251,2022-02-22T11:44:05Z,"nu disco,post-disco,funky house,disco house,jazz funk","Groove Odyssey",0.732,0.684,9,-7.61,1,0.0539,0.00095,0.00224,0.0872,0.533,120.015,4
spotify:track:66bUzHZ7fFzgG54vtfJ56p,"Beautiful People - Mood Ii Swing Dub","Beautiful People","Barbara Tucker;Mood II Swing",1994-01-01,327866,0,false,1130795251,2022-02-22T12:13:07Z,"chicago house,house,funky house,rally house,ballroom vogue","Strictly Rhythm Records",0.812,0.825,10,-7.306,0,0.0472,0.0201,0.85,0.0863,0.708,124.095,4
spotify:track:4nskO4RkOtihe4VzySbuVi,"Day By Day - Urban Sound Gallery Mix","Network Classics - Shelter… Soul Fly Free","Andrew Pearce;Chez Damier;Ron Trent",2021-05-21,398309,0,false,1130795251,2022-03-02T16:03:39Z,"chamber music,chicago house,house","Network Records",0.669,0.823,10,-7.166,0,0.0433,0.000807,0.0881,0.0457,0.44,120.004,4
spotify:track:5uw7Kg0wayT1DJC5aR16GQ,"Micke Pettersson - Crackazat Remix","Micke Pettersson (Crackazat Remix)","Dirtytwo;Crackazat",2021-12-22,400500,21,false,1130795251,2022-03-09T20:27:14Z,"jazz house,funky house,lo-fi house,disco house","Peking House",0.809,0.738,7,-7.77,0,0.0892,0.0312,0.552,0.11,0.191,121.015,4
spotify:track:5jma3P58eNku6wwSdgxtdr,"Caucciù - Damecuta Version","Caucciù","Pellegrino",2020-02-23,260160,0,false,1130795251,2022-03-14T13:29:17Z,"italo disco,italo dance","Early Sounds Recordings",0.687,0.795,8,-8.121,0,0.0413,0.0786,0.899,0.174,0.899,120.02,4
spotify:track:0ZT6QJgzLzeyfsiOr2xsZX,"Raise The Vibration","Love Frequency","Celestial Being;Citizens of the World Choir;London Contemporary Voices",2021-05-21,216587,0,false,1130795251,2022-03-15T11:00:39Z,"nu disco,disco house,funky house","Celestial Being",0.613,0.512,0,-13.184,0,0.0536,0.673,0.328,0.117,0.668,126.116,4
spotify:track:2UTMZJxo8SQlSB7929QmDh,"Brasiliko - Byron The Aquarius Remix","Brasiliko","Kapote;Byron the Aquarius",2019-02-01,383256,10,false,1130795251,2022-03-18T19:38:25Z,"jazz house,lo-fi house,italo disco,disco house,nu disco,funky house,nu jazz,jazz funk","Toy Tonics",0.633,0.904,0,-8.343,0,0.0364,0.0466,0.00466,0.0972,0.828,123.995,4
spotify:track:0FW8ZLZFRQfOAVgYxyxiW5,"Still In Love - feat. Navasha Daya","Still In Love (feat. Navasha Daya)","Shuya Okino;Navasha Daya",2012-06-28,488601,0,false,1130795251,2022-03-29T14:00:19Z,"disco house,neo soul","Hi:Rise",0.669,0.737,10,-6.984,0,0.0319,0.00636,0.0435,0.0966,0.753,120.973,4
spotify:track:5aqLROQOpWX2H8Q3b0IB6b,"Maximum Style (Lover To Lover)","Jungle Hits, Vol. 1","Tom & Jerry",1994,245173,44,false,1130795251,2022-03-31T09:23:13Z,"jungle,drum and bass","Jet Star",0.653,0.723,0,-14.518,1,0.0806,0.0149,0.619,0.0485,0.78,159.017,4
spotify:track:4Y8K4ystgDf7RhLry44uNs,"Lotta Love - Joey Negro Yacht Disco Mix","Lotta Love (Mixes)","Nicolette Larson",2019-06-28,398000,42,false,1130795251,2022-04-05T10:16:36Z,"yacht rock,soft rock,aor","Warner Music Group - X5 Music Group",0.804,0.738,5,-7.116,0,0.0442,0.0691,0.00269,0.158,0.951,116.992,4
spotify:track:1AEMzvzIshwyKfWu9KCYU9,"Spirit Of Love - Phil Asher's Restless Soul Boogie Mix","ROOT SOUL","ROOT SOUL;Vanessa Freeman;Mike Patto;Phil Asher",2009-07-08,765160,3,false,1130795251,2022-04-07T10:18:13Z,"nu jazz","Extra Freedom",0.758,0.769,2,-8.031,1,0.0444,0.00131,0.124,0.0771,0.891,123.003,4
spotify:track:5v3de76jolojQjDwE9QkpG,"Think About It","Deep Electronic Sound - Special Vinyl Edition","Phlash And Friends",2008,468000,4,false,1130795251,2022-04-22T12:53:13Z,"","Archive",0.784,0.718,9,-8.442,1,0.0469,0.0126,0.112,0.0796,0.879,118.999,4
spotify:track:6zhfc7qWmpxeFz90ZO53vR,"Photographs - Restless Soul Remix","Photographs","Jody Watley;Restless Soul",2001-01-01,463721,0,false,1130795251,2022-04-22T12:56:06Z,"new jack swing,freestyle,uk funky,funky house,nu jazz","Chillifunk",0.898,0.829,1,-5.623,0,0.0523,0.00414,0.172,0.0334,0.946,124.977,4
spotify:track:61pmL9PeeGDm8cTsFxO6si,"Surprising - Restless Soul Peaktime Mix","The Remixes","Nathan Haines;Marcus Begg;Vanessa Freeman",2018-02-09,486560,4,false,1130795251,2022-04-22T12:56:45Z,"jazz house,nu jazz","Papa Records",0.744,0.644,11,-13.585,0,0.0363,0.0728,0.128,0.33,0.965,124.98,4
spotify:track:6vB5YllRE4l5jhWkhrRD18,"Into My Life (You Brought The Sunshine) - Main","Golden Ladies Volume 1","Lisa Fischer;Elements Of Life;Cindy Mizelle",2009-11-30,577488,26,false,1130795251,2022-04-30T20:03:40Z,"quiet storm,jazz house","Vega Records",0.805,0.727,11,-6.225,0,0.0516,0.0207,0.000166,0.0672,0.705,121.003,4
spotify:track:1fPtQOvjCDxMv0N9J9f3gv,"Iguacu Hash","Tito's Edits","Tito Wun",2017-06-21,310066,2,false,1130795251,2022-05-07T09:55:51Z,"","AVA. Records",0.811,0.833,1,-10.092,1,0.0402,0.00968,0.585,0.32,0.755,123.673,4
spotify:track:2sS2Ggy0B9nrqR4z7sPbyw,"Crazy Love - M.A.W. House Dub","Crazy Love (Masters At Work Remixes)","CeCe Peniston;Louie Vega;Kenny Dope;Masters At Work",1992-02-10,443783,9,false,1130795251,2022-05-09T16:26:43Z,"chicago house,deep house,latin house,house,disco house,ballroom vogue","UMC (Universal Music Catalogue)",0.741,0.456,9,-17.831,0,0.0452,0.0000555,0.859,0.0352,0.822,122.009,4
spotify:track:0cfmBYUErSUsPyyrZllV8N,"Las cazuelas - 2000 Remix","Essentials & rarities","José Padilla",2011-08-16,278866,0,false,1130795251,2022-05-23T12:20:12Z,"lounge","WM Spain",0.41,0.729,2,-12.451,0,0.0406,0.428,0.771,0.13,0.526,114.886,4
spotify:track:3arzDrSSX1bq5ZwWN1DPiA,"Free To Love (feat. Karen Harding)","Expansions In The NYC","Louie Vega;Karen Harding",1900-01-01,364601,13,false,1130795251,2022-05-29T13:51:57Z,"chicago house,deep house,latin house,house,disco house","Nervous Records",0.72,0.822,1,-8.573,1,0.0414,0.0408,0.00000817,0.118,0.706,125.01,4
spotify:track:53JyYNHBFZVrZSSJTseMVJ,"The Universe Is Talking","Can't Do Without You Lovin EP","Diephuis;Eastar;Jocelyn Mathieu",2019-09-06,467424,0,false,1130795251,2022-05-31T09:48:03Z,"latin house,tribal house,maluku,afro soul","NuLu Music",0.767,0.747,5,-7.362,0,0.0517,0.000902,0.124,0.0746,0.881,124.004,4
spotify:track:7ycEPNxLEIvYLjjb8vG9RH,"Find A Way - Danny Krivit Edit","Mix The Vibe","Diviniti;Danny Krivit",2010-01-18,625737,0,false,1130795251,2022-06-02T14:49:12Z,"disco house,nu disco,funky house","King Street Sounds",0.725,0.832,4,-5.896,0,0.0599,0.156,0.68,0.0294,0.793,122.967,4
spotify:track:0VoEtUIt1zhQw1SaJdClGg,"Cada Vez (Grant Nelson Vocal Remix)","Cada Vez (Ultimate Mix Collection)","Negrocan",2015-06-01,450604,20,false,1130795251,2022-06-02T14:56:52Z,"latin house,candombe","Viceroy Music LTD",0.88,0.652,8,-10.05,1,0.108,0.00084,0.242,0.274,0.961,125.008,4
spotify:track:6OW0MIYAEAOUgFRv66sHoy,"Igobolo (feat. Joaquin ""Joe"" Claussell) - [Extended Version]","Expansions In The NYC","Louie Vega;Joaquin ""Joe"" Claussell",1900-01-01,770277,14,false,1130795251,2022-06-06T07:52:44Z,"chicago house,deep house,latin house,house,disco house,jazz house,acid jazz","Nervous Records",0.615,0.831,6,-9.549,1,0.0416,0.000362,0.876,0.352,0.282,124.512,4
spotify:track:4nuHRQtWYGCnMwqMqPFsw3,"Dreams Come True - Afronaught Mix","Dreams Come True","Alison David",2006-06-12,413225,7,false,1130795251,2022-06-06T09:45:27Z,"uk funky,funky house,nu jazz","Doubleshock Recordings",0.702,0.868,8,-7.041,1,0.096,0.0457,0.0105,0.697,0.742,125.034,4
spotify:track:278HniNgjx7565wPw5PofU,"Dentro Mi Alma - Reel People Remix","Reel People: The Remixes","Jazztronik;Reel People",2020-01-10,568308,7,false,1130795251,2022-06-06T10:04:46Z,"nu jazz,j-r&b,acid jazz,shibuya-kei,jazz funk,funky house","Reel People Music",0.799,0.824,1,-8.921,1,0.0805,0.0415,0.236,0.0417,0.802,125.996,4
spotify:track:7MiigOwhSyDCiNpDx2FnNM,"Jazz Carnival - Ashley Beedle and Yam Who? Remix","Light as a Feather","Azymuth;Ashley Beedle;Yam Who?",2012-11-26,368986,7,false,1130795251,2022-06-06T12:40:52Z,"brazilian jazz,jazz funk,jazz fusion,acid jazz,nu disco,disco house,funky house","Far Out Recordings",0.62,0.8,1,-9.201,0,0.0593,0.0349,0.809,0.259,0.543,124.768,4
spotify:track:6yKRZpZn8mmT1CoonaT0bX,"Elle - Criola Remix","Elle","DJ Gregory",2007,535573,0,false,1130795251,2022-06-07T12:51:36Z,"tribal house,latin house,uk funky,jazz house,afro tech,afro house","Defected Records",0.695,0.897,2,-8.142,1,0.0437,0.00161,0.815,0.177,0.431,127.018,4
spotify:track:0WfjaDnE8p5I7z2oViXcB8,"Step Into Light","Mr Bongo Record Club, Vol. 5","Admin",2022-04-08,279233,31,false,1130795251,2022-06-07T15:27:09Z,"jazz house","Mr Bongo",0.679,0.474,8,-13.074,0,0.0518,0.0324,0.195,0.398,0.352,112.995,4
spotify:track:2qlR9StvHMqndtCgMJhixI,"Buttercup - Terry Hunter Main Club Mix","Retroflection Remixed","Reel People;Tony Momrelle;Terry Hunter",2019-06-21,440975,10,false,1130795251,2022-06-09T19:17:25Z,"acid jazz,funky house,chicago house,ballroom vogue","Reel People Music",0.761,0.759,5,-8.431,1,0.052,0.00302,0.00115,0.0449,0.779,122.997,4
spotify:track:3A7Wx6j1xj9J12EYFh6Jbw,"Music - Wipe the Needle Remix","Music","Brian Power;Hil St. Soul",2018-11-09,516694,0,false,1130795251,2022-06-10T15:50:40Z,"funky house,nu disco,neo soul","SoulHouse Music Ltd",0.741,0.745,8,-11.185,0,0.0546,0.112,0.196,0.0878,0.652,120.996,4
spotify:track:0LsmbSRu39mBwEw4cTMpYW,"Sueno Latino - Paradise Version","Sueno Latino","Sueño Latino",1989-01-01,634893,0,false,1130795251,2022-06-20T10:15:34Z,"acid house","Dance Floor Corporation",0.663,0.741,2,-14.142,1,0.0525,0.0314,0.769,0.8,0.523,117.985,4
spotify:track:7b3MjFv3l2hJHPKE3xQxSL,"Big Love","Big Love","Pete Heller's Big Love",1998-12-07,609806,0,false,1130795251,2022-06-22T12:53:54Z,"disco house,funky house","Glitterbox Recordings",0.688,0.829,9,-5.825,1,0.0444,0.000676,0.864,0.0419,0.582,126.799,4
spotify:track:5GVYhaztAs2HuVRin2OZWj,"Garden Party - S.O.L. Brazil Mix","Gardenparty","Mezzoforte",2000,437916,0,false,1130795251,2022-07-21T10:30:00Z,"smooth jazz,jazz fusion,jazz funk","Peppermint Jam",0.695,0.968,2,-8.698,1,0.0466,0.00112,0.869,0.0689,0.72,123.987,4
spotify:track:3mCDtPBpP6hD8XgXLviR0m,"Reach Inside - Restless Soul Vocal Mix","1996 - 2006 The House Album","Bah Samba;Restless Soul",2006-09-11,574240,18,false,1130795251,2022-08-11T08:02:16Z,"latin house,uk funky,funky house,nu jazz","BKO Productions Ltd",0.739,0.859,9,-8.097,0,0.0515,0.0112,0.466,0.0357,0.773,124.906,4
spotify:track:4ltCf30jFADqfu4ngYQWX7,"Wishing You Were Here - Joey Negro Extended Mix","Wishing You Were Here","Blaze;Dave 'Love' Lee",1999-09-20,486045,0,false,1130795251,2022-08-15T14:38:55Z,"chicago house,funky house,disco house,house,nu disco,disco","Slip 'N' Slide",0.729,0.595,1,-7.36,1,0.0396,0.000606,0.116,0.0575,0.794,122.846,4
spotify:track:6VPXCIfxuOXQoSFJSSKKW4,"Dust","Bridging The Pacific, Vol. 1","Recloose;Joe Dukie",2008-07-22,427146,0,false,1130795251,2022-08-15T14:42:35Z,"trip hop,nz reggae","Loop Recordings Aot(ear)oa",0.846,0.557,8,-12.52,1,0.0912,0.000207,0.307,0.0356,0.8,123.032,4
spotify:track:71RtPJD5BmjaZLAsA9DuyS,"Innocense and Inspiration - Original Mix","Molecular Dreams","Elements Of Life",2018-06-07,485129,0,false,1130795251,2022-08-15T14:53:15Z,"jazz house","Mysticisms",0.656,0.941,10,-8.22,0,0.0509,0.018,0.831,0.333,0.883,124.036,4
spotify:track:4Q0jlh2CwzmjeVTV2g9Xol,"Dawn - Distant Music Vocal Mix","Dawn","Jon Cutler;Sarah Anne Webb",2002-07-22,485960,9,false,1130795251,2022-08-16T10:22:08Z,"funky house,disco house,chicago house","Papa Records",0.734,0.428,10,-19.478,0,0.0766,0.00436,0.0209,0.0937,0.66,126.022,4
spotify:track:1SdQPLokXBM6cJXOXHPNjw,"Special Kind Of Love - BC's Original B&S Mix","Special Kind Of Love, Part II","Arnold Jarvis;Benji Candelario",2001-04-23,440554,0,false,1130795251,2022-08-22T08:44:35Z,"chicago house,funky house","King Street Sounds",0.751,0.612,9,-11.101,0,0.0528,0.00333,0.00343,0.0306,0.844,125.98,4
spotify:track:6ouv16a31Ye7CouHrXL1I1,"Let's Get It On - Flight Facilities Remix","Let's Get It On (Flight Facilities Remix)","Marvin Gaye;Flight Facilities",2022-05-27,392752,45,false,1130795251,2022-08-23T10:56:39Z,"motown,classic soul,soul,northern soul,quiet storm,nu disco","UNI/MOTOWN",0.731,0.752,8,-4.724,1,0.0325,0.0226,0.0000292,0.123,0.498,98.986,4
spotify:track:0McOyXZ6sHbZ0LFmhhhKq1,"A Dança Da Manhã","Para Viajeros","John Beltran",2022-06-10,372694,0,false,1130795251,2022-08-24T12:43:39Z,"jazz house,idm,ambient","Oathcreations",0.707,0.816,10,-11.484,1,0.0503,0.0148,0.526,0.0506,0.907,124.98,4
spotify:track:4CsjNfOG2OE03yMm8UEjSB,"Do I Do - Extended","Do I Do","Micky More & Andy Tee;Angela Johnson",2022-04-04,486160,18,false,1130795251,2022-09-01T11:52:46Z,"nu disco,disco house,funky house,acid jazz,neo soul","Groove Culture",0.766,0.778,11,-7.278,1,0.0701,0.00108,0.35,0.0571,0.926,119.99,4
spotify:track:7oJAtLLpwuer12CMaKyzAz,"Don't You Ever Give Up (feat. Melonie Daniels) - Ricanstruction Vocal","The Soulful House Experience 2 (Gospel House Edition) [Mixed by Teddy Douglas]","Innervision;Melonie Daniels;Frankie Feliciano",2018-03-02,373469,3,false,1130795251,2022-09-04T08:37:49Z,"jazz house,funky house","Nervous Records",0.768,0.62,1,-9.696,1,0.0397,0.000089,0.0537,0.0595,0.75,124.93,4
spotify:track:6GFcYDW9kRFoG3bMxFAX3v,"Oyelo - Atjazz Love Soul Remix","Oyelo - The Atjazz Remixes","Sunlightsquare;Atjazz",2019-10-25,389032,37,false,1130795251,2022-09-13T11:20:50Z,"latin house,nu jazz,jazz house,deep house,acid jazz","Sunlightsquare Records",0.894,0.69,8,-11.012,1,0.111,0.0123,0.0227,0.0651,0.887,124.039,4
spotify:track:1Tx4V14UCuTKXbdrd8F9ZK,"Love Yourself - Moplen Disco 3000 Edit","Love Yourself","Le Croque;Carla Prather;Moplen",2022-09-16,206920,0,false,1130795251,2022-09-16T18:27:54Z,"afro tech,afro house,tribal house,nu disco,disco house,funky house","Peppermint Jam",0.649,0.913,2,-7.826,0,0.0366,0.00872,0.61,0.0687,0.781,122.997,4
spotify:track:439lJboVKDwknwCFe75lxP,"Ponteio","Brazilian Love Affair (Revisited)","Da Lata",2011-08-10,348386,3,false,1130795251,2022-09-23T16:02:48Z,"downtempo","Far Out Recordings",0.683,0.804,2,-6.894,1,0.0366,0.00739,0.0818,0.0757,0.443,116.039,4
spotify:track:3myQR8jk1nd2wiWJgVRI8N,"Pieces Of A Dream - Seven Minutes Of Soul Mix","Remixed","Incognito;Roger Sanchez",1996-01-01,372120,0,false,1130795251,2022-09-23T16:17:39Z,"acid jazz,jazz funk,smooth jazz,tribal house,disco house","Talkin' Loud",0.661,0.837,9,-8.402,1,0.075,0.00107,0.000192,0.318,0.651,121.861,4
spotify:track:6z82DmU9OtAJywLa6zXdZj,"Musica De Amor","Collected Works Volume Three","A Man Called Adam",2011-06-27,405483,1,false,1130795251,2022-09-23T16:53:15Z,"acid jazz","Other Records Ltd",0.644,0.942,4,-4.592,0,0.0387,0.00169,0.498,0.208,0.521,124.004,4
spotify:track:3xvQ7jFN3XoTPeH3GCGj6Q,"I Never Knew Love - Made In Detroit Extended Mix","I Never Knew Love","Chez Damier",1992-10-01,502407,24,false,1130795251,2022-10-01T13:45:44Z,"chicago house,house","KMS Records (BEAT Music Fund)",0.773,0.644,3,-11.502,1,0.0419,0.0192,0.0315,0.211,0.476,123.322,4
spotify:track:0HxmVt6fVFEhQg3eLdVLtg,"Make the Call - Extended Version","Make the Call / The Love It Takes (Two Soul Fusion Remixes / Atjazz Remix)","MF Robots",2022-09-23,361066,2,false,1130795251,2022-10-17T10:56:27Z,"acid jazz,jazz funk","BBE Music",0.619,0.753,1,-9.524,0,0.0493,0.0991,0.00312,0.0831,0.381,98.528,4
spotify:track:6SNja7FTHw7sazeyKqdk28,"Watch Them Come (Men from the Nile aka Roy Davis Jr.)","The Afro Club Night","Men From The Nile",2007-10-30,335506,24,false,1130795251,2022-10-28T08:09:08Z,"","Clubstar",0.698,0.725,11,-8.235,0,0.183,0.000309,0.000618,0.0727,0.785,123.941,4
spotify:track:4Xi7ahSdoiZ579YxOEFPyL,"What We Need Is Love","A Moment In Time","Blaze",2002-10-04,355362,0,false,1130795251,2022-10-28T10:58:47Z,"chicago house,funky house,disco house,house","Slip 'N' Slide",0.83,0.745,0,-4.897,1,0.0479,0.00087,0.00177,0.0346,0.703,124.018,4
spotify:track:3C5oHtZt9RkvKEIMwP5Iyl,"The Star of A Story (feat. Lisa Fischer) - [Extended Version]","Expansions In The NYC","Louie Vega;Lisa Fischer",1900-01-01,452957,22,false,1130795251,2022-11-03T10:02:45Z,"chicago house,deep house,latin house,house,disco house,quiet storm","Nervous Records",0.64,0.777,6,-8.078,0,0.0301,0.0201,0.253,0.112,0.48,118.015,4
spotify:track:40fRip6lUhY5U1OkQk8wta,"New Day","Lights Out / New Day","The Return",2007,444746,0,false,1130795251,2022-11-08T11:59:10Z,"","Defected Records",0.83,0.649,1,-9.099,1,0.0569,0.00387,0.364,0.0487,0.835,127.019,4
spotify:track:23VWzfk71JrGnga7kq3OaA,"Spiritual - Distant Music Dub Mix","Spiritual (Jon Cutler Remixes)","Reel People;Nathan Haines;Jon Cutler",2001-09-24,423193,17,false,1130795251,2022-11-10T09:38:24Z,"acid jazz,funky house,jazz house,nu jazz,disco house,chicago house","Papa Records",0.771,0.737,7,-8.784,1,0.0581,0.000279,0.788,0.0311,0.82,127.984,4
spotify:track:3BlyiJ1vEiq0P8SYzCnR1t,"Can't Stop - RP's Club Mix","Can't Stop (2021 Remastered Edition)","Reel People;Angela Johnson",2021-02-25,337293,2,false,1130795251,2022-11-10T09:45:05Z,"acid jazz,funky house,nu disco,disco house,neo soul","Papa Records",0.827,0.56,0,-9.092,1,0.112,0.124,0.00408,0.0622,0.811,116.955,4
spotify:track:3uXhsEZiKJwSZ9emWzTGzr,"The Light - 2021 Remastered Version","Second Guess (2021 Remastered Edition)","Reel People;Vanessa Freeman",2003,300087,7,false,1130795251,2022-11-10T09:56:54Z,"acid jazz,funky house,nu jazz","Papa Records",0.682,0.671,11,-10.23,1,0.0484,0.0382,0.0985,0.3,0.376,120.021,4
spotify:track:3hxQusfmJDNqsIctIXFjva,"Sunrize","Lessons EP","The Rising Sunz",1996-05-10,343414,5,false,1130795251,2022-11-11T11:30:36Z,"jazz house,jazz funk","Henry Street Music",0.772,0.78,1,-7.088,1,0.0581,0.00389,0.0586,0.0776,0.644,122.979,4
spotify:track:0hOeuP5T76BgJZ24dwVHan,"A Better Way - Jazz N Groove Vocal Club Mix","A Better Way","Northbound;M One",2009,413041,18,false,1130795251,2022-11-13T22:09:36Z,"uk garage","Bassline records",0.836,0.514,5,-11.308,0,0.207,0.00447,0.0414,0.302,0.64,123.552,4
spotify:track:39sKZpHHaLbFWF0aUxcpae,"Rhythm of the Sun (Ezel Remix)","Olá de Novo (the remixes)","Sol Set",2022-11-14,430307,2,false,1130795251,2022-11-14T15:14:11Z,"","All Good Music",0.619,0.898,11,-9.527,0,0.0418,0.0000992,0.688,0.103,0.634,123.007,4
spotify:track:3QWOh1DbE0ei1jw472p5tj,"Resign 2 U - DJ Fudge Remix","Papa Records & Reel People Music Present: Messages, Vol. 10 (DJ Fudge Sampler)","Heston;DJ Fudge",2015-07-06,376812,20,false,1130795251,2022-11-29T16:41:02Z,"neo soul,funky house,disco house,nu disco","Papa Records",0.78,0.668,1,-10.027,0,0.0379,0.00446,0.0453,0.0814,0.684,123.014,4
spotify:track:02W85HAOkxwqU57V2smhUU,"Haja Fé - Faze Action Remix","Haja Fé (Faze Action Remix Single Edit)","Guinu;Faze Action",2022-11-04,224884,0,false,1130795251,2022-12-05T12:15:30Z,"nu disco","Razor-N-Tape Digital",0.742,0.886,10,-7.412,0,0.0524,0.0283,0.00112,0.169,0.922,104.997,4
spotify:track:30jW3ISAIY02Ur0pJrNhXP,"Let's Do It (feat. Leroy Burgess) - Louie Vega Dance Ritual Mix","Let's Do It feat. Leroy Burgess - A Louie Vega Interpretation","Convertion;Leroy Burgess",2015-05-01,590878,23,false,1130795251,2022-12-24T14:58:38Z,"post-disco,nu disco,funky house","Nurvous Records",0.917,0.727,1,-6.902,1,0.0976,0.0201,0.00196,0.136,0.448,121.987,4
spotify:track:1K5i4IK1qSBBWKwjuMJf0Z,"Es Vedra - Olav's Hot 'n Sweet Dub","Latin House (Volume 2)","Erick E",2008,396360,0,false,1130795251,2022-12-29T13:28:11Z,"","Cloud 9 Dance",0.665,0.961,5,-6.181,0,0.0542,0.000527,0.311,0.0387,0.817,127.958,4
spotify:track:1HFBN6GJ20fzDtiY156Cm3,"The Optimistic Voyeur","Beach Rouge Vol. 2 - Beach House & Deep Disco","Yse Saint Laur'ant",2016-01-29,510000,37,false,1130795251,2023-01-05T16:18:58Z,"","Playlister Records",0.822,0.676,1,-13.954,1,0.0731,0.0226,0.00146,0.0935,0.962,111.994,4
spotify:track:6R8uyokUGJiy1mJ1lLRJd9,"Piece of Mind","Firecracker EP3","Linkwood Family",2020-02-21,490893,20,false,1130795251,2023-01-25T20:40:59Z,"jazz house","Night Theatre",0.623,0.834,7,-7.304,1,0.0405,0.0188,0.892,0.164,0.72,103.009,4
spotify:track:6RRsWTu7PwbcX2frzTQ60E,"Soul Saviour - Dj Fudge Remix","Soul Saviour","Nina Provencal (Jihad Muhammad Re-Production);DJ Fudge",2013-12-16,314870,9,false,1130795251,2023-01-29T21:28:47Z,"funky house,disco house,nu disco","Makin Moves",0.523,0.495,9,-8.455,0,0.0513,0.0302,0.00356,0.085,0.572,123.998,4
spotify:track:5Rk2IjmmsMHOgCgTjw6q8q,"Rubin Samba","Sunday Kinda Love","Andrés",2022-12-15,265500,3,false,1130795251,2023-02-27T12:18:18Z,"","MotorCity Wine Recordings.",0.732,0.798,5,-8.791,1,0.0884,0.00601,0.802,0.0928,0.884,116.946,4
spotify:track:3EqtgULem9Ta7wEWBRgzOm,"Storm (Edit)","Storm (Edit)","Sam Benaroya",2022-07-07,321000,46,false,1130795251,2023-02-28T21:22:04Z,"","RMA Recordings",0.85,0.84,6,-7.041,1,0.0525,0.137,0.0343,0.0875,0.962,115.015,4
spotify:track:6f6vRX9qKb6gLjYkztepAv,"Don't Turn It Off","Don't Turn it Off (Session Victim & Bella Boo Remixes)","40 Thieves;Qzen",2023-02-24,278426,4,false,1130795251,2023-03-12T22:40:46Z,"nu disco","Permanent Vacation",0.933,0.507,11,-7.681,0,0.166,0.0148,0.685,0.113,0.728,117.001,4
spotify:track:7HE2nkgZGx3bVXRyz6y9su,"I Walk Alone (For Your Love) - Art Of Tones Remix","I Walk Alone (For Your Love) (Art Of Tones Remix)","Seamus Haji;Those Guys;Art of Tones",2022-08-26,191301,18,false,1130795251,2023-03-14T11:57:10Z,"disco house,funky house,nu disco,chicago house,jazz house","Big Love",0.817,0.871,4,-6.483,0,0.0635,0.638,0.358,0.0748,0.963,126.034,4
spotify:track:56vd2x3SodpTwH25LWECIc,"Get On Down","Get On Down","HP Vince",2019-07-29,399484,7,false,1130795251,2023-03-14T12:20:57Z,"nu disco,disco house,funky house","Springbok Records",0.842,0.783,0,-7.053,0,0.0367,0.00336,0.104,0.0789,0.777,122.033,4
spotify:track:30eOPSl7toKOnC8N6xquAq,"Hanging Tough","Joey Negro presents It's A Summer Groove Vol.2","Board Of Directors",2011-06-06,278250,0,false,1130795251,2023-03-22T13:20:47Z,"jazz funk","Z Records",0.714,0.872,11,-7.248,0,0.0427,0.3,0.887,0.0939,0.689,120.799,4
spotify:track:6rh2IVv3SyiZXnNmVf3Q63,"Someone - Vocal Mix","Soulful Deep & Dope Ibiza 2022","Phil Asher;Kai Alce;Kayenne",2022-07-29,527598,5,false,1130795251,2023-03-28T13:19:14Z,"nu jazz,lo-fi house,jazz house","Reel People Music",0.811,0.696,10,-9.718,0,0.0544,0.000637,0.772,0.0665,0.854,126.991,4
spotify:track:1vAbiJ3ADWDQSTkw75pUYp,"Talking Jungle - Justin Vandervolgen Remix","The Revenge Of Soft Rocks","Soft Rocks;Justin Vandervolgen",2012-07-23,592760,0,false,1130795251,2023-04-13T18:35:35Z,"","ESP Institute",0.731,0.788,0,-8.883,1,0.046,0.000379,0.902,0.0308,0.647,119.998,4
spotify:track:3Rw5FdC7nlye9qwLxbGjJJ,"You & Me - Original Mix","You & Me","Sartorial",2018-08-20,454838,8,false,1130795251,2023-04-13T18:40:39Z,"nu disco,disco house,funky house,jazz house","Tropical Disco Records",0.826,0.663,5,-6.111,0,0.104,0.00611,0.267,0.0464,0.779,124.003,4
spotify:track:4sWVWbMwhg7oty4QTeqbYx,"Hold On To My Love - Micky More & Andy Tee Mix","Hold On To My Love (Micky More & Andy Tee Mix)","Right To Life;Micky More & Andy Tee",2020-11-26,361961,13,false,1130795251,2023-04-24T16:34:00Z,"disco house,funky house,nu disco,acid jazz","Groove Culture",0.827,0.758,5,-7.014,0,0.19,0.00178,0.554,0.0579,0.747,118.984,4
spotify:track:17FKIehIe3xjlwOxlC1kWW,"Space Rider - MJ Cole Vocal Mix","Oyster Music - The MJ Cole Mixes","Shaun Escoffery;MJ Cole",2003,315040,37,false,1130795251,2023-05-04T14:58:41Z,"uk garage,uk funky,funky house","Crimson",0.931,0.438,7,-7.807,0,0.0726,0.0718,0.0288,0.072,0.926,132.953,4
spotify:track:0u7PJNDonENtoVZm7MetQi,"Reach Out (feat. Linda Lewis)","Generalisation","Midfield General;Linda Lewis",1999-11-20,326800,0,false,1130795251,2023-05-12T19:58:19Z,"big beat","Skint Records",0.487,0.468,0,-6.557,1,0.0337,0.018,0.238,0.145,0.27,155.983,4
spotify:track:4AhzIzqDytWx7EekEzd2sq,"Talking Bout My Baby","Halfway Between the Gutter and the Stars","Fatboy Slim",2000,223520,0,false,1130795251,2023-05-12T19:59:17Z,"big beat","Skint Records",0.321,0.771,6,-6.337,1,0.0389,0.596,0.603,0.279,0.278,99.997,4
spotify:track:0R3aeCg7ofE3SD89MNySgA,"The Hustler (Disco Frisco Mix)","The Hustler (Disco Frisco Mix)","Sound Accademy",1994-05-10,344183,0,false,1130795251,2023-05-15T16:10:43Z,"rally house","Strength Records",0.631,0.686,2,-13.384,1,0.0574,0.0602,0.914,0.0587,0.676,124.903,4
spotify:track:7IeHUf5MxpVc9SovoGHAuC,"Sidestep","Compost Black Label #124","Truccy;Rainer Trueby;Corrado Bucci",2015-04-03,408262,7,false,1130795251,2023-05-17T10:21:33Z,"","Compost Records",0.826,0.477,8,-10.788,0,0.0675,0.203,0.0593,0.082,0.136,120.987,4
spotify:track:0lSIpCyGhP1YtBgDr67y5q,"Disco-Tech - 3 Piece Suite Mix","Disco-Tech","K.A.T.O.",1990-07-06,302180,0,false,1130795251,2023-05-31T15:22:23Z,"hard house","Nu Groove Records",0.513,0.853,10,-5.747,0,0.0704,0.0173,0.0000275,0.092,0.883,111.661,4
spotify:track:0WkExcFLXXrvZesuCByoR8,"Don't You Ever Give Up (feat. Melonie Daniels)","Evolutions of House Mixed by Teddy Douglas","Innervision;Melonie Daniels",2010-05-10,310480,1,false,1130795251,2023-06-04T12:50:38Z,"","Nervous Records",0.756,0.879,1,-5.44,1,0.0487,0.000671,0.00239,0.0596,0.745,126.684,4
spotify:track:0U7sbXtHiRvvJPIv3xvDpt,"If Only I Could (feat. Steve Lucas) - Liem Remix","If Only I Could (feat. Steve Lucas)","Fusion Groove Orchestra;stevelucas;Liem",2016-04-01,426945,0,false,1130795251,2023-06-14T20:30:43Z,"jazz house,disco house,lo-fi house,funky house","Strictly Rhythm Records",0.983,0.936,9,-8.541,0,0.325,0.0943,0.719,0.0902,0.878,126,4
spotify:track:5QpNlh1zXSzEoHauMZgNhP,"Wishing You Were Here","Basic Blaze","Blaze",1997-08-18,415975,0,false,1130795251,2023-06-15T07:38:18Z,"","Slip 'N' Slide",0.661,0.652,8,-9.104,1,0.033,0.00045,0.804,0.0916,0.58,122.971,4
spotify:track:6zEA6tstqbVl1LEsxVur8t,"Feeling Azur","Feeling Azur","Alexus",2022-11-01,325161,2,false,1130795251,2023-06-21T08:39:46Z,"liquid funk,drum and bass,jungle","Bastard Records",0.73,0.893,0,-10.759,1,0.0712,0.00303,0.804,0.0648,0.832,124.036,4
spotify:track:6W6gW2FrxH1O26v2DJH0ch,"Parabéns - Misa Negra Remix","Contrasts","Marcos Valle;Misa Negra",2004-10-01,496240,16,false,1130795251,2023-06-22T11:50:43Z,"bossa nova,brazilian jazz","Far Out Recordings",0.721,0.568,11,-11.661,0,0.0568,0.0315,0.922,0.162,0.848,108.581,4
spotify:track:2dxmP3FWtS8C3X8YAjfEtW,"My Funny Valentine - Francois K's Trippy Dub","My Funny Valentine","Big Muff",1998-06-01,411160,14,false,1130795251,2023-06-30T13:22:20Z,"nu jazz,lounge,trip hop","Nettwerk Music Group",0.761,0.834,10,-12.863,1,0.065,0.00568,0.9,0.142,0.946,123.029,4
spotify:track:6XFZl9SWgX3qXZdo8jNxzN,"Boju Boju - Terry Hunter Club Mix","Boju Boju (Terry Hunter Remixes)","David Agboola;Terry Hunter",2022-03-04,387898,0,false,1130795251,2023-07-03T08:05:04Z,"chicago house,ballroom vogue","Mirror Ball Recordings",0.826,0.68,7,-8.463,1,0.1,0.00826,0.707,0.0732,0.591,122.988,4
spotify:track:7uBJyifXZBfmicw9zNQEaq,"Can't Stop - Extended Mix","Can't Stop","Kentaro Takizawa;Lisa Shaw",2021-09-12,543706,1,false,1130795251,2023-06-30T13:30:18Z,"shibuya-kei,downtempo,afro tech","Haus It Feelin' Records",0.755,0.632,6,-7.142,0,0.0461,0.0025,0.00997,0.0408,0.967,125.009,4
spotify:track:6WkInCyLy4R9nMnd8xQaNp,"Malena","Malena","Fimiani;BPlan",2023-07-03,227055,20,false,1130795251,2023-07-03T11:59:11Z,"italo disco,disco house,nu disco,funky house","Toy Tonics",0.76,0.893,9,-7.403,1,0.0486,0.0468,0.524,0.0255,0.87,125.008,4
spotify:track:7qLvdgAWSNOPbSwskD8390,"Saranhe","The Life EP","Moments of Soul",2002,602426,1,false,1130795251,2023-08-15T12:03:09Z,"","Wave Music",0.675,0.889,0,-10.167,1,0.0401,0.015,0.914,0.0921,0.558,126,4
spotify:track:6eWIpvoOHraVUqfUYwXHFp,"Daylight - Slope Remix","Coast2coast: Karizma","1Luv",2007-10-22,391733,10,false,1130795251,2023-08-18T08:32:46Z,"nu jazz,uk funky","NRK",0.73,0.713,11,-8.486,0,0.0639,0.00341,0.33,0.0579,0.834,119.986,4
spotify:track:1zFdh7SMDs6V6Hz88SMCrN,"Pride - Yoruba Soul Mix","Pride","Osunlade;Nadirah Shakoor",2002,366720,0,false,1130795251,2023-08-31T10:30:51Z,"deep house,afro house,uk funky","Strictly Rhythm Records",0.826,0.684,4,-10.046,0,0.105,0.281,0.712,0.0942,0.505,125.004,4
spotify:track:4EJYNB33sPhaGy6coffk4o,"Alma Do Meu Coração","Alma Do Meu Coração","Soulidan",2021-09-10,347819,18,false,1130795251,2023-08-31T13:18:01Z,"jazz house","SOULIDAN",0.615,0.98,1,-5.684,1,0.0484,0.0179,0.922,0.0468,0.789,123.955,4
spotify:track:5OnXpUXJfArXpxWIskl1E1,"Praia - Yuksek Remix","Praia (Yuksek Remix)","Nathalie Duchene;Yuksek",2022-02-28,356507,34,false,1130795251,2023-08-31T15:07:22Z,"disco house,nu disco,italo disco,french house,french indie pop,funky house,indie dance","Toy Tonics",0.699,0.842,5,-8.049,1,0.0535,0.0132,0.923,0.574,0.863,121.017,4
spotify:track:6khiPXapuKJt8npyZXhL0Q,"Love's Got Me High - Marc Romboy's Systematic Soul Mix","Love's Got Me High (Systematic Presents Lost Treasures Vol. 1)","Terrence Parker;Marc Romboy",2011-10-26,401118,36,false,1130795251,2023-08-31T15:07:36Z,"disco house,funky house,minimal techno,melodic techno,techno,melodic house","Systematic Recordings",0.838,0.587,11,-9.536,0,0.0493,0.0251,0.0283,0.042,0.822,117.996,4
spotify:track:40eiz1003cXrXFRnMtBvIU,"Shinjuku Strut","Hustler's Lullaby","Rick Wade",2013-12-25,314181,51,false,1130795251,2023-08-31T15:08:18Z,"jazz house,lo-fi house,disco house,chicago house","UNKNOWN season",0.565,0.689,6,-12.278,0,0.0569,0.00745,0.777,0.0493,0.644,109.995,4
spotify:track:1P05DhMHCRv6mpiutYWRR3,"El Amor - Remastered","DJ Chus (Remixed)","DJ Chus;Joeski",2020-09-23,353346,10,true,1130795251,2023-08-31T15:30:16Z,"tribal house,latin house,afro house,tech house,afro tech","Stereo Productions",0.707,0.927,9,-8.919,1,0.0487,0.0199,0.773,0.528,0.486,123.996,4
spotify:track:0MXziafebkDAbKUv0SyU26,"Tourment d'Amour","Tourment D'Amour","Africanism;DJ Gregory",2000-03-02,432680,0,false,1130795251,2023-08-31T15:30:28Z,"french house,tribal house,latin house,afro house,uk funky,jazz house,afro tech","Yellow productions",0.804,0.859,8,-5.331,1,0.102,0.0153,0.0444,0.104,0.747,125.998,4
spotify:track:6uyEv3lidxAqrdwhytFRg0,"Let The Sun Shine - Purple Disco Machine Remix - TR581","Toolroom Radio EP581 - Presented by Mark Knight","Milk & Sugar;Purple Disco Machine",2021-05-17,317419,27,false,1130795251,2023-08-31T15:30:38Z,"disco house,funky house,nu disco,house","Toolroom",0.709,0.839,6,-8.22,0,0.115,0.0888,0.177,0.283,0.872,124.002,4
spotify:track:5MCdEuOORsXVDwDf4s1Rjp,"GUILI - Art Of Tones Remix","Guili Guili","Souleance",2022-05-27,336317,15,false,1130795251,2023-08-31T15:40:04Z,"","First Word Records",0.796,0.858,5,-8.792,0,0.0912,0.0419,0.345,0.498,0.967,122.012,4
spotify:track:61hMSnZJ8bFTSlcAILsFpj,"Brasil","Brasil","Bellaire",2023-02-24,297666,0,false,1130795251,2023-09-12T11:12:37Z,"jazz house,disco house,funky house,house","AOC Records",0.714,0.961,11,-5.738,1,0.0355,0.271,0.177,0.0704,0.574,126.003,4
spotify:track:74qjoKADpP5REYcNXzcgmv,"Simmer Down - House Vox Mix","Simmer Down","Everyday People",2002-02-18,465720,5,false,1130795251,2023-09-22T13:37:54Z,"","Papa Records",0.877,0.581,6,-8.168,1,0.0777,0.000838,0.0028,0.0401,0.963,125.002,4
spotify:track:4oNNWgfEscsqSbMFwmaYeo,"Green Gold - Original Mix","Green Gold","Spiritual South",2003-03-11,450706,0,false,1130795251,2023-10-03T12:52:02Z,"nu jazz","Afro Art Records",0.832,0.779,11,-13.657,0,0.0628,0.0257,0.892,0.154,0.627,126.005,4
spotify:track:0IP9U6sTH3BBbmczskyxvm,"Sambassim - DJ Patife Remix","Cool Steps Drum 'n' Bass Grooves","DJ Patife",2013-07-24,216440,51,false,1130795251,2023-10-06T10:12:39Z,"jungle,drum and bass,liquid funk","Trama",0.758,0.76,6,-8.783,0,0.224,0.164,0.000673,0.125,0.534,177.05,4
spotify:track:21vQj33c7TWCezrKsrIObq,"The Mystery Of Man - 4Hero Remix","Brasil Bam Bam Bass (Gilles Peterson Presents Sonzeira)","Sonzeira",2015-04-03,303546,2,false,1130795251,2023-12-28T10:40:20Z,"","EMI",0.806,0.93,9,-3.433,1,0.0797,0.357,0.0973,0.253,0.868,113.96,4
spotify:track:5R8hDjJEWdTLg0aFWkEyKI,"Butterflies - Restless Soul's Soul Heaven Mix","Butterflies (2021 Remastered Edition)","Reel People;Dyanna Fearon;Phil Asher",2021-02-25,446933,33,false,1130795251,2024-01-24T21:37:49Z,"acid jazz,funky house,nu disco,disco house,nu jazz","Papa Records",0.801,0.723,1,-10.195,1,0.0479,0.00306,0.0284,0.12,0.933,127.004,4
spotify:track:5lm8r79RJGhLcCr78HqZzx,"Rescue Me - Magic Session","Rescue Me","Sunkids;Chance",2000-01-01,484973,0,false,1130795251,2024-01-27T15:57:22Z,"funky house,disco house,chicago house","Music 4me",0.871,0.537,9,-10.715,0,0.0553,0.0101,0.0722,0.0873,0.641,126.037,4
spotify:track:0pg1j76JRH4mhHthGHcwZc,"Holiday - DJ Spinna Vocal Remix","Virgin Ubiquity: Remixed","Roy Ayers;Dj Spinna",2018-12-01,417253,8,false,1130795251,2024-02-02T14:54:02Z,"jazz funk,acid jazz,funk","BBE Music",0.757,0.666,10,-6.443,0,0.0943,0.0801,0.0477,0.4,0.803,92.005,4
spotify:track:2mfHuw3opleKqI5ekv37Xc,"Samba Sopa","Samba Sopa","Marc Cotterell",2022-07-29,410000,1,false,1130795251,2024-02-20T13:13:33Z,"jazz house,funky house,uk garage,disco house","Plastik People Digital",0.386,0.893,11,-6.074,0,0.141,0.0722,0.806,0.0533,0.792,246.527,4
spotify:track:5ltZxrxPav4lK3z6bybJuA,"Sundown - Chris Coco Sueño Mediterráneo Remix","Sundown","Residentes Balearicos;DJ Alfredo;Chris Coco",2021-09-17,431365,5,false,1130795251,2024-03-26T10:50:00Z,"smooth jazz","Cala Tarida Musica",0.776,0.53,7,-13.241,0,0.0525,0.124,0.87,0.0843,0.701,113.513,4
spotify:track:0Ee03AM5U81uCkkOj0GdTU,"Deusa","Loopholes","Bruk Rogers;Onj;Roberta Silva",2024-04-26,293876,0,false,1130795251,2024-05-04T12:37:44Z,"nu jazz,liquid funk,drum and bass,jungle","Tru Thoughts",0.61,0.915,9,-5.798,0,0.0958,0.0126,0.0111,0.374,0.593,124.884,4
spotify:track:6x4DPN96EdYPys4R3mVaEd,"Summer Love - Original Mix","Feelings / Summer Love","Discosour",2019-07-19,400670,0,false,1130795251,2024-06-04T11:08:00Z,"","Vamos Music Talents",0.768,0.847,11,-3.503,0,0.0333,0.0286,0.263,0.08,0.647,120.019,4
spotify:track:6tFemTpQF9dhbA376P12qt,"Amigo Branco - Bernardo Pinheiro Remix","Amigo Branco / Tambourine (Remixes & Reedits)","Marcia Maria;Bernardo Pinheiro",2022-02-14,411789,23,false,1130795251,2024-07-23T10:59:42Z,"brazilian jazz,bossa nova,nu disco","Mr. Groove Records",0.763,0.658,4,-7.727,0,0.171,0.0331,0.449,0.629,0.578,95.004,4
spotify:track:0tiRgR45bR2wfmuevj7k3v,"Beautiful Sounds","House Rules","The Skizo Project",2008-08-08,353200,1,false,1130795251,2024-07-23T14:01:40Z,"","Kalawa Jazmee",0.611,0.846,10,-5.277,0,0.0323,0.00062,0.0566,0.344,0.857,122.989,4
spotify:track:2fqbDg8XOoJBpFQjT8g7k1,"We Move","We Move","Wez Whynt;Hannah Khemoh",2024-07-19,364878,2,false,1130795251,2024-08-02T09:20:04Z,"funky house","Househead London",0.88,0.672,4,-7.221,0,0.0901,0.0031,0.0656,0.0498,0.454,123.011,4
spotify:track:7b70AVqhYNSevrQWVGED1Q,"Casa Forte (Joe Claussell's Spiritual Samba Remix)","Brasil Do Brazil","Snowboy;Joaquin ""Joe"" Claussell",2014-06-17,717160,0,false,1130795251,2024-09-03T21:12:19Z,"acid jazz,jazz funk,latin jazz,jazz house,latin house","Ubiquity Records",0.597,0.914,10,-8.509,0,0.0619,0.000536,0.271,0.152,0.591,130.009,4
spotify:track:2ExJs69oqbTqaSe0qaW7hf,"Tabu - Caribbean Dub","Ritmo Fantasía: Balearic Spanish Synth-Pop, Boogie And House (1982-1992)","Bianca",2021-11-26,313493,30,false,1130795251,2024-09-17T13:25:56Z,"italo disco","Soundway Records Ltd",0.685,0.697,5,-9.625,0,0.0369,0.00123,0.854,0.0965,0.838,124.055,4
spotify:track:6IN2IjHxAKIQBVaudMXVdd,"Rhythms of Africa - Matt Early & Lee Jeffries Jazzfonic Remix","Rhythms of Africa","Matt Early;Lee Jeffries",2024-08-14,228855,0,false,1130795251,2024-09-04T08:23:26Z,"disco house,northern soul","Sonic Wax Records",0.652,0.943,5,-5.792,0,0.0449,0.0102,0.000614,0.0553,0.531,123.994,4
spotify:track:5rKW97Tqn5UMYCqd9jPT4J,"Laberinto","Laberinto","PERIKAS",2024-06-12,250550,20,false,1130795251,2024-09-17T13:44:42Z,"","Mr Bongo",0.647,0.721,5,-8.596,0,0.0337,0.0906,0.883,0.119,0.837,103.041,4
spotify:track:1s1FjYNl4DYUiSG66JCQ9Q,"Maracatueira - Incognito Remix","Maracatueira (Incognito Mixes)","Sabrina Malheiros",2005,432040,2,false,1130795251,2024-10-01T10:54:23Z,"bossa nova,brazilian jazz,latin jazz,nu jazz","Far Out Recordings",0.725,0.704,2,-12.855,1,0.0518,0.00858,0.917,0.133,0.685,121.993,4
spotify:track:7uBm859mwM2rtKT6u5VzBB,"Free - Dave Lee Re-Grooved Mix","Remixed with Love by Dave Lee (Selected Works)","Deniece Williams;Dave 'Love' Lee",2021-12-17,457168,17,false,1130795251,2025-01-07T17:00:29Z,"disco house,nu disco,funky house,disco","Legacy Recordings",0.655,0.548,6,-7.738,1,0.0367,0.399,0.0000651,0.322,0.612,94.98,4
spotify:track:5h1xmefdnY2Y4zld4jnvoE,"Madan - Remix","Moffou (20th Anniversary Edition)","Salif Keita;Martin Solveig",1992,193173,59,false,1130795251,2025-02-04T17:32:41Z,"afro house,afropop,french house","Universal Music Division Decca Records France",0.77,0.846,7,-5.532,0,0.0359,0.00828,0.719,0.048,0.961,127.981,4
spotify:track:1XeNSq64mi9oS5TWxJftvm,"Love & Happiness (Yemeya Y Ochun) - feat. India - MAW Original Remix - Extended","Love And Happiness (feat. India - MAW 2007 Mixes)","River Ocean;LA INDIA;Masters At Work",2007-07-23,736146,15,false,1130795251,2025-02-18T15:45:14Z,"latin house,chicago house,salsa,merengue,ballroom vogue","Strictly Rhythm Records",0.503,0.884,7,-6.158,1,0.0915,0.00509,0.423,0.331,0.325,128.01,4
spotify:track:2WalHDnyD8RVLwd2cBRQzl,"Day by Day","Six Degrees","Mark de Clive-Lowe;Cherie Mathieson",2000-01-07,295466,26,false,1130795251,2025-05-13T08:55:30Z,"nu jazz,acid jazz","Mashibeats",0.734,0.656,11,-10.899,0,0.042,0.11,0.331,0.0944,0.413,105.006,4
spotify:track:4e5DKMfTJNGy38goAdEPqM,"Love Revolution - John Beltran's Soul Disco Mix","Love Revolution","Sol Set",2025-04-25,427680,5,false,1130795251,2025-06-20T11:17:21Z,"","All Good Music",0.771,0.742,0,-8.14,1,0.0378,0.604,0.00313,0.144,0.803,114.018,4
spotify:track:7m65kfDEFL9MjFSDT1lJVS,"How Do I Let Go - Extended Mix","The World As I See It","Dennis Ferrer;K.T. Brooks",2007-02-20,421746,49,false,1130795251,2025-06-20T20:03:29Z,"uk funky,deep house,funky house,house,afro house","King Street Sounds",0.856,0.807,11,-8.004,1,0.0408,0.0143,0.145,0.0573,0.986,124,4
spotify:track:11pdKnMVg9v6GmMNw0t8Xg,"Sing It Back - Afro Mix","Sing It Back","Dj Hermes;Fly",2022-05-13,542000,43,false,1130795251,2025-07-29T11:16:17Z,"latin house,afro house","Nervous Records",0.775,0.59,10,-9.342,0,0.0459,0.000641,0.52,0.107,0.695,124.023,4
spotify:track:4ch0ejqrSwJrotLroa9mXn,"Everybody Loves The Sunshine","Second Nature","Netsky;Daddy Waku;Chantal Kashala",2020-10-30,200930,62,false,1130795251,2025-08-05T15:15:59Z,"drum and bass,liquid funk,chillstep","Hospital Records",0.531,0.865,6,-4.023,0,0.0494,0.000818,0.00991,0.104,0.0919,171.855,4
spotify:track:1o3Ah2YluwQxETcVWzbSTd,"I Know You, I Live You - Joey Negro Remix - Grant Nelson Re-Visit","Joey Negro Presents on a Soulful Tip Vol.2","Yolanda Wyns;Dave 'Love' Lee;Grant Nelson",2013-06-10,425196,17,false,1130795251,2025-08-06T12:02:35Z,"disco house,funky house,nu disco,disco,uk garage","Z Records",0.739,0.802,9,-6.474,0,0.0751,0.000721,0.00817,0.0346,0.869,126.973,4
spotify:track:2jdIHgrQQYX84i8RvPXwEf,"Diamond Life - Dance Ritual Mix","Diamond Life","Louie Vega;Jay 'Sinister' Sealee;Julie McKnight",2002-10-01,532133,23,false,1130795251,2025-08-19T19:47:41Z,"chicago house,deep house,latin house,house,disco house","4 To The Floor Records",0.854,0.732,9,-8.005,1,0.0423,0.000517,0.0116,0.0361,0.967,124.023,4
spotify:track:1AYiU9FfDyGcYcQ7237fuN,"For The Love Of You - Frankie Feliciano Ricanstruction Vocal Mix","For The Love Of You","D'Moov;Nicole Henry;Frankie Feliciano",2010-04-01,433729,40,false,1130795251,2025-09-03T09:35:22Z,"funky house,uk funky,vocal jazz,jazz,jazz pop,jazz house","Foliage Records",0.699,0.654,6,-12.497,0,0.0487,0.00532,0.247,0.0491,0.641,125.013,4
spotify:track:5ZFbzgCUckr01PHaVSHvEg,"Havana","Havana","Eric Kupper presents Organika",2000,645706,13,false,1130795251,2025-09-16T21:38:43Z,"latin house","Wave Music",0.824,0.769,9,-9.43,0,0.0609,0.00948,0.879,0.0589,0.798,125.996,4
spotify:track:1eZerqJzuStVYp7ZpF4n2p,"How Long Have You Been Away? - Extended","How Long Have You Been Away?","kryptogram",2021-01-15,287595,38,false,1130795251,2025-09-24T14:41:49Z,"disco house,funky house","kryptogram",0.808,0.787,11,-6.721,0,0.0492,0.0393,0.697,0.093,0.827,122.999,4
spotify:track:4e7Qpo1Q8CtRmnOdB1Atep,"We Are One - Jazz-N-Groove Hands Up Vocal","We Are One","Urban Blues Project;Bobby Pruitt;Jazz N Groove",2001-11-13,410644,34,false,1130795251,2025-09-30T20:43:52Z,"disco house,funky house,chicago house","Soulfuric Recordings",0.7,0.74,2,-8.883,1,0.0529,0.000652,0.282,0.0715,0.493,127.006,4
spotify:track:4T3woG5K3zsV4CONk9MZ0g,"Love Don’t Live - The U.B.P. Classic Club Mix","Love Don’t Live","Urban Blues Project;Michael Procter",1996-05-10,510000,35,false,1130795251,2025-09-30T20:44:24Z,"disco house,funky house,chicago house,renaissance","Soulfuric Recordings",0.761,0.64,7,-7.992,1,0.0681,0.0149,0.0129,0.0464,0.611,121.216,4
spotify:track:5AGp2Y4f3c3z8xecQj7AJR,"Shine - Freemasons Club Mix","Dance Vault Mixes - Shine","Luther Vandross;Freemasons",2006-01-01,457680,31,false,1130795251,2025-09-30T20:45:11Z,"quiet storm,soul,classic soul,funky house,disco house","J Records",0.668,0.964,9,-4.998,1,0.229,0.00434,0.0000165,0.438,0.731,124.015,4
spotify:track:6uGTm8y4gFJekWNrgI1OJO,"Grace - Reel People Vocal Mix","Nobody / Grace","Portia Monique;Reel People",2014-09-29,326500,34,false,1130795251,2025-10-09T14:29:23Z,"acid jazz,funky house","Reel People Music",0.819,0.542,11,-11.23,0,0.0402,0.0146,0.446,0.0814,0.53,119.988,4
spotify:track:2oxNexjkUggMfNAB65E1kV,"Mi Congo te Llama - Sacred Rhythm Dance Version","Hammock House: Africa Caribe","Joaquin ""Joe"" Claussell;Eddie Palmieri",2011-05-17,419000,16,false,1130795251,2025-10-11T10:31:26Z,"jazz house,latin house,acid jazz,latin jazz,salsa,afro-cuban jazz,son cubano,mambo,cha cha cha","Fania",0.606,0.822,9,-9.429,0,0.0427,0.327,0.591,0.0887,0.555,121.98,4
spotify:track:6xATUKF9VxzmEpM2kFLBma,"Siembra - Joe Claussell Remix","Siembra (Special Edition)","Willie Colón;Rubén Blades;Joaquin ""Joe"" Claussell",2010-06-08,610920,15,false,1130795251,2025-10-11T10:36:12Z,"salsa,merengue,son cubano,latin jazz,jazz house,latin house,acid jazz","Fania",0.546,0.902,5,-7.412,0,0.0475,0.0656,0.0408,0.214,0.788,115.629,4
spotify:track:3K7Jv1f1lOg7Qkbyo8Z7aF,"Found Love - Fanatix Vocal Mix","Found Love","Blaze;Fanatix",2004-01-09,537373,5,false,1130795251,2025-10-25T13:11:48Z,"chicago house,funky house,disco house,house","Slip 'n' Slide",0.765,0.71,1,-8.182,1,0.0501,0.0182,0.00232,0.0722,0.891,124.011,4
spotify:track:0GjNbT5RmUXtPUNTjtPt5C,"Somethin’ Here - Original Mix","Somethin’ Here (Original Mix)","Terrence Parker",2017-07-07,310613,66,false,1130795251,2025-10-27T21:06:17Z,"disco house,funky house","Big Beat Records/Atlantic",0.956,0.575,4,-9.354,1,0.0717,0.162,0.853,0.0577,0.907,130.084,4
spotify:track:7DFEVYd9AlErl6XE9SuiPE,"Fantasy Come True - Jazzy Fantasy","Fantasy Come True (E Smoove Remixes)","Andrea Mendez",2019-02-15,360500,1,false,1130795251,2025-11-13T17:10:47Z,"","GRAND Music",0.801,0.669,9,-10.733,0,0.0606,0.0105,0.27,0.0442,0.689,126.084,4
spotify:track:74hNJkpZZmSELS8mQQHKlR,"Illusions - 12"" Version","Illusions","DJ Dove",2018-05-04,516228,23,false,1130795251,2025-11-17T12:13:00Z,"disco house","4 To The Floor Records",0.773,0.961,11,-5.928,0,0.0715,0.000774,0.882,0.0382,0.495,121.484,4
spotify:track:6OPS3H8Hj1syxx3douGMmU,"Back & Forth","Back & Forth","Titiyo;Kenny Dope Gonzales;Louie Vega",1993,354267,8,false,1130795251,2025-11-18T16:47:52Z,"swedish pop,chicago house,deep house,latin house,house,disco house","WM Sweden",0.758,0.873,1,-5.222,1,0.0421,0.123,0.00182,0.605,0.668,122.912,4
spotify:track:764V6qcjHHNda2XXHoe3nc,"We Gonna Make It - Coflo's Soulful Take","We Gonna Make It","Coflo;Lee Wilson",2025-11-28,322857,14,false,1130795251,2026-01-05T09:09:58Z,"nu disco,funky house,disco house","Local Talk",0.708,0.781,7,-8.215,0,0.0645,0.0169,0.00544,0.0255,0.942,124.997,4
spotify:track:7hxfXpNDpdpitl2Upf3mM5,"Got 2 Be Loved - Extended Mix","Got 2 Be Loved (Extended Mix)","Soul Reductions",2017-09-08,436235,49,false,1130795251,2026-01-05T13:41:09Z,"disco house,funky house,nu disco","Classic Music Company",0.839,0.877,11,-6.108,0,0.0366,0.0174,0.704,0.0405,0.607,122.001,4
spotify:track:63IgbFgnPSWCQWzyH3ipAs,"You Are In My System - Club Mix","You Are In My System","Kerri Chandler;Dennis Quin;Troy Denari",2023-09-15,185742,72,false,1130795251,2026-01-08T13:24:26Z,"house,chicago house,deep house","Kaoz Theory",0.735,0.853,3,-5.109,0,0.0391,0.0258,0.000289,0.0714,0.698,128.004,4
spotify:track:1jlw7k2To0A1YCzTMq73Nc,"LA Sunshine - Original Mix","Joey Negro presents It's a Summer Groove Vol.3","Aura",2012-08-13,425786,7,false,1130795251,2026-01-15T10:57:26Z,"","Z Records",0.599,0.472,2,-10.42,1,0.035,0.00954,0.08,0.336,0.786,127.192,4
spotify:track:5ErtaPbF2sctlFyNKbym8X,"Wasted Time - Micky More & Andy Tee Extended Mix","Wasted Time (Micky More & Andy Tee Mixes)","Reverendos Of Soul;Sheree Hicks;Micky More & Andy Tee",2025-06-06,427738,5,false,1130795251,2026-01-19T18:05:01Z,"disco house,nu disco,funky house,acid jazz","Groove Culture",0.781,0.67,7,-5.894,1,0.0545,0.000631,0.0785,0.0653,0.386,121.996,4
spotify:track:4XZZmi5gdXnlHc71vIlndo,"You've Got to Have Freedom - Sos Remix","The Remix Strikes Back","Uptown Funk Empire;Janice;Ange;SOS",2012-12-07,387880,8,false,1130795251,2026-02-06T15:11:51Z,"acid jazz,jazz funk,funk,big beat","Patchworks Productions",0.871,0.615,4,-7.731,0,0.0557,0.00231,0.145,0.0481,0.953,124.01,4
spotify:track:6MeF1Wzke50yHc5VVEVWlX,"Sarabarlia","Sarabarlia","Saltywax",2023-03-24,380163,10,false,1130795251,2026-02-08T14:08:34Z,"nu disco,funky house,disco house","Zissou Records",0.809,0.839,4,-7.622,0,0.0507,0.0472,0.773,0.0386,0.801,117.003,4
spotify:track:4TGQmiaUvWGJx74dhFls2c,"Beau Mot Plage - Freeform Reform Parts I & II","Beau Mot Plage","Isolée;Freeform Five",1999-01-01,634763,24,false,1130795251,2026-02-09T21:11:58Z,"idm,minimal techno,electroclash","4 To The Floor Records",0.778,0.81,7,-10.51,1,0.0661,0.0837,0.875,0.333,0.817,127.989,4
spotify:track:37XKDUTGsovB6As2ffVVw1,"On My Way - Longer Version","On My Way","Kerri Chandler",2003-01-01,451033,25,false,1130795251,2026-02-21T23:38:12Z,"house,chicago house,deep house","King Street Sounds",0.743,0.868,11,-6.624,0,0.0536,0.00359,0.0923,0.0427,0.762,124.012,4
spotify:track:3y9Jsd6rcJ5JlcKKLM2B2N,"Messin' With My Mind - Crackazat Extended Remix","Messin' With My Mind (Crackazat Remix)","The Thompson Project;Crackazat;Gary L",2025-02-28,391801,9,false,1130795251,2026-03-04T12:04:21Z,"disco house,nu disco,funky house,lo-fi house,jazz house,chicago house","Soulfuric Recordings",0.722,0.794,4,-5.608,0,0.0404,0.0634,0.141,0.0474,0.851,123.998,4
spotify:track:1nBpJpmHdPQtAbQAsCnhj6,"Love Remains The Same - Dub Remains The Same","Love Remains The Same - Single","Luisito Quintero;Blaze",2007-01-22,628400,2,false,1130795251,2026-03-12T13:45:25Z,"latin jazz,latin house,chicago house,funky house,disco house,house","Vega Records",0.791,0.877,11,-9.912,0,0.0455,0.00901,0.467,0.0697,0.427,127.998,4
spotify:track:1qXgGtSTq7EqHQXdkkawWp,"Another Time - universal mix","Bottom Line Records Retrospective","Ed The Red;Flow;Ed ""The Red"" Goltsman;Nelson ""Paradise"" Roman",2017-09-13,403260,10,false,1130795251,2026-03-24T15:32:59Z,"","Bottom Line Records",0.7,0.474,7,-10.64,0,0.0617,0.000142,0.168,0.0769,0.653,119.061,4
spotify:track:1u3t1h9etc2i3yjyNxGILp,"Loving At First Sight - Vocal Mix","Loving At First Sight","Fouk;Debórah Bond",2024-08-09,333454,6,false,1130795251,2026-03-20T11:47:45Z,"jazz house,funky house,lo-fi house,disco house,nu disco,neo soul","Reel People Music",0.701,0.79,0,-7.965,1,0.0766,0.00804,0.113,0.0396,0.764,121.995,4
spotify:track:2gY59GXTCwak7kFijPRxMj,"Make Me Feel - Aaron's Jazzy Dub","90’s House & Garage Vol. 3 - Compiled by Jeremy Underground","A-Factor;Lisa Arias",2025-09-11,355091,10,false,1130795251,2026-03-25T14:14:11Z,"","Z Records",0.759,0.843,7,-8.08,1,0.0896,0.000434,0.557,0.0394,0.569,122.526,4
spotify:track:5fQdk2X2pa1KyCS9PtZT41,"Holy Dance - Large Sound Mix","Welcome to Paradise (Italian Dream House 89-93) Vol. 1 & 2","Agua Re",2017-03-24,296000,38,false,1130795251,2026-03-25T14:14:54Z,"","Safe Trip",0.801,0.913,9,-8.574,0,0.0508,0.139,0.846,0.112,0.746,121.963,4
spotify:track:0CkydSJSLZW3xJQkryUnTy,"Today - K Chandler Mix","90’s House & Garage Vol. 3 - Compiled by Jeremy Underground","Deep Inside;Kerri Chandler",2025-09-11,315048,7,false,1130795251,2026-03-25T14:35:59Z,"chicago house,house,deep house","Z Records",0.802,0.873,9,-8.742,1,0.0746,0.000211,0.288,0.0821,0.324,124.974,4
spotify:track:1WINXf6hgmC0kwf02scfue,"Feelin' Good Tonight - Shapes Mix","Feelin' Good Tonight","Louie Vega;Willy Soul;Funki Cadets",2025-10-31,355333,16,false,1130795251,2026-03-30T17:39:20Z,"chicago house,deep house,latin house,house,disco house","Vega Records",0.73,0.956,0,-5.798,1,0.0723,0.00313,0.876,0.0958,0.706,125.001,4
spotify:track:442JXElLtyl2JswWsTTSem,"Into Life - Glenn Underground's Kma Kiss My Fusion Mix","Into Life","The Rurals;Jaidene Veda",2011-02-25,470910,5,false,1130795251,2026-04-06T15:16:07Z,"acid jazz,jazz house,nu jazz,afro tech,afro house","Peng",0.79,0.388,5,-15.164,0,0.098,0.0907,0.82,0.0582,0.961,123.013,4
spotify:track:1bUZjhBFgVs2lJGDDila0C,"Dizzy Guitar - Extended Mix","Dizzy Guitar","Raffaele Ciavolino",2023-08-25,338360,29,false,1130795251,2026-04-06T15:17:25Z,"jazz house,funky house,disco house,nu disco,jazz funk","Groove Culture Deep",0.807,0.934,8,-7.884,1,0.052,0.0574,0.627,0.106,0.65,122.001,4
spotify:track:0wlly5lQtgvFgoj3pj0BKK,"Escravos De Jo - Bahian Breeze","Escravos De Jo","Kerri Chandler;Jerome Sydenham;Joaquin ""Joe"" Claussell",1996-01-01,284494,2,false,1130795251,2026-04-13T10:07:05Z,"house,chicago house,deep house,jazz house,latin house,acid jazz","Kerri Chandler",0.507,0.886,10,-5.795,0,0.181,0.00164,0.444,0.0629,0.37,118.951,4
spotify:track:5cTJ8XlLcJK2YZ9KtNPpB4,"Carnaval de Sao Vicente - Jazzy Carnaval Mix","Cesaria Evora remixes by François K. & Joe Claussel","Cesária Evora;Francois K;Joaquin ""Joe"" Claussell",1999-08-23,636160,23,false,1130795251,2026-04-15T12:28:23Z,"fado,chicago house,jazz house,latin house,acid jazz","Lusafrica",0.693,0.958,7,-5.678,0,0.0777,0.0255,0.0303,0.114,0.841,106.499,4
spotify:track:6i8CoHfZNSIqLElllqltQ8,"Orisa - Atjazz Love Soul Remix","More Than a Remix","Havana Cultura Band;Atjazz",2012,399506,5,false,1130795251,2026-05-08T09:32:19Z,"nu jazz,jazz house,deep house,acid jazz","R2 Records",0.773,0.704,10,-12.557,0,0.053,0.26,0.438,0.0648,0.232,122.01,4
spotify:track:6n3zhTrnekUwQzTHEOmQrq,"Motf","Motf","Cengiz",2024-04-26,390034,13,false,1130795251,2026-05-14T19:31:13Z,"nu jazz","Dance Regular",0.414,0.852,5,-4.669,0,0.0817,0.0111,0.917,0.0513,0.916,174.882,5
spotify:track:3jGitVFlA8BMgzcIRyWGgB,"What you need","What You Need/A Little Piano","Soft House Company",2020-07-02,313773,36,false,1130795251,2026-05-14T19:31:43Z,"acid house,chicago house","Irma Dancefloor",0.794,0.644,0,-13.821,0,0.0702,0.0625,0.0763,0.0883,0.931,119.802,4
spotify:track:7zNOdNez1qWclP10sfQe32,"Gloria’s Muse (The Yoga Song) - Danny Krivit 718 Mix","Gloria’s Muse (The Yoga Song)","Blaze;Danny Krivit",2005-09-02,581466,6,false,1130795251,2026-05-20T15:51:39Z,"chicago house,funky house,disco house,house,nu disco","Slip 'n' Slide",0.68,0.685,10,-8.296,0,0.0332,0.0221,0.845,0.0848,0.381,126.009,4
spotify:track:0Wj1liJHbn6W6ATx4Hzoqc,"Summertime Breeze","Sceneries Not Songs, Volume 1","Larry Heard",1994-03-01,462480,34,false,1130795251,2026-05-22T12:04:32Z,"chicago house,acid house,jazz house","Alleviated Records",0.752,0.508,4,-10.31,0,0.0447,0.00807,0.921,0.113,0.301,98.988,4
spotify:track:7ts7Z6IW6zSsSPO2UEgnY8,"Teu Sorriso - Jex Opolis Remix","Claremont 56: 10 Years, Pt. 1","Paraíso;Jex Opolis",2017-07-01,429913,50,false,1130795251,2026-05-27T12:21:44Z,"acid house","Claremont 56",0.801,0.707,5,-9.043,1,0.0751,0.00219,0.786,0.0414,0.755,115.007,4
spotify:track:3Cz25r47X2CkGO2pMjZQOO,"Simple Things - Sacred Rhythm Remix","Simple Things","Dj Roland Clark;Joe Clausell",2005,828813,10,false,1130795251,2026-06-08T10:51:30Z,"","Delete Records",0.599,0.88,10,-6.341,0,0.0403,0.00859,0.45,0.0661,0.594,124.005,4
spotify:track:1Y5Iq070TALg3wFy5igJw4,"Flight - Nulife Vocal Mix","Flight","Studio Apartment;Monique Bingham;Frankie Feliciano",2026-05-25,452631,21,false,1130795251,2026-06-08T11:19:53Z,"afro house,afro tech,jazz house,funky house","King Street Sounds",0.77,0.807,1,-7.389,1,0.062,0.0383,0.303,0.0671,0.726,126.003,4
spotify:track:2MexGss9NRFv2eJ6FAOY6q,"Shine - Shelter Vocal Extended Mix","Shine","Blaze;Palmer Brown",2001-01-01,400812,8,false,1130795251,2026-06-08T11:21:10Z,"chicago house,funky house,disco house,house","King Street Sounds (BEAT Music Fund)",0.701,0.664,0,-8.577,1,0.0372,0.00274,0.719,0.54,0.881,126.016,4
